Name,Team,Level,Age,IP,K/9,BB/9,K/BB,HR/9,K%,BB%,K-BB%,AVG,WHIP,BABIP,LOB%,ERA,FIP,E-F,xFIP,PlayerId
Casey Lawrence,SEA,AAA,38,108.2,5.631902367705584,1.3251534982836668,4.25,1.2423314046409377,0.15315315,0.03603604,0.11711712,0.27868852,1.2423314046409377,0.30232558,0.75652174,3.9754604948510006,4.96073461776172,-0.9852741229107198,4.901862163181605,11121
Brandon Leibrandt,CIN,AAA,33,77,6.779220779220779,2.688311688311688,2.52173913,1.87012987012987,0.17575758,0.06969697,0.10606061,0.29641694,1.4805194805194806,0.32188841,0.77510917,4.675324675324675,5.622709551724521,-0.9473848763998456,5.400878810766456,16135
Elieser Hernandez,ATL,AAA,31,76.1,8.489083535079192,3.183406325654697,2.66666667,1.532751193833743,0.21621622,0.08108108,0.13513514,0.28947368,1.5065503187254738,0.34246575,0.74898785,4.834061457475651,4.9990494668785,-0.1649880094028484,5.091936418829215,16933
Cole Irvin,LAD,AAA,32,87.1,4.843511732466122,3.9160307624194175,1.23684211,0.41221376446520186,0.11928934,0.0964467,0.02284264,0.2816092,1.5572519990907625,0.31649832,0.72254335,3.5038169979542158,5.047701289591124,-1.5438842916369087,6.251923947522112,19244
Jhonathan Diaz,SEA,AAA,29,85,7.094117647058823,3.388235294117647,2.09375,1.3764705882352941,0.17447917,0.08333333,0.09114583,0.2816092,1.5294117647058822,0.31716418,0.62176166,5.823529411764706,5.630817525527057,0.19271188623764868,5.5738063661491175,20298
Bruce Zimmermann,STL,AAA,31,78.2,9.610170734233629,2.402542683558407,4,1.6016951223722713,0.25688073,0.06422018,0.19266055,0.25901639,1.2711866050573581,0.31400966,0.7985258,3.775424217020354,4.548749744861317,-0.7733255278409628,4.025939882609649,20370
Randy Dobnak,SEA,AAA,31,80.2,5.466941933318921,2.789256088428021,1.96,0.6694214612227251,0.13960114,0.07122507,0.06837607,0.28526646,1.438016472256224,0.3219697,0.68062827,4.351239497947713,4.835517210853326,-0.4842777129056133,4.939993698079498,23798
Noah Davis,PIT,AAA,29,88,7.7727272727272725,4.295454545454546,1.80952381,0.9204545454545454,0.19191919,0.10606061,0.08585859,0.25581395,1.4772727272727273,0.30501931,0.69858713,4.5,4.90680046081543,-0.40680046081542987,5.578281940282746,25862
Joey Estes,OAK,AAA,24,82,6.804878048780488,4.609756097560975,1.47619048,2.0853658536585367,0.16756757,0.11351351,0.05405405,0.27469136,1.5975609756097562,0.28806584,0.66420664,6.585365853658536,7.131391413618879,-0.5460255599603432,6.376633947869627,26257
Bradley Blalock,MIA,AAA,25,77.2,8.806868106284487,3.8240348356235274,2.3030303,1.9699573395636352,0.22222222,0.09649123,0.12573099,0.26143791,1.454935812880332,0.29577465,0.65075922,6.1416317056983925,5.810770716389047,0.33086098930934504,4.70748577731896,26419
CJ Van Eyk,TOR,AAA,27,78.1,6.434042970960444,2.872340612035913,2.24,0.6893617468886191,0.17125382,0.0764526,0.09480122,0.25838926,1.302127744122947,0.30084746,0.68647541,3.7914896078874047,4.208396249428334,-0.4169066415409288,5.129335165079321,27568
Davis Daniel,CIN,AAA,29,84.1,8.537549922026377,3.415019968810551,2.5,1.2806324883039566,0.22099448,0.08839779,0.13259669,0.25460123,1.363636445879213,0.3034188,0.71428571,4.802371831139837,4.7650021162192395,0.037369714920597374,4.585622217904525,27582
Logan Allen,CLE,AAA,27,80,10.6875,3.4875,3.06451613,1.35,0.27065527,0.08831909,0.18233618,0.2611465,1.4125,0.33816425,0.72407045,4.3875,4.49430046081543,-0.10680046081543004,4.305204162746668,27589
Andry Lara,WSN,AAA,23,79,7.405063291139241,3.0759493670886076,2.40740741,1.5949367088607596,0.18786127,0.07803468,0.10982659,0.25949367,1.379746835443038,0.28691983,0.63852814,5.810126582278481,5.329268815245809,0.48085776703267147,4.996369560911686,27967
Brett Kerry,LAA,AAA,27,81,8.777777777777779,3.2222222222222223,2.72413793,1.8888888888888888,0.20050761,0.07360406,0.12690355,0.33425414,1.8518518518518519,0.39097744,0.58823529,7.555555555555555,5.911427547313549,1.6441280082420064,4.972471186739427,29826
Jackson Wolf,SDP,AAA,27,79.2,8.698745880605259,3.7280339488308254,2.33333333,1.2426779829436085,0.20980926,0.08991826,0.11989101,0.27300613,1.5313809486779821,0.32773109,0.65445026,5.648536286107311,5.3543225044484055,0.29421378165890566,5.356810560379353,29832
Dom Hamel,NYY,AAA,27,79,7.405063291139241,4.89873417721519,1.51162791,1.5949367088607596,0.17520216,0.11590296,0.05929919,0.28482972,1.7088607594936709,0.31967213,0.589701,6.949367088607595,6.012813119043278,0.9365539695643168,6.17263841821423,30153
Jake Palisch,CHW,AA,27,80.2,4.128099694130599,3.68181864611648,1.12121212,1.0041323580317674,0.10054348,0.08967391,0.01086957,0.3033033,1.6611572342747756,0.32055749,0.61588331,5.578513100176485,5.444352241038295,0.13416085913818954,5.694160498906228,31598
Carson Whisenhunt,SFG,AAA,25,77.1,9.543104075931948,4.306034765969294,2.21621622,0.4655172719966804,0.23906706,0.10787172,0.13119534,0.25165563,1.461206992656247,0.33333333,0.70915619,4.422414083968464,4.090705973016239,0.3317081109522251,4.999012654413516,31676
Owen Murphy,ATL,"AA,AAA",22,81,10.222222462930148,4.222222321645061,2.42105263,1.444444478457521,0.27138643,0.1120944,0.15929204,0.21548822,1.259259288911685,0.265625,0.72892938,4.444444549100065,4.922031483904498,-0.4775869348044335,4.872201720624071,31761
Brendan Beck,NYY,AAA,27,93.1,8.9678576315666,2.796428723821843,3.20689655,0.8678571901516065,0.25135135,0.07837838,0.17297297,0.19941349,1.039285770922294,0.24686192,0.71090047,3.0857144538723786,3.7246576141824534,-0.6389431603100748,4.298189306087908,33043
Kade Morris,OAK,AAA,24,81.2,6.7224498169505615,3.306122860795358,2.03333333,1.4326532396779885,0.17280453,0.08498584,0.0878187,0.27301587,1.4204083401935612,0.30290456,0.72778828,4.518367909753656,5.919893401343373,-1.4015254915897168,5.368734538051113,33787
Adam Leverett,SEA,AA,27,71.2,7.911629029970963,2.5116282634828453,3.15,1.6325583712638494,0.21649485,0.06872852,0.14776632,0.23970037,1.172093189625328,0.26701571,0.75931232,4.3953494610949795,5.255350719934705,-0.8600012588397252,4.814191101375787,sa1169991
Dylan File,DET,AAA,30,75,7.08,3.12,2.26923077,1.32,0.17717718,0.07807808,0.0990991,0.27483444,1.4533333333333334,0.31034483,0.63894523,5.64,5.105133794148763,0.5348662058512366,5.496909854213397,sa3004197
Bryce Conley,NYM,"AA,AAA",31,81,8.111111302107618,4.77777789028257,1.69767442,1.6666667059125242,0.20221607,0.11911357,0.08310249,0.2733119,1.580246950791134,0.31390135,0.70175439,5.888889027557585,6.0263680147318555,-0.1374789871742701,5.592473853543831,sa3004704
Gabe Mosser,SEA,AAA,30,86,6.593023255813954,2.9302325581395348,2.25,0.9418604651162791,0.16981132,0.0754717,0.09433962,0.25588235,1.3372093023255813,0.29104478,0.65464896,4.813953488372093,4.925208770397097,-0.11125528202500412,5.473511694267739,sa3006834
Avery Short,ARI,AA,25,73.1,6.504545905688609,2.7000001872669697,2.40909091,1.5954546561123002,0.16408669,0.06811146,0.09597523,0.27303754,1.3909091873799542,0.29515419,0.68627451,4.050000280900455,5.737063110446152,-1.687062829545697,5.8411905587439525,sa3011712
Dylan MacLean,TEX,AA,23,71,7.47887323943662,2.915492957746479,2.56521739,1.5211267605633803,0.19536424,0.07615894,0.1192053,0.26618705,1.3661971830985915,0.29951691,0.71428571,4.690140845070423,5.199995104024108,-0.509854258953685,5.324787754575971,sa3014508
Adam Seminaris,PHI,AA,27,85,10.905882352941177,2.011764705882353,5.42105263,0.8470588235294118,0.29855072,0.05507246,0.24347826,0.23676012,1.1176470588235294,0.32380952,0.74324324,2.6470588235294117,3.2279496697818533,-0.5808908462524416,3.207984042868895,sa3015010
Josh Stephan,TEX,AAA,24,86.1,8.86100438304323,2.710424870107341,3.26923077,1.7722008766086461,0.22486772,0.06878307,0.15608466,0.27507163,1.4131274963807505,0.31983806,0.66205534,5.525096850603426,5.546920276977992,-0.021823426374565358,4.8480176727941116,sa3015286
Jose Acuna,CIN,"AA,AAA",23,94,9.191489361702128,3.925531914893617,2.34146341,1.148936170212766,0.25464191,0.10875332,0.14588859,0.1880597,1.1063829787234043,0.2246696,0.71428571,3.734042553191489,4.558807137671938,-0.8247645844804485,5.048411719057154,sa3015331
Aidan Curry,TEX,"A+,AA",23,72.2,12.013760626993397,4.334862081904834,2.77142857,1.114678821061243,0.31089744,0.11217949,0.19871795,0.23913043,1.3899081595948835,0.33529412,0.65995526,5.077981295945663,4.030130784573235,1.0478505113724284,4.366752082544318,sa3015334
Reynardo Cruz,CIN,A+,24,71.2,9.418605988060671,6.404652071881256,1.47058824,1.2558141317414226,0.23148148,0.15740741,0.07407407,0.22180451,1.5348839387950721,0.27071823,0.67961165,5.651163592836402,6.111140389831899,-0.4599767969954973,5.6685912040415545,sa3016032
Jordy Vargas,COL,A+,22,76,9.947368421052632,5.802631578947368,1.71428571,1.0657894736842106,0.24277457,0.1416185,0.10115607,0.25085911,1.605263157894737,0.32323232,0.66724437,5.684210526315789,5.168331813812255,0.5158787125035342,5.455674765102173,sa3016052
Allen Facundo,NYY,"A,A+",23,73.2,12.583709538406472,5.619909114239784,2.23913043,0.36651581179824677,0.32698413,0.14603175,0.18095238,0.16923077,1.2217193726608226,0.26623377,0.70675105,3.6651581179824677,3.549755771972766,0.11540234600970178,4.4935711585804725,sa3016071
Christian Romero,LAD,AAA,23,89.2,6.724907826126022,2.91078099936798,2.31034483,1.3048328617856462,0.176781,0.07651715,0.10026385,0.25797101,1.3159852794077456,0.28679245,0.79198473,4.014870343955834,5.4763457985782225,-1.4614754546223887,5.500204502825143,sa3016260
Luis Serna,NYY,A+,21,78,10.153846153846153,3.576923076923077,2.83870968,0.8076923076923077,0.27160494,0.09567901,0.17592593,0.20689655,1.1666666666666667,0.27179487,0.64133017,4.038461538461538,3.7580680798261596,0.2803934586353787,4.7345252584188415,sa3016528
Ryan Costeiu,LAA,AA,25,70.2,10.31603922085157,3.438679740283857,3,1.400943597893423,0.2539185,0.0846395,0.169279,0.26666667,1.4575473796264906,0.33678756,0.61310782,6.367925444970105,4.784169736830293,1.5837557081398117,4.701403643691972,sa3017260
Kevin Abel,CIN,AA,27,82.1,9.29149854970452,5.90283437275346,1.57407407,1.2024292240794086,0.21963824,0.13953488,0.08010336,0.27217125,1.7368422125591456,0.33766234,0.65868263,6.121457868040625,5.467940975810045,0.6535168922305798,5.734565873529917,sa3017879
Chandler Champlain,WSN,AAA,26,82.1,5.574899129822712,1.7489879622973215,3.1875,0.9838057287922433,0.15692308,0.04923077,0.10769231,0.23127036,1.0566802272212983,0.25101215,0.66753927,3.935222915168973,4.3698571927495635,-0.4346342775805905,4.929961967644264,sa3018138
Trenton Denholm,CLE,AAA,26,77,9.116883116883116,2.688311688311688,3.39130435,1.2857142857142858,0.23493976,0.06927711,0.16566265,0.25412541,1.2987012987012987,0.30841121,0.70640177,4.441558441558442,4.4928394218543914,-0.05128098029594952,4.489279408849679,sa3018139
Yunior Marte,SFG,"A+,AA",22,79.2,9.376570234938137,3.389121771664387,2.76666667,1.016736531499316,0.24198251,0.08746356,0.15451895,0.24679487,1.3430964058077384,0.30909091,0.68134172,4.405858303163702,4.1807542050595945,0.22510409810410792,4.388729137862656,sa3018367
Jose Chirinos,NYM,"A,A+",21,76.2,10.095651504141665,3.286956303674031,3.07142857,1.0565216690380814,0.26299694,0.08562691,0.17737003,0.23890785,1.278260784762123,0.30808081,0.72210066,3.6391301933533913,4.2521324058524055,-0.6130022124990142,4.545559969053891,sa3018859
Emmanuel Reyes,KCR,A+,22,78.2,7.550848434040708,3.6610174225651915,2.0625,1.3728815334619469,0.19701493,0.09552239,0.10149254,0.25752508,1.3855933995125205,0.29411765,0.77962578,3.889831011475516,5.640269194194512,-1.7504381827189959,5.169616721846969,sa3019071
Luis Gonzalez,PHI,CPX,20,51,8.117647058823529,3,2.70588235,1.9411764705882353,0.18930041,0.06995885,0.11934156,0.30092593,1.607843137254902,0.33962264,0.49608355,7.764705882352941,6.769574748768527,0.9951311335844144,5.597532375419841,sa3019164
Wande Torres,MIL,A+,21,81.2,9.146939914867158,3.746939242234739,2.44117647,0.9918368582386073,0.23380282,0.09577465,0.13802817,0.24595469,1.3469389432869976,0.30875576,0.70383912,4.8489801958331915,5.052098929632824,-0.20311873379963252,4.801809500632819,sa3019165
Cesar Perdomo,SFG,"AA,AAA",24,77.1,11.056035209921161,2.7931036319800824,3.95833333,1.047413861992531,0.30063291,0.07594937,0.22468354,0.21034483,1.0991380033254954,0.27956989,0.64516129,3.8405174939726137,3.669311567893241,0.1712059260793728,3.7620093171879985,sa3019248
Leonel Sequera,STL,A+,20,71.2,10.172094467105524,4.018605221572552,2.53125,2.1348840239604185,0.23964497,0.09467456,0.14497041,0.31023102,1.7581397844379918,0.37560976,0.57034221,7.786047616796821,6.250675293358724,1.5353723234380965,4.610537672845767,sa3019268
Yu-Min Lin,ARI,AAA,22,76,6.157894736842105,4.618421052631579,1.33333333,0.9473684210526315,0.14689266,0.11016949,0.03672316,0.28938907,1.6973684210526316,0.32669323,0.61576355,6.0394736842105265,5.645833005403217,0.39364067880730946,5.908842195374401,sa3019278
Luis De Leon,BAL,AA,23,70,11.057142857142857,5.014285714285714,2.20512821,1.1571428571428573,0.27922078,0.12662338,0.1525974,0.22180451,1.4,0.29239766,0.64479638,4.757142857142857,4.595176560538156,0.1619662966047013,3.880346737589155,sa3019283
Manuel Rodriguez,MIL,AA,20,82,8.670731707317072,1.646341463414634,5.26666667,2.1951219512195124,0.23795181,0.04518072,0.19277109,0.22468354,1.048780487804878,0.23502304,0.71186441,4.829268292682927,5.438909558552068,-0.6096412658691417,4.6866317192592275,sa3019291
Santiago Suarez,TBR,AA,21,74,8.27027027027027,1.0945945945945945,7.55555556,1.945945945945946,0.22368421,0.02960526,0.19407895,0.24657534,1.0945945945945945,0.26923077,0.64935065,5.108108108108108,5.0691007253286005,0.03900738277950744,4.086638595244369,sa3019386
Julio Mendez,MIA,A,21,71.2,12.432559904240085,4.3953494610949795,2.82857143,0.7534884790448536,0.32890365,0.11627907,0.21262459,0.21153846,1.2558141317414226,0.31612903,0.79908676,2.888372503005272,3.7626386502267484,-0.8742661472214763,3.572416738414194,sa3019580
Jose Gutierrez,KCR,A,23,82.1,8.417004568555859,2.8421054387331472,2.96153846,0.9838057287922433,0.22318841,0.07536232,0.14782609,0.25236593,1.2874494722466394,0.30735931,0.72327044,3.3886641769510604,4.183404978600027,-0.7947408016489668,4.054353373132845,sa3019742
Joel Hurtado,LAA,AA,25,85.2,7.14396971990916,3.0466929687847886,2.34482759,1.365758917041457,0.19318182,0.08238636,0.11079546,0.21698113,1.1439690074364341,0.23628692,0.73113208,3.3618681034866635,5.185516939378514,-1.8236488358918508,4.705566191664828,sa3019774
Brett Gillis,HOU,AA,26,72.2,7.30734047248777,3.096330708681258,2.36,1.2385322834725032,0.19536424,0.08278146,0.11258278,0.21245421,1.1422019947579753,0.23529412,0.71232877,3.9633033071120107,5.013084841195975,-1.0497815340839645,4.898625003372296,sa3020110
Alex Williams,MIA,AA,26,71.1,8.705608097369335,3.7850469988562323,2.3,1.3878505662472853,0.21904762,0.0952381,0.12380952,0.24731183,1.3878505662472853,0.29145729,0.58035714,6.056075198169972,5.193753528353415,0.8623216698165566,4.799974934248562,sa3020314
Cedric De Grandpre,ATL,"A+,AA",24,79,12.531645569620252,3.8734177215189876,3.23529412,0.9113924050632911,0.32835821,0.10149254,0.22686567,0.21959459,1.2531645569620253,0.32022472,0.66810345,4.443037974683544,3.5738981681534012,0.8691398065301432,3.3576082166991656,sa3020315
Kyle Luckham,WSN,AA,26,79,7.860759493670886,2.848101265822785,2.76,0.7974683544303798,0.18548387,0.0672043,0.11827957,0.30409357,1.6329113924050633,0.36466165,0.65217391,5.468354430379747,4.125194643720796,1.3431597866589504,4.197634673420387,sa3020378
Shane Murphy,CHW,"AA,AAA",25,88.2,6.699248744779843,2.233082914926614,3,2.334586683786915,0.16966581,0.05655527,0.11311054,0.29362881,1.443609157124276,0.30514706,0.69744597,5.988722362757738,6.3883796372544515,-0.39965727449671373,5.19025836552533,sa3020389
Johnathan Harmon,CIN,AA,25,88.2,6.9022564309780075,3.146616902357621,2.19354839,1.9285716498320902,0.18428184,0.08401084,0.100271,0.25671642,1.3195490235693248,0.27016129,0.74946467,5.075188552189711,6.011897180572271,-0.9367086283825605,5.191059732882209,sa3020452
Trace Bright,BAL,"AA,AAA",25,74.1,9.92825001714689,5.085201228294749,1.95238095,1.5739908563769462,0.24773414,0.12688822,0.12084592,0.25524476,1.547085029772212,0.31413613,0.62124248,6.538115864950392,5.428196362998391,1.1099195019520005,5.3750975358226585,sa3020558
Ian Koenig,SDP,AA,25,78.2,7.207628050675221,3.2033902447445426,2.25,1.6016951223722713,0.1815562,0.08069164,0.10086455,0.25889968,1.3728815334619469,0.28448276,0.66056911,4.805085367116814,5.81171655797373,-1.0066311908569157,5.718581672872972,sa3020568
Ryan Ramsey,KCR,AAA,25,76,8.052631578947368,4.618421052631579,1.74358974,1.3026315789473684,0.19941349,0.1143695,0.08504399,0.26190476,1.5263157894736843,0.30697674,0.68139963,5.802631578947368,5.479168881868061,0.3234626970793073,5.499951274536158,sa3020605
Adam Serwinowski,LAD,AA,22,77.2,10.892705289351866,5.330472801172189,2.04347826,1.2746782785411757,0.27011494,0.13218391,0.13793103,0.23489933,1.4935624273815797,0.30569948,0.67877629,5.098713114164703,5.002630836919892,0.09608227724481022,4.9808558539362275,sa3020626
Trystan Vrieling,SFG,AA,25,75.2,8.08810681422657,6.066080110669928,1.33333333,1.0704847254123402,0.20795107,0.1559633,0.05198777,0.22262774,1.4801764104466928,0.26395939,0.7495069,4.044053407113285,5.431111359310807,-1.3870579521975221,5.482698849940011,sa3020681
Connor Staine,COL,AA,25,79,9,4.784810126582278,1.88095238,1.3670886075949367,0.23511905,0.125,0.11011905,0.2260274,1.3670886075949367,0.26865672,0.75107296,4.215189873417722,5.226460466505606,-1.0112705930878843,5.158919996702219,sa3020739
Dylan Cumming,CHW,"A+,AA",27,82,8.231707317073171,2.7439024390243905,3,1.2073170731707317,0.20661157,0.06887052,0.13774105,0.26911315,1.3780487804878048,0.31950207,0.66298343,5.158536585365853,4.822696364798197,0.3358402205676567,4.817288281096191,sa3020818
Payton Martin,LAD,AA,22,77.2,7.416309984239568,4.403434053142243,1.68421053,0.8111589045262028,0.18658892,0.11078717,0.07580175,0.28052805,1.5836911945511578,0.3362069,0.65104167,5.446352644675933,4.719368997244076,0.7269836474318572,5.291312541660824,sa3020869
Jagger Haynes,SDP,AA,23,94.2,8.080986783845583,3.8978877427961045,2.07317073,0.8556338947601205,0.21197007,0.10224439,0.10972569,0.22701149,1.2676057700149934,0.27559055,0.70351759,4.278169473800602,4.770417759556132,-0.4922482857555295,5.213788347103977,sa3020876
Jackson Cox,COL,"A+,AA",22,86.1,12.09266480509429,3.961390194772268,3.05263158,1.4594595454424144,0.31182796,0.10215054,0.20967742,0.2293578,1.3088803859920066,0.30964467,0.76693227,4.2741315259384995,4.621490132580514,-0.3473586066420147,4.232046801406683,sa3020899
Henry Williams,KCR,"AA,AAA",24,82.1,7.433198839763616,4.591093401030469,1.61904762,1.858299709940904,0.18085106,0.11170213,0.06914894,0.26993865,1.5789474659628595,0.29460581,0.70052539,6.012146120397042,6.435632954566346,-0.4234868341693039,6.0040641233654135,sa3020901
Hunter Patteson,KCR,AA,26,74.1,7.385650729578863,4.843049658740238,1.525,2.0582961049646014,0.18769231,0.12307692,0.06461538,0.2455516,1.4663678133407945,0.25615764,0.78475336,4.721973417271732,6.758322860401208,-2.0363494431294757,6.47833379180293,sa3020954
Gary Gill Hill,TBR,"A+,AA",21,90.1,7.0738011363012525,2.092251040314455,3.38095238,1.3948340268763033,0.18393782,0.05440415,0.12953368,0.2849162,1.361623692903058,0.32234432,0.73369565,4.383764084468382,4.961555459246432,-0.5777913747780499,4.910519110040191,sa3020972
Jesus Tillero,LAD,A,20,73,8.26027397260274,3.5753424657534247,2.31034483,0.9863013698630136,0.2,0.08656716,0.11343284,0.29139073,1.6027397260273972,0.35242291,0.57377049,6.410958904109589,5.460270386526029,0.9506885175835595,5.427851979536554,sa3021010
Darwin Rodriguez,KCR,A,22,78.2,8.580509584137168,3.2033902447445426,2.67857143,0.3432203833654867,0.22123894,0.08259587,0.13864307,0.26072607,1.3601696674113732,0.33777778,0.66787004,3.889831011475516,3.5744191427540413,0.31541186872147486,4.278514966159462,sa3021497
Gage Stanifer,TOR,AA,22,72.2,11.766056692988782,5.077982362237264,2.31707317,1.3623855118197536,0.29411765,0.12693498,0.16718266,0.23571429,1.4724772703506428,0.31609195,0.72649573,4.334862992153761,4.709331371194056,-0.3744683790402945,4.30286214610013,sa3021731
Randry De Leon,SFG,DSL,20,26.2,10.462498752772957,3.7124995574355655,2.81818182,1.3499998390674783,0.26956522,0.09565217,0.17391304,0.28712871,1.499999821186087,0.37878788,0.64171123,6.412499235570522,5.714314222335833,0.6981850132346885,4.528365231586145,sa3022025
Walter Ford,SEA,A+,21,72,5.625,1.75,3.21428571,2.625,0.13803681,0.04294479,0.09509202,0.32580645,1.5972222222222223,0.32786885,0.65068493,6.625,6.87666514714559,-0.25166514714558996,5.398966218779485,sa3022190
Alvin Veras,OAK,DSL,20,29.2,5.157302818158737,2.123595278065362,2.42857143,0.606741508018675,0.13492063,0.05555556,0.07936508,0.24786325,1.21348301603735,0.2755102,0.59659091,4.247190556130724,5.154763734962231,-0.9075731788315062,5.239861447213384,sa3022216
Ashton Izzi,ARI,AA,22,83,7.9156626506024095,2.2771084337349397,3.47619048,1.3012048192771084,0.21407625,0.06158358,0.15249267,0.27444795,1.3012048192771084,0.32327586,0.7537155,4.228915662650603,4.638651136605136,-0.4097354739545338,4.792693581279502,sa3022230
Bryson Hammer,COL,A+,24,71,10.014084507042254,3.9295774647887325,2.5483871,0.6338028169014085,0.24534161,0.09627329,0.14906832,0.27017544,1.5211267605633803,0.35820896,0.6635514,4.943661971830986,3.921852940572819,1.021809031258167,4.257858027202982,sa3022664
Lucas Braun,ATL,"AA,AAA",24,80.1,8.066389211575046,2.4647300368701535,3.27272727,0.6721991009645872,0.2111437,0.06451613,0.14662757,0.26984127,1.3319500704298304,0.33333333,0.73099415,3.8091282387993277,3.730272654320396,0.07885558447893182,4.535888121008571,sa3022996
Ryan Hawks,SEA,AA,25,70.2,7.1320764983665175,3.948113775881465,1.80645161,1.273585088994021,0.17665615,0.0977918,0.07886435,0.27797834,1.5283021067928253,0.31753555,0.69902913,5.731132900473095,5.603529799167053,0.12760310130604147,5.708014226815956,sa3022999
Peyton Stumbo,PIT,AA,24,77,7.48051948051948,2.9220779220779223,2.56,1.6363636363636365,0.18390805,0.07183908,0.11206897,0.29337539,1.5324675324675325,0.33054393,0.67049808,5.8441558441558445,5.489981755343351,0.3541740888124938,5.372903058590827,sa3023009
Lucas Gordon,CHW,AA,24,92,9.880434782608695,4.108695652173913,2.4047619,1.6630434782608696,0.25634518,0.10659898,0.14974619,0.22701149,1.315217391304348,0.26956522,0.70158103,5.086956521739131,5.316163004999575,-0.22920648326044457,5.130004318447217,sa3023036
Sam Armstrong,MIN,AA,25,75.2,7.374450330618344,4.044053407113285,1.82352941,1.5462557144844915,0.18618619,0.1021021,0.08408408,0.23448276,1.3480178023710951,0.25581395,0.65732759,5.114538132525626,5.950259109891618,-0.8357209773659928,5.817735890899124,sa3023046
Ty Langenberg,MIN,"AA,AAA",24,76.2,8.569566354445264,3.404348277793324,2.51724138,0.9391305593912618,0.21282799,0.0845481,0.12827988,0.30322581,1.6043480389600722,0.37554585,0.66493955,5.400000716499755,4.336279109626998,1.0637216068727566,4.766025635337099,sa3023101
Junior Ciprian,ARI,A,21,71.2,10.046513053931381,3.8930238083984103,2.58064516,0.7534884790448536,0.27972028,0.10839161,0.17132867,0.17322835,1.0465117764511855,0.22619048,0.75443787,2.76279108983113,4.710413772011529,-1.9476226821803992,5.291788717808444,sa3023107
Joe Whitman,SFG,"AA,AAA",24,83,9.975903614457831,2.3855421686746987,4.18181818,0.7590361445783133,0.2754491,0.06586826,0.20958084,0.22580645,1.108433734939759,0.2985782,0.72446556,3.5783132530120483,3.472546396221712,0.10576685679033648,3.7258599410451745,sa3023131
Corey Avant,OAK,AA,24,82.2,10.669356151624637,5.225807094673291,2.04166667,1.3064517736683228,0.26415094,0.12938005,0.13477089,0.259375,1.5846776143569472,0.33809524,0.68259386,5.552420038090372,5.017634981455115,0.5347850566352577,4.697470535445324,sa3023137
James Hicks,HOU,AA,25,74.1,7.991031936921393,2.784753553775637,2.86956522,1.4529148976220716,0.21290323,0.07419355,0.13870968,0.27464789,1.3587444875910113,0.32038835,0.63073394,5.448430866082768,5.022896732685955,0.42553413339681345,4.429212492316659,sa3023161
Connor Oliver,PIT,"A+,AA",25,71,9.887323678048263,4.816901279049154,2.05263158,1.0140844797998219,0.25080386,0.1221865,0.12861736,0.22097378,1.3661971463969822,0.28176796,0.74074074,3.5492956792993766,4.682575957148492,-1.1332802778491153,5.1842758320412,sa3023200
Jake Brooks,COL,"AA,AAA",24,94.1,7.441696514315468,1.7173145802266465,4.33333333,1.2402827523859112,0.19354839,0.04466501,0.14888338,0.27704485,1.3038869960980093,0.31944444,0.72202166,4.674911912839204,4.544295631160926,0.13061628167827788,4.843298642832567,sa3023205
Nathan Dettmer,OAK,"A,A+",24,80.1,8.626556357963702,2.8008299863518515,3.08,0.3360995983622222,0.23123123,0.07507508,0.15615616,0.26710098,1.3319502601762139,0.34801762,0.68400771,3.697095581984444,3.6897986378307164,0.007296944153727836,4.643767223947368,sa3023207
Braydon Tucker,PHI,AA,26,77.2,7.9957092017582845,3.5922751486160407,2.22580645,1.0429185915336892,0.20783133,0.09337349,0.11445783,0.24414716,1.3390559693765887,0.28959276,0.72805139,3.1287557746010677,4.5851828232848835,-1.4564270486838158,5.234171504646847,sa3023249
Jack Wenninger,NYM,AAA,24,79.2,8.698745880605259,4.970711931774434,1.75,1.2426779829436085,0.22318841,0.12753623,0.09565217,0.21694915,1.3556487086657547,0.25603865,0.78093306,3.502092497386533,5.276570558079689,-1.7744780606931556,4.970662176234253,sa3023282
Cade Kuehler,ATL,A+,24,73.1,7.48636415560387,4.172727562139862,1.79411765,1.9636364998305234,0.1882716,0.10493827,0.08333333,0.26408451,1.4863637394550488,0.28502415,0.74514039,5.277273093294531,6.349210465801662,-1.071937372507131,5.685080439153053,sa3023306
Garrett Baumann,ATL,"AA,AAA",21,76.2,9.03913005998321,4.226086781290851,2.13888889,1.995652091165124,0.21690141,0.10140845,0.11549296,0.29206349,1.6695651481642868,0.33936652,0.61922366,6.808695369857483,6.026773108815208,0.7819222610422747,4.643043250804661,sa3023310
Cade Smith,NYY,AA,24,74,8.756756756756756,3.891891891891892,2.25,2.0675675675675675,0.22222222,0.09876543,0.12345679,0.27874564,1.5135135135135136,0.31818182,0.80472103,4.986486486486487,6.121431386792982,-1.134944900306495,5.045269728351284,sa3023371
Quinn Mathews,STL,AAA,25,79,11.050632911392405,5.468354430379747,2.02083333,1.3670886075949367,0.29754601,0.14723926,0.15030675,0.17216117,1.2025316455696202,0.21341463,0.78125,3.5316455696202533,5.063446030435683,-1.5318004608154299,4.379231554835657,sa3023407
Noah Hall,NYM,A+,25,82.1,9.400810297348103,6.449393110971373,1.45762712,0.8744939811486607,0.22631579,0.15526316,0.07105263,0.23717949,1.6153847151773872,0.30275229,0.71865443,4.809716896317634,5.191941326269356,-0.3822244299517221,5.887452697782221,sa3023416
Alex Clemmey,WSN,AA,20,83.1,9.18000056030277,5.832000355957053,1.57407407,0.9720000593261755,0.2303523,0.14634146,0.08401084,0.20711974,1.4160000864257865,0.25581395,0.68222621,4.320000263671891,5.1048909392700255,-0.7848906755981346,5.285656210284217,sa3023421
Chuck King,PHI,"AA,AAA",28,75.1,8.004425319193972,3.4646020038302265,2.31034483,0.597345173074177,0.20426829,0.08841463,0.11585366,0.23728814,1.3141593807631893,0.29147982,0.64583333,4.539823315363745,3.93850192646948,0.6013213888942652,4.62699272168928,sa3023436
Kyle Carr,NYY,"AA,AAA",24,80.1,10.755187658310446,3.8091289623182827,2.82352941,1.2323652525147384,0.26592798,0.09418283,0.17174515,0.26153846,1.4813279297904431,0.33944954,0.70075758,4.369294986188618,4.306979265185476,0.06231572100314153,3.753343320313037,sa3023444
Michael Forret,TBR,"AA,AAA",22,79,9.455696430826704,3.759493761653991,2.51515152,0.9113924270676341,0.26265823,0.10443038,0.15822785,0.19642857,1.1139240775271084,0.24867725,0.7518797,3.303797548120174,4.167615033280234,-0.8638174851600602,4.329228130517582,sa3023479
Luke Russo,PHI,AA,25,79.1,9.756303146509966,3.4033615627360345,2.86666667,1.2478992396698794,0.25519288,0.08902077,0.16617211,0.23432343,1.2731093253197758,0.29126214,0.703125,4.31092464613231,4.501058972473666,-0.1901343263413553,4.2459770996685995,sa3023502
Rorik Maltrud,CLE,AAA,26,79,8.08860759493671,2.848101265822785,2.84,1.0253164556962024,0.21450151,0.0755287,0.13897281,0.23934426,1.240506329113924,0.28444444,0.71759259,3.8734177215189876,4.202686536764797,-0.3292688152458094,4.669109018580823,sa3023510
Brody Hopkins,TBR,AAA,24,77.2,11.00858513285561,8.575108419277,1.28378378,0.463519374014973,0.26988636,0.21022727,0.05965909,0.18518519,1.5965667327182402,0.26900585,0.71202532,4.519313896645987,4.922358582860349,-0.4030446862143622,5.613185567538415,sa3023515
Nestor German,BAL,AAA,24,85.1,9.91406309092421,3.375000201165688,2.9375,0.7382812940049943,0.25824176,0.08791209,0.17032967,0.23867069,1.300781327532609,0.31304348,0.70450098,4.113281495170682,3.5552379622124137,0.5580435329582683,4.2482873438556314,sa3023517
Grant Rogers,TOR,AAA,25,84.2,5.527559719243054,2.657480634251468,2.08,1.5944883805508807,0.13793103,0.066313,0.07161804,0.29799427,1.523622230304175,0.31560284,0.66666667,5.527559719243054,5.598729843011016,-0.0711701237679625,5.309709591680032,sa3023522
Steven Echavarria,OAK,A+,20,75.1,8.482301457653312,4.300885246134074,1.97222222,1.194690346148354,0.21130952,0.10714286,0.10416667,0.23232323,1.3938054038397463,0.27314815,0.59574468,5.495575592282428,5.356108279358545,0.13946731292388304,5.850646275826764,sa3023560
Jeremy Pilon,TBR,CPX,20,48.2,10.910957763780802,5.1780816506078375,2.10714286,0,0.27962085,0.13270142,0.14691943,0.22905028,1.4178080709997651,0.34166667,0.73972603,2.958903800347336,3.7292847073755917,-0.7703809070282559,4.55676202990087,sa3023614
Roberto Perez,SEA,CPX,22,45.2,8.277371340856472,1.970802700203922,4.2,0,0.23076923,0.05494505,0.17582418,0.20238095,0.9635035423219174,0.26984127,0.66666667,2.5620435102650987,4.047593155849254,-1.4855496455841557,5.485902476109747,sa3023703
Junior Tavera,NYY,DSL,19,28.2,11.302324328053905,5.965115617584005,1.89473684,1.2558138142282116,0.26666667,0.14074074,0.12592593,0.28070175,1.779069570156633,0.37837838,0.61181435,6.906975978255163,6.014314199048438,0.8926617792067253,5.19540379220711,sa3023813
Oniel Diaz,CIN,DSL,20,36,8,3.25,2.46153846,0.75,0.20382166,0.08280255,0.12101911,0.26950355,1.4166666666666667,0.33018868,0.74297189,4.25,5.1532032542758515,-0.9032032542758515,5.06596586720811,sa3024089
Javier Perez,HOU,A,22,76.2,10.447827473227788,1.5260871590108005,6.84615385,1.0565218793151696,0.29568106,0.04318937,0.2524917,0.19298246,0.8869566394250806,0.2459893,0.68493151,3.1695656379455084,3.4429895010156724,-0.273423863070164,3.3825681308681173,sa3024099
Franco Zabaleta,OAK,CPX,19,46,9.195652173913043,5.282608695652174,1.74074074,1.173913043478261,0.20258621,0.11637931,0.0862069,0.33668342,2.0434782608695654,0.41780822,0.57860262,8.217391304347826,6.77164890869804,1.445742395649786,6.341623802321113,sa3024242
Adrian Ardines,HOU,CPX,19,50.2,9.769735861353034,2.3092102945016264,4.23076923,0.7105262444620389,0.27227723,0.06435644,0.20792079,0.21925134,1.0657893666930582,0.2890625,0.71428571,3.197368100079175,3.924760533039587,-0.727392432960412,4.090665467519721,sa3024257
Manuel Genao,MIA,A,20,76,9.236842105263158,2.25,4.10526316,0.8289473684210527,0.24074074,0.05864198,0.18209877,0.24573379,1.1973684210526316,0.3125,0.66523605,3.6710526315789473,4.08919923180028,-0.41814660022133276,3.718113629598366,sa3024519
Xavier Lopez,TBR,CPX,21,55.2,6.3053886454335615,4.365269062223234,1.44444444,0.4850298958025816,0.15789474,0.10931174,0.048583,0.29090909,1.6347303895568492,0.34269663,0.71428571,4.365269062223234,4.935830403677117,-0.5705613414538826,5.657964150307449,sa3024539
Gabriel Chinchilla,STL,CPX,19,42,10.285714285714286,4.5,2.28571429,0.8571428571428571,0.26373626,0.11538462,0.14835165,0.26086957,1.5,0.34862385,0.6271777,5.357142857142857,4.633720407031832,0.7234224501110251,4.290526663121724,sa3024773
Paul Hoff,MIL,DSL,19,25.2,9.46753129494267,4.558440993861286,2.07692308,0,0.25233645,0.12149533,0.13084112,0.17021277,1.1298699899314297,0.23880597,0.72413793,2.4545451505406923,3.929898853353465,-1.4753537028127726,4.628459560319022,sa3024777
David Sanchez,ARI,CPX,19,45.1,6.154412455212364,3.97058868078217,1.55,0.794117736156434,0.15736041,0.10152284,0.05583756,0.26704545,1.4779413422911412,0.30496454,0.67307692,3.97058868078217,6.13641886084139,-2.16583018005922,6.537033000819109,sa3024845
Garrett Edwards,TBR,AA,24,74.1,6.29596455636231,3.026906036712649,2.08,1.6950673805590835,0.16828479,0.08090615,0.08737864,0.26071429,1.3183857404348427,0.27570093,0.72815534,4.600897175803227,5.829372359458416,-1.2284751836551893,5.076423827333925,sa3024980
Juan Reyes,WSN,CPX,21,41,10.975609756097562,4.170731707317073,2.63157895,0.43902439024390244,0.29585799,0.11242604,0.18343195,0.21621622,1.2439024390243902,0.3125,0.6374502,3.951219512195122,3.9130467717240496,0.03817274047107233,4.424810880131838,sa3025021
Bryan Balzer,SDP,"A,A+",21,72.2,9.041285432034332,3.4678903026980996,2.60714286,0.9908258007708857,0.23397436,0.08974359,0.14423077,0.24187726,1.307339598239363,0.30102041,0.66079295,4.706422553661707,5.288220087233618,-0.581797533571911,5.109445136157772,sa3025047
Derek Clark,LAA,A,24,81.2,9.918368582386075,1.8734696211173696,5.29411765,1.653061430397679,0.25787966,0.0487106,0.20916906,0.29216867,1.3959185412247066,0.36123348,0.56989247,5.289796577272573,5.3232282730461735,-0.03343169577360072,4.822282501214721,sa3025183
Evan Truitt,SEA,A+,23,73.1,7.240909593125055,2.454545624788154,2.95,1.5954546561123002,0.18266254,0.0619195,0.12074303,0.26510067,1.3500000936334848,0.2920354,0.6993007,4.172727562139862,5.386513751163964,-1.213786189024102,5.2781340334522096,sa3025236
Connor Wietgrefe,PIT,"AA,AAA",24,91.2,8.345455471574871,2.847273043243191,2.93103448,0.9818182907735141,0.22666667,0.07733333,0.14933333,0.23188406,1.1890910410479227,0.28,0.73958333,3.534545846784651,4.112957163814622,-0.5784113170299712,4.376992553278333,sa3025401
Caden Favors,CLE,AA,24,78.2,9.381357145323303,4.461864983751327,2.1025641,1.6016951223722713,0.23906706,0.11370262,0.12536443,0.24422442,1.4364408637148147,0.28985507,0.65677966,5.720339722758112,5.335128361231596,0.38521136152651625,4.960437923045508,sa3025446
Peyton Olejnik,LAA,A+,23,73.1,9.69545521791321,3.436363874703416,2.82142857,0.36818184371822316,0.24012158,0.08510638,0.1550152,0.25342466,1.3909091873799542,0.33809524,0.70224719,4.29545484337927,3.559240897155005,0.736213946224265,4.81969599642516,sa3025492
Justin Sinibaldi,CHW,A+,24,76.2,7.865218434901817,3.6391309176411397,2.16129032,1.5260871590108005,0.19308357,0.08933718,0.1037464,0.27361564,1.5000001990277099,0.31277533,0.69943289,5.752174676271479,5.561858760566963,0.19031591570451578,5.845727086707601,sa3025524
Kyle Robinson,PIT,"A,A+,AA",22,71,8.619718309859154,3.5492957746478875,2.42857143,1.3943661971830985,0.22895623,0.09427609,0.13468013,0.2527881,1.352112676056338,0.3,0.76923077,4.183098591549296,4.997141913643085,-0.8140433220937888,4.613162718832392,sa3025537
Evan Yates,BAL,AA,23,78.2,8.23728920077168,3.775424217020354,2.18181818,0.9152543556412979,0.20111732,0.09217877,0.10893855,0.24922118,1.4364408637148147,0.29875519,0.64272212,5.3771193393926255,4.483433335843166,0.8936860035494592,5.431294895482991,sa3025545
Reese Dutton,PHI,A+,25,77.1,8.030172941942737,2.7931036319800824,2.875,1.163793179991701,0.22258065,0.07741935,0.14516129,0.20577617,1.047413861992531,0.23737374,0.78947368,3.0258622679784226,4.7168435772023845,-1.6909813092239618,4.561643708345765,sa3025570
Tyson Hardin,MIL,"AA,AAA",24,87.1,10.09923700883141,2.8854962882375457,3.5,0.7213740720593864,0.26486486,0.07567568,0.18918919,0.25219941,1.305343558964604,0.33474576,0.59885932,4.843511626684452,3.351838584426608,1.4916730422578444,3.5620403705056973,sa3025574
Josh Randall,WSN,"A+,AA",23,88,8.795454545454545,2.7613636363636362,3.18518519,1.6363636363636365,0.2287234,0.07180851,0.15691489,0.25,1.2727272727272727,0.28991597,0.72008114,4.6022727272727275,5.197332052751022,-0.5950593254782941,4.335746593502435,sa3025585
Mason Molina,STL,"AA,AAA",22,77,11.220779220779221,3.6233766233766236,3.09677419,0.7012987012987013,0.29357798,0.09480122,0.19877676,0.21107266,1.1948051948051948,0.29411765,0.7615894,3.272727272727273,3.6383462001751,-0.365618927447827,4.60214136784727,sa3025586
Rafe Schlesinger,CLE,"A+,AA",23,69.2,11.368420533886571,3.746411312303529,3.03448276,1.4210525667358214,0.27244582,0.08978328,0.18266254,0.29166667,1.6220094953651294,0.38624339,0.64671815,5.6842102669432855,4.860750232593437,0.8234600343498482,4.389419076241798,sa3025587
Cam Caminiti,ATL,A+,19,68.1,8.95609822760592,4.214634460049845,2.125,0.5268293075062306,0.22818792,0.10738255,0.12080537,0.21621622,1.2878049739041193,0.27807487,0.63758389,4.082927133173287,4.023046227091486,0.0598809060818013,4.672289202805112,sa3025607
Josh Hartle,CLE,AA,23,81.2,8.265307151988395,3.636735146874894,2.27272727,0.8816327628787621,0.20661157,0.09090909,0.11570248,0.26993865,1.4816328376156975,0.32921811,0.72056239,4.297959719033965,4.376809312740212,-0.07884959370624678,4.424357250236686,sa3025623
Sebastian Gongora,BAL,AA,24,83.2,8.605578735543512,2.5816736206630533,3.33333333,0.7529881393600573,0.22792023,0.06837607,0.15954416,0.25077399,1.254980232266762,0.31355932,0.70564516,3.5498012284116984,3.760173736576265,-0.21037250816456643,4.273207561349052,sa3025644
Ethan Bagwell,ATL,"A,A+",20,83.2,8.713147079302606,2.7968126427391082,3.11538462,0.5378485851421362,0.24035608,0.07715134,0.16320475,0.22368421,1.1235059334080177,0.28899083,0.76595745,2.9043823597675353,3.622895523360957,-0.7185131635934217,4.058132095241443,sa3025661
Kade Anderson,SEA,AA,21,72.2,13.376148661503036,1.2385322834725032,10.8,0.49541291338900134,0.4137931,0.03831418,0.37547893,0.16,0.6880734908180574,0.26086957,0.88105727,1.3623855118197536,1.8479467834329109,-0.4855612716131572,2.428761634249179,sa3026056
Jamie Arnold,OAK,AA,22,80.1,9.522822179695995,4.257261680334681,2.23684211,0.5601660105703526,0.23351648,0.1043956,0.12912088,0.27272727,1.5560166960287574,0.3580786,0.712,4.14522847822061,4.024143336423123,0.12108514179748742,4.4609949034491185,sa3026225
Drew Beam,KCR,AA,23,77,7.246753246753247,3.038961038961039,2.38461538,1.4025974025974026,0.18674699,0.07831325,0.10843373,0.25752508,1.3376623376623376,0.28888889,0.56866953,6.194805194805195,5.351998030674922,0.8428071641302726,5.237669159955793,sa3026785
Aiven Cabral,ATL,"A,A+",22,76.2,7.5130429798263565,2.113043338076163,3.55555556,0.5869564827989341,0.21621622,0.06081081,0.15540541,0.20938628,0.991304282060422,0.25480769,0.78571429,1.8782607449565891,3.508784027349768,-1.630523282393179,3.9691131806168967,sa3028218
Austin Cates,TOR,"A+,AA",23,73,8.506849315068493,4.931506849315069,1.725,0.9863013698630136,0.21766562,0.12618297,0.09148265,0.23550725,1.4383561643835616,0.28643216,0.70675105,4.808219178082192,4.828816643806354,-0.02059746572416188,5.515730040816412,sa3028648
Everett Catlett,COL,A+,23,78,10.038461538461538,3.6923076923076925,2.71875,1.3846153846153846,0.25438596,0.09356725,0.16081871,0.2815534,1.5256410256410255,0.35714286,0.71705426,5.3076923076923075,4.706793352273794,0.6008989554185131,4.724098560023002,sa3028650
Jack Cebert,NYY,"A+,AA",24,77.2,10.31330581855754,2.5493564944748974,4.04545455,1.3905580878953987,0.26969697,0.06666667,0.2030303,0.24172185,1.2231760958339155,0.30348259,0.6888361,4.287554104344146,4.369550023520365,-0.08199591917621873,3.959451554313927,sa3028683
Jurrangelo Cijntje,STL,AA,23,80.1,11.203320211407053,4.481328084562821,2.5,1.5684648295969874,0.28248588,0.11299435,0.16949153,0.22622951,1.3568465589370764,0.28795812,0.70121951,5.041494095133174,5.256508559677899,-0.2150144645447245,4.798841160517092,sa3028930
Braden Davis,STL,AA,23,73,10.602739726027398,5.671232876712328,1.86956522,1.2328767123287672,0.2654321,0.14197531,0.12345679,0.24087591,1.5342465753424657,0.31460674,0.70588235,4.684931506849315,5.130151384170741,-0.445219877321426,5.04309944775823,sa3029886
Jaron DeBerry,MIL,AA,23,83.1,9.828000599853553,4.428000270263689,2.2195122,1.1880000725097701,0.26149425,0.11781609,0.14367816,0.20529801,1.2360000754394578,0.255,0.74514039,3.9960002438964994,4.797641338378911,-0.8016410944824117,4.771937169205606,sa3029984
Samuel Dutton,OAK,A+,23,80.1,5.153527297247245,3.809128871878398,1.35294118,1.1203320211407053,0.12849162,0.09497207,0.03351955,0.28125,1.5435685624605273,0.3030303,0.73684211,4.7053944887909624,5.854419177889768,-1.1490246890988054,6.060607935040842,sa3030705
Joseph Dzierwa,BAL,"A+,AA",22,86,11.093023255813954,2.197674418604651,5.04761905,0.313953488372093,0.3090379,0.06122449,0.24781341,0.17777778,0.8953488372093024,0.25728155,0.73934837,2.302325581395349,2.526727583787816,-0.2244020023924671,3.6343286192607747,sa3030726
Daniel Eagen,ARI,AA,23,71.1,11.102804529978282,3.658878765561025,3.03448276,2.018691732723324,0.28025478,0.09235669,0.18789809,0.25088339,1.4018692588356416,0.30726257,0.64070352,5.677570498284349,5.403035902920772,0.27453459536357716,4.523139409273768,sa3030728
Riley Eikhoff,CHW,"A,A+",24,83.2,8.713148469737805,1.8286854813029962,4.76470588,1.3984065445258207,0.23964497,0.05029586,0.18934911,0.2476489,1.1474104980724682,0.29333333,0.7518797,3.764940696800286,4.361911364017395,-0.5969706672171089,3.944742017837133,sa3030851
Greg Farone,SFG,AA,24,70.2,8.787737114058745,4.712264829277878,1.86486486,1.7830191245916294,0.21698113,0.1163522,0.10062893,0.25899281,1.5424530522260922,0.2974359,0.7034632,5.858491409372497,5.901645897308214,-0.04315448793571708,5.352930116395935,sa3031164
Rory Fox,NYY,A+,22,76.1,9.786026852938512,2.711790573705853,3.60869565,1.296943317859321,0.25075529,0.0694864,0.18126888,0.25816993,1.3362446305217246,0.32075472,0.58690745,4.71615751948844,4.221342114692438,0.49481540479600206,3.9710945627912295,sa3031610
Dominic Fritton,TBR,A,23,74.1,11.017937973634043,4.600897175803227,2.39473684,0.9686099317480477,0.27743902,0.11585366,0.16158537,0.26989619,1.5605382233718545,0.36842105,0.64272212,5.448430866082768,4.137218453935954,1.3112124121468138,3.7862085948758564,sa3031734
Devin Futrell,BOS,"A,A+",23,71,9.887323943661972,1.5211267605633803,6.5,1.7746478873239437,0.26989619,0.04152249,0.2283737,0.23550725,1.0845070422535212,0.27717391,0.75342466,4.309859154929577,4.464794269078214,-0.15493511414863725,4.023666362695291,sa3031801
Austin Gordon,LAA,AA,23,79.2,8.698745880605259,3.502092497386533,2.48387097,1.5815901601100473,0.22383721,0.09011628,0.13372093,0.25245902,1.3556487086657547,0.29439252,0.73651452,5.08368265749658,5.429725180281497,-0.34604252278491643,5.401849925433451,sa3032478
Aidan Haugh,TBR,A,23,81,9.11111111111111,1.8888888888888888,4.82352941,1.5555555555555556,0.23295455,0.04829545,0.18465909,0.3003003,1.4444444444444444,0.3628692,0.68410463,5.111111111111111,4.5384806668316875,0.5726304442794232,3.7343128074834375,sa3033399
John Holobetz,BOS,AA,23,72,10,3,3.33333333,1.375,0.26229508,0.07868852,0.18360656,0.24014337,1.2638888888888888,0.29787234,0.6443299,4.75,4.428113068474664,0.3218869315253361,4.069548439151712,sa3034016
Merit Jones,MIN,A,22,76.2,9.156522954064803,3.404348277793324,2.68965517,1.291304519162985,0.23353293,0.08682635,0.14670659,0.26845638,1.421739319078438,0.33014354,0.77534791,3.9913048774128628,4.959908778365505,-0.9686039009526421,4.446202607820165,sa3034898
Tanner Jones,KCR,A+,23,70.2,7.259435007265919,2.801887195786846,2.59090909,1.0188680711952167,0.18446602,0.07119741,0.11326861,0.28368794,1.4433964341932237,0.33179724,0.61586639,5.47641588267429,4.967020001280749,0.5093958813935417,5.52053803035853,sa3034912
Jackson Kent,WSN,"AA,AAA",23,78.2,10.29660975340626,2.6313558258704886,3.91304348,1.029660975340626,0.28391167,0.07255521,0.21135647,0.2116041,1.0805084309130026,0.27319588,0.66757493,3.775423576248962,3.6653441669798177,0.11007940926914417,3.711427609815466,sa3035282
Jacob Kisting,TBR,A+,23,70,10.028571428571428,1.8,5.57142857,0.38571428571428573,0.28467153,0.05109489,0.23357664,0.18604651,0.8857142857142857,0.25423729,0.81939799,1.6714285714285715,2.554405076163156,-0.8829765047345843,4.076272443362645,sa3035468
Isaac Lyon,WSN,"A,A+,AA",22,72.1,8.211981927721487,2.7373273092404955,3,0.6221198430092035,0.22073579,0.0735786,0.14715719,0.21978022,1.133640602816771,0.27227723,0.72151899,3.4838711208515396,3.725005476151133,-0.24113435529959348,4.211198489449722,sa3036750
Riley Maddox,WSN,"A+,AA",23,86,8.162790697674419,3.244186046511628,2.51612903,0.5232558139534884,0.21253406,0.08446866,0.1280654,0.23170732,1.244186046511628,0.28979592,0.66666667,4.186046511627907,3.8481339876041862,0.3379125240237211,4.318506576432739,sa3036829
Niko Mazza,SFG,A+,24,72,10.625,5.125,2.07317073,0.625,0.28619529,0.13804714,0.14814815,0.1752988,1.1805555555555556,0.24223602,0.81927711,2.5,4.12666514714559,-1.62666514714559,4.586557259700365,sa3037404
Austin Newton,COL,A,22,81,7.333333333333333,3.888888888888889,1.88571429,1.3333333333333333,0.17789757,0.09433962,0.08355795,0.29878049,1.6419753086419753,0.344,0.64412238,5.777777777777778,6.403953795962863,-0.6261760181850855,5.793474835157395,sa3038826
Braylon Owens,MIL,"A+,AA",23,73.1,11.168180559450086,4.0499995435368445,2.75757576,0.8590908122653913,0.29641694,0.10749186,0.18892508,0.23247232,1.309090761547263,0.32369942,0.75112108,3.804545025746733,4.147633808980334,-0.34308878323360137,4.593748028073247,sa3039298
Caedmon Parker,CHW,A,23,74.1,10.1704042833545,4.116592209929203,2.47058824,0.9686099317480477,0.26006192,0.10526316,0.15479876,0.28268551,1.5336323919344088,0.37696335,0.77205882,3.8744397269921906,4.365918021154243,-0.4914782941620528,3.9342855947336006,sa3039449
Truman Pauley,CHW,A,22,71.2,10.925582946150378,6.906977724577825,1.58181818,1.6325583712638494,0.26204819,0.16566265,0.09638554,0.22058824,1.6046513905584845,0.27325581,0.64833006,5.651163592836402,6.054415552625194,-0.40325195978879247,5.09695227312807,sa3039559
Dalton Pence,TEX,"A+,AA",23,71,10.140844797998218,2.7887323194495104,3.63636364,0.8873239198248442,0.27681661,0.07612457,0.20069204,0.20152091,1.0563379997914812,0.26136364,0.82369942,2.5352111994995545,3.739561596600108,-1.2043503971005536,4.726425348809375,sa3039663
JT Quinn,BAL,A+,22,76,9.592105263157896,2.8421052631578947,3.375,1.5394736842105263,0.25961538,0.07692308,0.18269231,0.22968198,1.1710526315789473,0.27513228,0.77836412,3.789473684210526,4.776961467140599,-0.987487782930073,3.898867088869998,sa3040345
Christian Rodriguez,BAL,A,24,87.2,9.547529624971412,2.669201830637169,3.57692308,0.5133080443533017,0.25340599,0.07084469,0.18256131,0.25297619,1.2661598427381442,0.33613445,0.74311927,2.771863439507829,3.2931630688637075,-0.5212996293558785,3.7822086132213606,sa3040970
Zach Royse,ATL,"A,A+",22,79.2,9.037656543138873,3.2761504968878414,2.75862069,0.9037656543138873,0.23880597,0.08656716,0.15223881,0.25657895,1.3430961807164714,0.32407407,0.68507157,4.744769685147909,4.058199098895096,0.6865705862528131,3.998727095033026,sa3041233
Jonathan Santucci,NYM,AA,23,80,11.3625,4.5,2.525,0.45,0.30513595,0.12084592,0.18429003,0.20761246,1.25,0.30434783,0.67427386,3.6,3.2808908462524418,0.3191091537475583,3.7934240475296974,sa3041559
Colton Shaw,SEA,A+,23,74.2,9.763394187299754,1.2053573070740438,8.1,0.8437501149518306,0.26557377,0.03278689,0.23278689,0.23529412,1.0446429994641713,0.30348259,0.606469,3.9776791133443443,3.3602960575600003,0.617383055784344,3.554719238510186,sa3042084
Evan Siary,TEX,A,22,71.2,7.660466203622678,1.883721197612134,4.06666667,1.2558141317414226,0.21254355,0.05226481,0.16027875,0.24723247,1.1441862089199628,0.285,0.7826087,3.390698155701841,4.39395020065598,-1.0032520449541389,4.398785459870551,sa3042246
Parker Smith,HOU,A+,23,72.2,6.935780787446019,3.096330708681258,2.24,1.114679055125253,0.17283951,0.07716049,0.09567901,0.29109589,1.5137616797997262,0.33480176,0.60344828,5.325688818931765,4.930027813329918,0.3956610056018466,4.916696338589972,sa3042618
Nate Snead,LAA,"A+,AA",22,71.2,7.660466203622678,1.883721197612134,4.06666667,0.8790698922189959,0.21328671,0.05244755,0.16083916,0.22304833,1.0465117764511855,0.26368159,0.71428571,3.641860982050126,3.917646877897089,-0.2757858958469632,4.250661646675968,sa3042668
Tyler Switalski,SFG,"A+,AA",23,78.2,10.983052267695575,3.6610174225651915,3,1.6016951223722713,0.28402367,0.09467456,0.18934911,0.24092409,1.334745935310226,0.30569948,0.75791855,4.57627177820649,4.871512937148935,-0.29524115894244574,4.300215255967723,sa3043424
Zane Taylor,OAK,A+,24,76,7.342105263157895,3.3157894736842106,2.21428571,1.0657894736842106,0.19496855,0.08805031,0.10691824,0.24125874,1.2763157894736843,0.27906977,0.75791855,3.4342105263157894,5.133355507097746,-1.6991449807819565,5.681168553233146,sa3043592
Yoel Tejeda Jr.,WSN,A+,22,79.2,10.619248217881745,4.066946125997264,2.61111111,0.4518829028885849,0.27893175,0.10682493,0.17210683,0.24067797,1.3430964058077384,0.34010152,0.69832402,3.7280339488308254,3.414596333297279,0.3134376155335463,4.3664504389088306,sa3043611
Jackson Wentworth,TOR,AA,23,72.2,7.183487244140519,3.71559685041751,1.93333333,1.2385322834725032,0.1835443,0.09493671,0.0886076,0.25263158,1.403669921268837,0.28571429,0.68539326,4.830275905542763,5.053368116603085,-0.2230922110603224,5.388933426830146,sa3045002
Justin West,NYY,A,22,74,9.72972972972973,3.1621621621621623,3.07692308,1.0945945945945945,0.25157233,0.08176101,0.16981132,0.26736111,1.3918918918918919,0.34170854,0.65677966,5.108108108108108,4.355913314303836,0.7521947938042715,3.8568160865556553,sa3045034
Max Banks,CHW,"A,A+",23,81.1,7.635245125737842,1.4385244439795934,5.30769231,1.1065572645996873,0.20972644,0.03951368,0.17021277,0.26282051,1.1680326681885587,0.30901288,0.75294118,2.9877046144191555,4.1210563020808015,-1.133351687661646,4.045951550836755,sa3058549
Levi Sterling,PIT,A,19,73,9.616438356164384,3.328767123287671,2.88888889,1.6027397260273972,0.25742574,0.08910891,0.16831683,0.22222222,1.1917808219178083,0.26256983,0.6684492,4.561643835616438,5.255024754511167,-0.6933809188947286,4.61742357305468,sa3066664
Braylon Doughty,CLE,"A+,AA",20,72.2,10.899081805932155,1.98165123744221,5.5,0.4954128093605525,0.27936508,0.05079365,0.22857143,0.26421405,1.3073393580347914,0.36231884,0.61521253,3.7155960702041435,2.8481971317505264,0.8673989384536172,3.770437105114208,sa3067030
Charlie McDaniel,SFG,"A+,AA",24,73.1,7.977273280561501,2.086363781069931,3.82352941,0.9818182499152617,0.21523179,0.05629139,0.1589404,0.27816901,1.3090909998870155,0.33649289,0.66433566,4.663636687097493,4.00841683015546,0.6552198569420327,4.032129133867165,sa3067132
Grant Umberger,CHW,A+,24,74.1,7.264574488110358,3.147982278181155,2.30769231,1.5739911390905774,0.17857143,0.07738095,0.10119048,0.26229508,1.4260090661846256,0.2887931,0.61422414,5.569507107551274,5.450433393936091,0.11907371361518315,5.346358490630975,sa3067156
Nico Tellache,SEA,AA,28,78.1,6.3191493464790085,2.987234236517349,2.11538462,0.9191489958514921,0.16566265,0.07831325,0.0873494,0.24752475,1.289361785847232,0.27916667,0.65732759,4.365957730294587,4.684741949709149,-0.31878421941456203,4.8603675980961265,sa3067257
Dylan Jordan,LAA,A,20,72,12.5,4.5,2.77777778,0.5,0.33783784,0.12162162,0.21621622,0.20155039,1.2222222222222223,0.31168831,0.67535545,3.75,4.0428426848517525,-0.29284268485175247,4.481755379918549,sa3067384
Nate Payne,MIA,"A,A+",20,78,12.576923076923077,3.1153846153846154,4.03703704,1.5,0.3374613,0.08359133,0.25386997,0.23890785,1.2435897435897436,0.33333333,0.78239609,3.8076923076923075,4.4322074327713405,-0.6245151250790331,4.030415752167121,sa3067390
Troy Guthrie,TOR,A,20,79.1,8.168067750566482,1.8151261667925518,4.5,1.0210084688208103,0.22429907,0.04984424,0.17445483,0.24252492,1.1218488114203966,0.29090909,0.64676617,3.9705884898587067,4.136744592391994,-0.1661561025332876,4.1857174072694985,sa3067419
Ethan Dorchies,MIL,A+,19,72.1,8.46083008802775,3.4838712127173084,2.42857143,1.119815746944849,0.20987654,0.08641975,0.12345679,0.26297578,1.4377881195341273,0.31603774,0.6300813,4.976958875310441,5.151243051287405,-0.17428417597696377,4.820982269900715,sa3067421
David Shields,KCR,A+,19,76.2,10.80000143299951,2.934782998097693,3.68,0.5869565996195386,0.29392971,0.0798722,0.21405751,0.225,1.1478262392559866,0.31693989,0.60674157,4.10869619733677,3.7014332756878927,0.40726292164887745,4.158062812745334,sa3067433
Ricardo Reyes,OAK,DSL,18,28.2,7.220929431812216,3.7674414426846345,1.91666667,1.2558138142282116,0.184,0.096,0.088,0.24324324,1.3604649654138958,0.27380952,0.64971751,5.023255256912846,6.188732784357912,-1.1654775274450655,5.19924359802335,sa3067598
Leandro Rodriguez,SFG,CPX,20,47.1,11.028170199130443,2.091549520524739,5.27272727,0.570422596506747,0.30051813,0.05699482,0.24352332,0.22159091,1.056338141679161,0.31304348,0.61776062,4.183099041049478,4.41800524893792,-0.23490620788844208,5.265566981754282,sa3067623
Sheroky Rodriguez,DET,DSL,18,29,7.758620689655173,4.0344827586206895,1.92307692,0.6206896551724138,0.19685039,0.1023622,0.09448819,0.22522523,1.3103448275862069,0.27380952,0.52356021,4.655172413793103,5.341900572283515,-0.6867281584904115,5.204130399689593,sa3068121
Kevin Martinez,COL,DSL,18,26.2,9.112498913705478,4.049999517202435,2.25,1.0124998793006088,0.23684211,0.10526316,0.13157895,0.24,1.3499998390674783,0.3,0.73964497,4.387499476969304,5.526814244687571,-1.1393147677182673,4.950613320110118,sa3068133
Gensi Angeles,ATL,CPX,18,49.2,7.610737475633304,4.711408913487284,1.61538462,0.36241607026825257,0.20095694,0.12440191,0.07655502,0.19889503,1.24832201981287,0.24817518,0.81699346,2.1744964216095153,4.704829333927244,-2.530332912317729,5.505673409416575,sa3068154
Fredy Penuelas,NYY,DSL,19,30.2,11.152172757006442,3.2282605349229176,3.45454545,0.29347823044753796,0.3220339,0.09322034,0.22881356,0.19626168,1.043478152702357,0.29411765,0.81699346,0.8804346913426139,3.536053597228503,-2.655618905885889,3.6436541898131556,sa3068160
Carlos Galindo,MIL,DSL,18,33.1,6.480000988769683,4.320000659179788,1.5,0.5400000823974735,0.15686275,0.10457516,0.05228758,0.26119403,1.5300002334595082,0.30555556,0.68359375,4.050000617981051,5.5643145256042725,-1.5143139076232215,5.9089974557095,sa3068361
Jan Cabrera,STL,CPX,21,40.1,9.595042532303554,3.1239673360988314,3.07142857,0.6694215720211782,0.24571429,0.08,0.16571429,0.28125,1.462810101824056,0.36842105,0.84229391,2.677686288084713,4.131752671538199,-1.454066383453486,4.129972877852265,sa3068371
Ysaias Escalona,CIN,DSL,19,38.1,7.9826097548257255,2.8173916781737853,2.83333333,0,0.23287671,0.08219178,0.15068493,0.16923077,0.8869566394250806,0.22916667,0.86842105,0.7043479195434463,3.992575165725151,-3.2882272461817044,4.86425766282003,sa3068380
Ricardo Osorio,OAK,DSL,18,32,9.28125,3.375,2.75,0,0.2481203,0.09022556,0.15789474,0.2231405,1.21875,0.30681818,0.69230769,3.375,3.576814365386963,-0.20181436538696307,4.111649972898886,sa3068460
Jose Puello,ARI,DSL,19,29,5.275862068965517,5.275862068965517,1,1.5517241379310345,0.13076923,0.13076923,0,0.2920354,1.7241379310344827,0.30769231,0.74418605,4.655172413793103,7.341900572283515,-2.6867281584904115,5.999817915620476,sa3068470
Diego Arroyo,COL,DSL,18,29.2,8.494381112261449,1.5168537700466873,5.6,1.5168537700466873,0.23140496,0.04132231,0.19008264,0.28695652,1.280898739150536,0.34146341,0.90625,3.0337075400933746,5.4244266274149755,-2.390719087321601,3.920202849609693,sa3068474
Raymond Sarmiento,MIL,DSL,18,28.2,7.534882885369269,3.1395345355705286,2.4,0.9418603606711586,0.20869565,0.08695652,0.12173913,0.24038462,1.2209300971663168,0.28571429,0.81761006,2.825581082013476,5.351523574872438,-2.5259424928589618,4.986101489835742,sa3068482
Leonel Murrieta,HOU,DSL,19,27.1,6.256098288570763,4.280488302706312,1.46153846,0,0.16101695,0.11016949,0.05084746,0.21568627,1.2804879538010334,0.26506024,0.55263158,4.939024964661129,4.880168066472972,0.058856898188156315,5.774666747528156,sa3068505
Cesar Acosta,NYY,DSL,19,32,10.96875,4.21875,2.6,0.28125,0.30952381,0.11904762,0.19047619,0.17431193,1.0625,0.26086957,0.63583815,3.375,4.076814365386963,-0.7018143653869631,4.154463248373941,sa3068506
Wilner Berroteran,LAA,DSL,18,31.2,9.094735929114098,4.547367964557049,2,0.8526314933544467,0.22857143,0.11428571,0.11428571,0.2601626,1.5157893215190164,0.32954545,0.73660714,3.694736471202602,5.335366914543097,-1.6406304433404948,4.90161796959226,sa3068617
Frederik Dolsi,TEX,DSL,18,30,6.6,4.2,1.57142857,0.9,0.16666667,0.10606061,0.06060606,0.26548673,1.4666666666666666,0.30681818,0.73660714,4.5,6.2476476987202965,-1.7476476987202965,5.7898015441993875,sa3068621
Kelvin Zapata,BAL,DSL,18,27.2,12.686745530238149,5.530119846514064,2.29411765,0,0.34821429,0.15178571,0.19642857,0.18681319,1.22891552144757,0.32692308,0.65789474,2.60240933953603,3.9721457529836233,-1.3697364134475931,4.3256343066611995,sa3068622
Anderson Alvarez,TBR,DSL,18,29.1,6.443182516442918,4.602273226030656,1.4,1.534091075343552,0.15909091,0.11363636,0.04545455,0.27826087,1.6022729009143766,0.30337079,0.66666667,5.215909656168077,7.037041911507471,-1.8211322553393936,5.765777392200506,sa3068623
Abner Meza,NYM,DSL,19,30.1,8.901099833928605,1.4835166389881007,6,0.29670332779762015,0.24793388,0.04132231,0.20661157,0.2173913,0.9890110926587338,0.28571429,0.77702703,1.7802199667857208,3.558270309150187,-1.7780503423644662,3.8819951536425696,sa3068632
Jhosneyker Colina,NYY,DSL,18,26.2,9.112498913705478,2.0249997586012176,4.5,0.6749999195337392,0.2195122,0.04878049,0.17073171,0.30172414,1.5374998167157392,0.37931034,0.56122449,4.387499476969304,4.251814396679398,0.1356850802899059,3.9797412275572883,sa3068683
Steven Duran,MIL,DSL,17,27.2,7.4819268511660875,7.156625683724084,1.04545455,0.9759035023260114,0.17293233,0.16541353,0.0075188,0.26415094,1.8072287080111322,0.3125,0.59055118,8.132529186050094,7.1890128532434385,0.9435163328066558,6.5158089478230385,sa3068703
Antonio Morales,HOU,DSL,19,27.1,6.5853666195481715,3.2926833097740857,2,0.3292683309774086,0.17241379,0.0862069,0.0862069,0.22115385,1.2073172135838315,0.26506024,0.625,2.9634149787966773,4.843582696364372,-1.8801677175676947,5.143205075200385,sa3068754
Masahiro Fukuda,TEX,DSL,24,27,9.333333333333334,3,3.11111111,1.6666666666666667,0.22764228,0.07317073,0.15447155,0.29824561,1.5925925925925926,0.35802469,0.69444444,5.666666666666667,5.847647698720296,-0.18098103205362914,4.43633623757848,sa3068828
Derlin Garcia,MIL,DSL,19,30.2,10.565216296111366,3.2282605349229176,3.27272727,0.5869564608950759,0.27272727,0.08333333,0.18939394,0.25833333,1.3695650754218438,0.35365854,0.64676617,3.8152169958179933,4.188227442667476,-0.37301044684948303,4.11109615217079,sa3068831
Roberto Castellanos,TOR,DSL,19,35,6.942857142857143,1.8,3.85714286,0.2571428571428571,0.1942446,0.05035971,0.14388489,0.20454545,0.9714285714285714,0.25,0.67484663,2.8285714285714287,3.942885793958392,-1.1143143653869632,4.619298412757261,sa3068897
Victor Jimenez,HOU,DSL,19,27.2,4.2289151767460496,5.20481867907206,0.8125,0.32530116744200377,0.11818182,0.14545455,-0.02727273,0.15957447,1.120481798966902,0.175,0.91216216,0.9759035023260114,5.779374460994756,-4.803470958668744,6.458332796363982,sa3068957
Tyler Boudreau,NYY,A,23,74,10.337837837837839,3.527027027027027,2.93103448,0.7297297297297297,0.28619529,0.0976431,0.18855219,0.18421053,1.054054054054054,0.24571429,0.68435754,3.1621621621621623,3.734291692682215,-0.5721295305200527,4.080452037058972,sa3069160
Carson Fischer,WSN,"A,A+",23,81.2,6.7224487179172785,1.7632652374864992,3.8125,0.1102040773429062,0.18944099,0.04968944,0.13975155,0.24671053,1.1142856709116071,0.30578512,0.75327511,2.3142856242010303,2.9243026467076794,-0.610017022506649,3.8670416174354454,sa3069199
Jarrette Bonet,MIL,A,20,78.2,8.466102789682006,4.0042378059306785,2.11428571,1.2584747390067845,0.21828909,0.10324484,0.11504425,0.25752508,1.423728997664241,0.30841121,0.66929134,5.033898956027138,5.074419336721724,-0.04052038069458597,4.5897987130205795,sa3069245
Johnny Slawinski,LAA,CPX,19,51,13.235294117647058,2.823529411764706,4.6875,0.7058823529411765,0.3440367,0.0733945,0.2706422,0.23857868,1.2352941176470589,0.36440678,0.68910256,3.5294117647058822,4.281026572807162,-0.7516148081012801,4.461505531768005,sa3069264
Mikey Cascino,LAA,CPX,19,45.2,11.430655661182747,4.138685670428236,2.76190476,0.3941605400407844,0.26484018,0.09589041,0.16894977,0.29230769,1.708029006843399,0.40740741,0.5370844,6.1094883706321585,4.5731405425703,1.5363478280618583,5.311351467798706,sa3069304
Ethan Cole,COL,A,22,74.2,8.075893957396092,3.254464729099918,2.48148148,0.9642858456592349,0.20241692,0.081571,0.12084592,0.2781457,1.4866073453913204,0.33480176,0.54027505,6.267857996785027,5.278457868220869,0.9894001285641583,5.554122366755514,sa3069408
Connor Gehr,BAL,CPX,20,46.1,8.158274276873282,4.661871015356161,1.75,1.1654677538390403,0.20487805,0.11707317,0.08780488,0.24719101,1.4676260603899027,0.29230769,0.65495208,4.4676263897163215,5.800044668316213,-1.3324182785998913,5.6520878633198945,sa3069409
Kendri Fana,LAA,DSL,17,30,6.3,2.7,2.33333333,0.9,0.17355372,0.07438017,0.09917355,0.22727273,1.1333333333333333,0.25581395,0.6918239,3.6,5.514314365386963,-1.914314365386963,5.328130741665761,sa3069444
Jack Kartsonas,TBR,"A+,AA",25,74.2,9.642856485989673,1.9285712971979347,5,1.0848213546738383,0.25,0.05,0.2,0.25675676,1.2321427732097916,0.3236715,0.64073227,3.9776783004707403,3.94434083926872,0.033337461202020524,3.860490079379799,sa3075388
Derek Vartanian,ATL,A,22,75.2,8.801763297834798,2.616740439896832,3.36363636,1.308370219948416,0.23417722,0.06962025,0.16455696,0.25170068,1.2687226375257366,0.30143541,0.68238213,3.8061679125772097,4.418722250166907,-0.6125543375896969,3.7960847244303006,sa3076147
Gregory Sipion,ARI,DSL,18,28.2,6.906975978255163,2.1976741748993702,3.14285714,0.3139534535570529,0.171875,0.0546875,0.1171875,0.2991453,1.46511611659958,0.36170213,0.62780269,4.709301803355793,4.584081799510753,0.1252200038450404,4.841338392261264,sa3076447
Anderson Carias,LAD,DSL,17,27,7.333333333333333,5.333333333333333,1.375,0,0.171875,0.125,0.046875,0.28440367,1.7407407407407407,0.35632184,0.52,7.333333333333333,4.995795846868445,2.337537486464888,5.56930563411227,sa3076469
Raudi Perez,SDP,DSL,18,29.1,4.602273226030656,6.136364301374208,0.75,0.9204546452061312,0.1119403,0.14925373,-0.03731343,0.20754717,1.4318183369873152,0.21590909,0.58951965,6.136364301374208,7.684769254430304,-1.548404953056096,7.3554358094114,sa3076471
Olmedo Barria,NYM,DSL,19,29,9.931034482758621,1.5517241379310345,6.4,0,0.29090909,0.04545455,0.24545455,0.20792079,0.896551724137931,0.30434783,0.76666667,2.1724137931034484,3.2384522964214457,-1.0660385033179973,3.7724096845450075,sa3076953
Sammy Zarraga,DET,DSL,20,28.1,8.258824456026915,3.811765133550883,2.16666667,0.3176470944625736,0.19548872,0.09022556,0.10526316,0.30833333,1.7294119587406784,0.38709677,0.53497942,5.717647700326325,4.514314365386963,1.2033333349393622,5.17729736107397,sa3076967
Juan Villamizar,COL,DSL,17,27.2,6.180722181398072,3.253011674420038,1.9,0.32530116744200377,0.18269231,0.09615385,0.08653846,0.17021277,0.9397589281657888,0.2027027,0.73170732,1.9518070046520228,4.695037236188076,-2.7432302315360535,4.9615922589334644,sa3076992
Jeyver Manaure,ARI,DSL,19,33.2,9.089107537734904,0.8019800768589621,11.33333333,0,0.28333333,0.025,0.25833333,0.12068966,0.5049504187630502,0.17073171,0.61111111,1.6039601537179242,2.8509482800498565,-1.2469881263319322,3.5287596406334756,sa3077011
German Arvayo,SEA,DSL,19,28,8.357142857142858,2.25,3.71428571,1.2857142857142858,0.21311475,0.05737705,0.15573771,0.26315789,1.3214285714285714,0.30952381,0.61728395,4.5,5.37145722252982,-0.8714572225298198,4.474835456428783,sa3077018
Victor De La Cruz,LAA,DSL,18,26.1,7.177216056294508,3.7594941247256948,1.90909091,0.34177219315688134,0.19090909,0.1,0.09090909,0.23469388,1.2911393963704407,0.28947368,0.77380952,2.7341775452550507,4.78013718228676,-2.045959637031709,5.029239828215426,sa3077210
Jose Navarrete,CIN,DSL,18,31,10.161290322580646,4.064516129032258,2.5,0,0.26515152,0.10606061,0.15909091,0.20869565,1.2258064516129032,0.3,0.70731707,2.032258064516129,3.9014111395805116,-1.8691530750643826,4.584949120302355,sa3077246
Luis Delgado,CIN,DSL,17,29,7.758620689655173,4.0344827586206895,1.92307692,0.3103448275862069,0.2293578,0.11926606,0.11009174,0.11578947,0.8275862068965517,0.14492754,0.84745763,1.2413793103448276,4.6867281584904115,-3.445348848145584,4.9691308275378985,sa3077257
Emmanuel Hernandez,TBR,DSL,17,25.2,8.766232680502473,6.31168752996178,1.38888889,1.4025972288803956,0.21551724,0.15517241,0.06034483,0.22680412,1.5584413654226619,0.26470588,0.70621469,4.909090301081385,6.813015379385389,-1.9039250783040043,5.898388183599315,sa3077272
Yunior Jerez,NYY,DSL,20,30,9,3.9,2.30769231,0.6,0.25641026,0.11111111,0.14529915,0.16504854,1,0.21126761,0.67375887,3.3,4.78098103205363,-1.4809810320536299,4.430473173906406,sa3077363
Juan Medina,TEX,DSL,19,28.2,11.302324328053905,3.1395345355705286,3.6,0.3139534535570529,0.29032258,0.08064516,0.20967742,0.23636364,1.2558138142282116,0.34246575,0.62176166,3.7674414426846345,3.921291175334752,-0.1538497326501176,4.349126547578498,sa3077414
Cesar Navarro,ATL,DSL,17,27,7,5.333333333333333,1.3125,0,0.1875,0.14285714,0.04464286,0.15789474,1.1481481481481481,0.2027027,0.75,2,4.847647698720296,-2.847647698720296,5.994667273207948,sa3077491
