Rank,Name,Team,Player_Type,Position,Salary_M,Dollar_Per_Score,Rostered_By,HR,R,RBI,SB,AVG,OBP,SLG,W,QS,SO,ERA,WHIP,IP,SV,HLD,Strategy_Score,FPTS,WAR,z_HR,z_R,z_RBI,z_QS,z_K,z_ERA,z_WHIP,Block_Type,Blocking_Franchise,Tier
1,Garrett Crochet,BOS,Pitcher,SP,,,,19.5212,70.6296,,,0.219268,,,13.5715,20.7616,238.814,3.01049,1.07399,192.855,0.0,0.0,9.143214569533024,1084.0,5.59019,,,,2.3348788221649888,2.811231068371294,2.5079202305997472,2.567542756245675,,,Tier 1 - Elite
2,Chris Sale,ATL,Pitcher,SP,,,,18.0894,64.9745,,,0.220891,,,12.0899,17.736,205.46,3.19138,1.09201,168.535,0.0,0.0,6.998200940966493,916.2,4.15073,,,,1.5255772681114907,1.8498519798593809,2.118621329728372,2.368753038551662,,,Tier 1 - Elite
3,Cristopher Sánchez,PHI,Pitcher,SP,2.0,0.291822324086675,JD Barnett,17.6489,77.3882,,,0.242515,,,13.468,21.089,192.403,3.15767,1.17823,198.055,0.0,0.0,6.853485271421436,981.0,4.68906,,,,2.4224532962518186,1.4735035131477396,2.1911696516277255,1.4176071195961737,Partial,JD Barnett,Tier 1 - Elite
4,Jacob deGrom,TEX,Pitcher,SP,,,,24.6831,76.8127,,,0.225878,,,12.0789,18.2323,213.722,3.476,1.09234,184.508,0.0,0.0,6.8523354976178865,929.5,4.30954,,,,1.6583298994166036,2.0879917540779283,1.5060819236472691,2.3651126053197498,,,Tier 1 - Elite
5,Pete Alonso,BAL,Batter,Batter,,,,35.1294,87.6208,101.037,2.6104,0.253958,0.336995,0.493137,,,147.343,,,,,,6.69091415317777,870.7,2.69463,2.333654419960969,1.5213246730699845,2.7024112108446783,,,,,,,Tier 1 - Elite
6,Cole Ragans,KCR,Pitcher,SP,11.0,1.7272449874375224,JD Barnett,17.8325,67.1037,,,0.216084,,,11.8458,17.6211,210.53,3.22649,1.16793,172.018,0.0,0.0,6.368523330508661,908.0,4.24898,,,,1.4948432819399053,1.9959871354255916,2.0430600250150435,1.531232762895196,Partial,JD Barnett,Tier 1 - Elite
7,Bryan Woo,SEA,Pitcher,SP,,,,26.1644,84.1093,,,0.234757,,,12.1494,19.0891,195.866,3.58908,1.12731,195.095,0.0,0.0,6.115000310944498,901.6,3.28973,,,,1.8875107466908754,1.5733193008648585,1.262718997501351,1.979336998895796,,,Tier 1 - Elite
8,Matt Olson,ATL,Batter,Batter,24.0,4.2197673156890625,Tyler Hart,30.8217,93.5477,91.0061,1.1675,0.25599,0.34928,0.477671,,,157.32,,,,,,5.68751739243256,883.1,3.20447,1.7181332331758055,1.92343001347369,1.9806300562479795,,,,,Partial,Tyler Hart,Tier 1 - Elite
9,Logan Gilbert,SEA,Pitcher,SP,13.8,2.473668297143924,Ross & Jack Kantor,20.9773,67.9785,,,0.227512,,,11.0144,16.1895,182.023,3.39244,1.09786,166.486,0.0,0.0,5.578759292801449,824.7000000000002,3.16617,,,,1.1119122584130061,1.174315561515142,1.6859139550299438,2.304218085804159,Partial,Ross & Jack Kantor,Tier 1 - Elite
10,Ronald Acuña Jr.,ATL,Batter,Batter,44.0,7.979108239623294,Steve Cornish,30.7731,110.17,84.9044,24.162,0.285494,0.38803,0.50309,,,135.275,,,,,,5.514400692235416,1045.7,5.2691,1.7111888476155857,3.0511554010780877,1.541577521480144,,,,,Partial,Steve Cornish,Tier 1 - Elite
11,Dylan Cease,TOR,Pitcher,SP,14.6,2.7200986323649157,Nick & Alex Gianaris,22.4499,80.0197,,,0.223294,,,12.2999,17.3738,216.007,3.60353,1.21641,184.857,0.0,0.0,5.367452424806532,900.2,3.7996,,,,1.4286943282390099,2.1538534563400176,1.231620710599967,0.9964200262800018,,,Tier 1 - Elite
12,George Kirby,SEA,Pitcher,SP,23.9,4.537831481631806,Jake Levine & Johnny Drago,22.0991,75.4406,,,0.239141,,,11.4747,17.1252,174.012,3.50094,1.11685,178.218,0.0,0.0,5.266832868682366,842.5999999999999,3.16044,,,,1.3621976444943975,0.943410486319695,1.4524077869468872,2.0947277007315015,,,Tier 1 - Elite
13,Jesús Luzardo,PHI,Pitcher,SP,,,,23.3458,77.847,,,0.230748,,,11.8543,17.3246,198.811,3.57443,1.19356,180.975,0.0,0.0,5.159967670172635,852.1,3.50965,,,,1.4155340835075745,1.6582045145024307,1.2942477105190175,1.2484924485501583,,,Tier 1 - Elite
14,Joe Ryan,MIN,Pitcher,SP,,,,26.5899,82.7943,,,0.233546,,,11.2976,16.6926,199.467,3.82952,1.1391,182.4,0.0,0.0,5.049370615156263,827.2999999999998,3.43254,,,,1.2464837853314072,1.6771127318695775,0.7452607205069713,1.8492742479739084,,,Tier 1 - Elite
15,Hunter Greene,CIN,Pitcher,SP,,,,28.1852,85.7245,,,0.224551,,,11.0564,16.5559,220.007,3.93789,1.18682,183.816,0.0,0.0,4.937912643423494,836.0000000000002,3.57287,,,,1.2099186338113415,2.2691474646762786,0.5120343293994981,1.3228455394079632,,,Tier 1 - Elite
16,Brent Rooker,ATH,Batter,Batter,,,,30.4818,82.3599,90.7507,5.3677,0.257725,0.334903,0.485611,,,155.096,,,,,,4.916511815488889,807.0,2.16814,1.669565400831799,1.164403519460196,1.9622525520475584,,,,,,,Tier 1 - Elite
17,Hunter Brown,HOU,Pitcher,SP,,,,20.8733,81.0952,,,0.235102,,,12.0274,17.6519,199.991,3.63146,1.22679,184.176,0.0,0.0,4.886672673491547,870.3000000000002,3.58674,,,,1.5030818091295042,1.6922162469616278,1.171511703461167,0.8819118537126392,,,Tier 1 - Elite
18,Nick Pivetta,SDP,Pitcher,SP,,,,29.436,89.6149,,,0.232487,,,11.5509,17.127,209.948,3.95757,1.20092,191.005,0.0,0.0,4.671411309047583,839.7,2.86745,,,,1.3626791168626207,1.9792118572126658,0.469680399557336,1.1672997558627027,,,Tier 1 - Elite
19,Framber Valdez,,Pitcher,SP,,,,16.098,81.3849,,,0.248888,,,12.078,19.1945,178.531,3.47402,1.27679,190.384,0.0,0.0,4.572397890626128,886.2,3.71929,,,,1.915703628696838,1.0736638922375863,1.5103431421984623,0.3303310609989492,,,Tier 1 - Elite
20,Sonny Gray,BOS,Pitcher,SP,4.2,0.9230706409675685,Steve Cornish,21.2188,80.6759,,,0.243104,,,11.5177,17.0218,189.835,3.68218,1.20609,181.357,0.0,0.0,4.550030965774768,854.5000000000001,3.87305,,,,1.3345397317864611,1.3994847597958604,1.0623556403720191,1.110266301896106,,,Tier 1 - Elite
21,Blake Snell,LAD,Pitcher,SP,10.5,2.3781759306544714,Nolan Chidester,18.9074,69.7441,,,0.217713,,,11.346,15.9606,200.444,3.52217,1.25161,163.779,0.0,0.0,4.415148545007102,806.1000000000001,3.28673,,,,1.0506850222539483,1.7052732934057087,1.4067180547035387,0.6081071482095655,,,Tier 1 - Elite
22,Nathan Eovaldi,TEX,Pitcher,SP,,,,20.2668,76.057,,,0.242858,,,11.1122,16.8483,171.35,3.59563,1.18917,174.547,0.0,0.0,4.322437660409798,814.2,3.3949,,,,1.288131145182719,0.866682323771913,1.2486225421931116,1.296921242150419,,,Tier 1 - Elite
23,Fernando Tatis Jr.,SDP,Batter,Batter,25.7,5.9545878223301685,Tyler Hart,30.3064,97.4287,77.9354,23.7437,0.274794,0.35984,0.502477,,,119.373,,,,,,4.31599982514709,917.0,5.0858,1.644502741834627,2.186733059940946,1.0401177455493311,,,,,Partial,Tyler Hart,Tier 1 - Elite
24,Julio Rodríguez,SEA,Batter,Batter,33.1,7.6726393425386,Brenden Freedman,29.7784,84.4803,90.6497,22.5935,0.274754,0.334297,0.490239,,,134.157,,,,,,4.3140304818561175,857.0,5.58504,1.569057565377918,1.3082602006581272,1.954985019063054,,,,,,,Tier 1 - Elite
25,Zack Wheeler,PHI,Pitcher,SP,,,,14.5086,48.7226,,,0.222277,,,8.6982,13.0375,145.14,3.20176,1.08713,125.797,0.0,0.0,4.201850172386591,653.9000000000001,3.01561,,,,0.26880064472427523,0.11121833414856137,2.096282214293329,2.422587323920518,,,Tier 2 - Strong
26,Freddie Freeman,LAD,Batter,Batter,24.6,5.906460986549892,Zack Semler,23.9556,88.2507,91.6627,7.4261,0.279229,0.362303,0.469213,,,124.145,,,,,,4.164930582969864,900.9,3.1756,0.7370458731958601,1.5640596869761227,2.0278762162244712,,,,,Partial,Zack Semler,Tier 1 - Elite
27,Yoshinobu Yamamoto,LAD,Pitcher,SP,23.8,5.721854590226327,Brenden Freedman,17.3478,67.5338,,,0.236291,,,11.3405,15.8287,169.568,3.43223,1.20337,161.291,0.0,0.0,4.159490533131251,783.3000000000002,3.60515,,,,1.0154037970491439,0.8153188430581092,1.6002806791956135,1.1402722970197314,,,Tier 2 - Strong
28,Rafael Devers,SFG,Batter,Batter,18.4,4.475768628880052,Nick & Alex Gianaris,28.6226,81.9221,83.3638,2.1866,0.248672,0.346763,0.464339,,,154.66,,,,,,4.111025731150034,814.4,2.79592,1.4039069310054468,1.1347013618350057,1.4307224589462064,,,,,,,Tier 1 - Elite
29,Bryce Harper,PHI,Batter,Batter,24.4,5.958170943920932,Jake Levine & Johnny Drago,26.9251,82.7258,86.7633,9.172,0.272763,0.367696,0.494792,,,128.49,,,,,,4.095216506819949,871.0,3.54154,1.1613535464689624,1.189227684547125,1.6753361062810896,,,,,,,Tier 1 - Elite
30,Bobby Witt Jr.,KCR,Batter,Batter,35.7,8.776959254407535,Nick & Alex Gianaris,26.4269,97.2182,86.2704,31.3062,0.291511,0.349368,0.510682,,,105.948,,,,,,4.067467896933952,928.4,6.38615,1.0901664500471204,2.1724518717725974,1.6398691062012647,,,,,,,Tier 1 - Elite
31,Ketel Marte,ARI,Batter,Batter,,,,26.0001,90.264,79.3525,5.8557,0.280125,0.364727,0.494964,,,98.1996,,,,,,4.017626276836626,862.1,4.49146,1.0291815990779472,1.7006502624598967,1.1420862702259789,,,,,,,Tier 1 - Elite
32,Pablo López,MIN,Pitcher,SP,12.6,3.1648580072214276,Steve Cornish,22.9737,83.2751,,,0.245654,,,11.2099,16.6539,181.049,3.81451,1.20775,181.85,0.0,0.0,3.9812212652984424,811.1000000000001,3.24153,,,,1.2361321294146075,1.1462414704852628,0.7775642005339458,1.0919538195780116,Partial,Steve Cornish,Tier 2 - Strong
33,Spencer Schwellenbach,ATL,Pitcher,SP,7.3,1.9052050644346765,Tyler Hart,20.0931,73.5008,,,0.247013,,,11.1162,16.0494,162.638,3.64809,1.18473,166.671,0.0,0.0,3.8316085424463733,770.4,2.98116,,,,1.0744376590862956,0.6155719736155365,1.1357217718923085,1.3459016165433948,Partial,Tyler Hart,Tier 2 - Strong
34,Freddy Peralta,MIL,Pitcher,SP,7.5,1.9703562802709367,Tyler Hart,24.8697,82.7815,,,0.226944,,,10.8695,15.6516,199.68,3.90843,1.23362,177.641,0.0,0.0,3.806418197103268,787.3000000000001,2.94727,,,,0.9680322657089555,1.6832521378134833,0.5754360963278559,0.8065659174279505,,,Tier 2 - Strong
35,MacKenzie Gore,WSN,Pitcher,SP,2.0,0.5302762266665145,Brenden Freedman,22.0977,79.1871,,,0.229737,,,10.5379,15.8066,192.89,3.76138,1.25099,175.533,0.0,0.0,3.771619204150708,798.0000000000002,2.92779,,,,1.0094923863059582,1.4875405586626793,0.8919068983242942,0.6149467500392135,,,Tier 2 - Strong
36,Corbin Carroll,ARI,Batter,Batter,33.0,9.082652235525495,Jake Levine & Johnny Drago,26.8982,91.0918,85.6888,32.5681,0.261203,0.34875,0.499266,,,126.127,,,,,,3.633299959556441,892.0,4.57861,1.1575098433502398,1.7568116285680124,1.5980196291340587,,,,,,,Tier 1 - Elite
37,Eugenio Suárez,,Batter,Batter,,,,30.4321,71.4453,82.2477,3.0288,0.230072,0.306333,0.450044,,,170.309,,,,,,3.591831288822769,681.4,2.38043,1.6624638378206276,0.4239120402096136,1.3504126216788248,,,,,,,Tier 1 - Elite
38,Austin Riley,ATL,Batter,Batter,21.7,6.085509939629177,Steve Cornish,26.2878,77.1028,84.6615,2.6802,0.260124,0.323066,0.462227,,,156.89,,,,,,3.5658474335385435,742.6,2.98552,1.0702906469313473,0.8077401735228062,1.5240994644312718,,,,,,,Tier 1 - Elite
39,Luis Castillo,SEA,Pitcher,SP,18.7,5.329411975086424,Nick & Alex Gianaris,24.9223,84.0676,,,0.241479,,,10.9149,16.4458,171.802,3.85787,1.21933,181.473,0.0,0.0,3.5088298835626706,759.9000000000001,2.36351,,,,1.1804685739550178,0.8797105467139105,0.6842478185239789,0.9642077079855219,,,Tier 2 - Strong
40,Michael King,SDP,Pitcher,SP,,,,22.986,80.0817,,,0.234609,,,11.0715,15.7364,182.292,3.7932,1.24476,175.764,0.0,0.0,3.47811439154908,768.7,3.06207,,,,0.9907149639452512,1.1820690835757557,0.8234261032238065,0.6836737168113387,,,Tier 2 - Strong
41,Spencer Strider,ATL,Pitcher,SP,12.5,3.6837895609470475,Steve Cornish,21.1423,73.3784,,,0.22898,,,10.6405,14.5594,187.188,3.82731,1.22644,160.846,0.0,0.0,3.3932448618987987,748.1000000000001,2.66349,,,,0.6758855320570417,1.323188949779339,0.7500169290918886,0.8857729192616358,Partial,Steve Cornish,Tier 2 - Strong
42,Tyler Glasnow,LAD,Pitcher,SP,14.0,4.23411619414678,Nolan Chidester,17.3567,64.0956,,,0.225809,,,10.2827,13.782,171.981,3.59439,1.21345,147.787,0.0,0.0,3.3064751551583607,731.1000000000001,3.06784,,,,0.467942965914396,0.8848699535869583,1.2512911841140602,1.029073609208653,,,Tier 2 - Strong
43,Brandon Woodruff,MIL,Pitcher,SP,,,,23.2226,73.059,,,0.234276,,,9.8741,14.3198,168.101,3.84306,1.17027,159.667,0.0,0.0,3.3026166188464776,715.3,2.95654,,,,0.6117962101535458,0.7730347655007851,0.7161208724346713,1.5054187817961953,,,Tier 2 - Strong
44,Manny Machado,SDP,Batter,Batter,8.5,2.578869532278928,Tyler Hart,26.2769,75.1958,85.2932,8.7805,0.268068,0.329114,0.465295,,,115.953,,,,,,3.296017845652165,757.4,3.33102,1.06873316128101,0.6783614284537374,1.5695539256818805,,,,,,,Tier 1 - Elite
45,Ranger Suárez,,Pitcher,SP,5.0,1.5252315173310187,JD Barnett,17.7197,73.1112,,,0.247707,,,10.9059,16.0555,154.273,3.54939,1.24229,168.759,0.0,0.0,3.278190847216054,754.0,3.26464,,,,1.0760693154452743,0.37446337868233004,1.3481370602775409,0.7109218079713971,,,Tier 2 - Strong
46,José Ramírez,CLE,Batter,Batter,20.0,6.146395528990276,Brenden Freedman,26.569,82.6963,87.0738,29.8253,0.275213,0.348333,0.489903,,,72.1929,,,,,,3.2539396310678987,871.3,4.30175,1.1104709189382158,1.1872262828798261,1.697678373525532,,,,,,,Tier 1 - Elite
47,Aaron Nola,PHI,Pitcher,SP,11.1,3.4690299724285754,JD Barnett,26.5596,86.4155,,,0.247656,,,11.0276,15.8772,175.84,3.9876,1.22368,180.677,0.0,0.0,3.1997417399738364,748.3000000000002,2.95229,,,,1.0283768025262707,0.9960998481293665,0.4050519181975738,0.9162201790194301,,,Tier 2 - Strong
48,Riley Greene,DET,Batter,Batter,17.0,5.464282945455856,Tyler Hart,25.5058,73.2183,82.284,3.2905,0.260792,0.331343,0.468286,,,156.94,,,,,,3.1111126875553445,748.6,2.8436,0.9585517681640242,0.5441996726204469,1.35302461620692,,,,,Partial,Tyler Hart,Tier 1 - Elite
49,Kyle Bradish,BAL,Pitcher,SP,,,,18.8694,70.6442,,,0.240165,,,10.5462,14.4754,166.64,3.70097,1.23385,157.977,0.0,0.0,2.9898620859808815,721.9,3.12603,,,,0.6534168215399564,0.7309236289559653,1.0219171067473125,0.8040286457814679,,,Tier 2 - Strong
50,Matthew Boyd,CHC,Pitcher,SP,,,,25.5745,86.2911,,,0.244654,,,11.1294,16.5066,164.94,3.93263,1.24619,183.403,0.0,0.0,2.9813227787622427,725.6000000000001,2.35501,,,,1.1967316406150037,0.6819236754130547,0.5233545362577179,0.6678985061397292,,,Tier 2 - Strong
51,Shane McClanahan,TBR,Pitcher,SP,5.5,1.849659272930664,JD Barnett,17.835,61.298,,,0.23727,,,8.9739,13.5896,153.623,3.56463,1.19719,142.175,0.0,0.0,2.9735206264695497,664.0,2.88847,,,,0.4164789194443099,0.3557281023276874,1.3153385902168415,1.2084476829991442,Partial,JD Barnett,Tier 2 - Strong
52,Francisco Lindor,NYM,Batter,Batter,16.6,5.706801296623948,Jake Zuckman & Andrew Meyers,26.2375,94.0617,73.2706,22.9672,0.259467,0.336618,0.452258,,,118.199,,,,,,2.9088098809082936,827.7,4.89002,1.0631033507651115,1.9583018933716976,0.7044584597461948,,,,,Partial,Jake Zuckman & Andrew Meyers,Tier 1 - Elite
53,Vinnie Pasquantino,KCR,Batter,Batter,5.7,1.9731683422355712,JD Barnett,24.3882,71.9436,80.7921,1.3744,0.265695,0.335241,0.472552,,,84.2061,,,,,,2.8887550433441387,726.8,1.93707,0.798859477997323,0.45771876735587325,1.2456737997754117,,,,,Partial,JD Barnett,Tier 1 - Elite
54,Salvador Perez,KCR,Batter,Batter,6.0,2.1112614852074274,Jake Levine & Johnny Drago,25.3974,68.5338,83.2852,0.4775,0.254321,0.301923,0.445271,,,116.861,,,,,,2.841902834887603,657.4,1.43316,0.943062644815715,0.22638387226593493,1.4250667352572757,,,,,,,Tier 2 - Strong
55,George Springer,TOR,Batter,Batter,5.1,1.8256135395486213,Brenden Freedman,25.7437,86.5848,72.7428,13.1382,0.260826,0.342038,0.455991,,,117.238,,,,,,2.793581384842798,784.4,2.56954,0.9925449641470756,1.4510381602794467,0.6664802032192494,,,,,,,Tier 2 - Strong
56,Alex Bregman,,Batter,Batter,7.9,2.840831660313827,Ethan Gobetz,22.6218,81.8935,78.9974,2.6924,0.261674,0.346405,0.44134,,,87.753,,,,,,2.780875794353576,790.9,3.73466,0.5464610694876048,1.1327610198795914,1.1165347755448143,,,,,Partial,Ethan Gobetz,Tier 2 - Strong
57,Munetaka Murakami,CHW,Batter,Batter,,,,29.6117,67.8949,74.7422,8.7333,0.230723,0.33341,0.457658,,,157.591,,,,,,2.6384767810585754,700.6,1.90848,1.54523803712918,0.18303826124095995,0.8103485740035893,,,,,,,Tier 2 - Strong
58,Teoscar Hernández,LAD,Batter,Batter,,,,26.0267,69.2884,79.3912,5.7187,0.254938,0.309396,0.460024,,,147.799,,,,,,2.6331676095743255,675.0,1.46803,1.0329824356191377,0.27757904847417775,1.1448709586071695,,,,,,,Tier 2 - Strong
59,Jack Flaherty,DET,Pitcher,SP,4.7,1.7865768683249563,JD Barnett,21.8341,77.7603,,,0.235885,,,10.0027,14.3886,178.924,3.91339,1.26658,165.689,0.0,0.0,2.6307292360762435,725.6000000000001,2.60553,,,,0.6301991540056346,1.084991528556624,0.5647615286440588,0.4429638588710852,,,Tier 2 - Strong
60,Corey Seager,TEX,Batter,Batter,,,,24.8444,70.871,73.8838,2.4976,0.275325,0.358328,0.497412,,,92.2472,,,,,,2.5894771122043436,727.6,3.91377,0.8640452535646539,0.3849491596153989,0.7485817392125129,,,,,,,Tier 2 - Strong
61,David Peterson,NYM,Pitcher,SP,,,,18.5194,82.0153,,,0.249223,,,11.6361,17.1399,160.561,3.67625,1.34956,181.959,0.0,0.0,2.566264589003243,746.0999999999999,2.34455,,,,1.3661296688348878,0.5557055597869329,1.0751177747197838,-0.4724396247165546,,,Tier 2 - Strong
62,Yandy Díaz,TBR,Batter,Batter,,,,21.3908,84.7058,72.6718,2.6888,0.294119,0.367193,0.467464,,,92.3661,,,,,,2.5405858215423036,829.7,2.81215,0.37056521301372375,1.3235590506912025,0.6613713433984592,,,,,,,Tier 2 - Strong
63,Tanner Bibee,CLE,Pitcher,SP,3.9,1.5432650272688697,Jake Zuckman & Andrew Meyers,25.5123,88.8182,,,0.246656,,,10.3237,15.8009,171.217,4.07779,1.2664,182.086,0.0,0.0,2.5271096869873775,722.0,2.33613,,,,1.0079677238065847,0.8628487979947329,0.2109512610601456,0.44494954972485523,Partial,Jake Zuckman & Andrew Meyers,Tier 2 - Strong
64,Seiya Suzuki,CHC,Batter,Batter,4.0,1.6157533845788552,Jake Levine & Johnny Drago,23.8906,73.541,79.535,6.9466,0.253644,0.334826,0.453714,,,147.671,,,,,,2.475625326350529,730.0,2.23217,0.7277581147305453,0.5660929715369588,1.155218198638573,,,,,,,Tier 2 - Strong
65,Yusei Kikuchi,LAA,Pitcher,SP,,,,26.3627,86.9228,,,0.243438,,,10.032,15.0256,181.773,4.09743,1.28426,177.726,0.0,0.0,2.4021296347861245,728.4000000000001,2.53386,,,,0.8005868754268662,1.1671096859941257,0.16868341644124046,0.24792489056752545,,,Tier 2 - Strong
66,Shea Langeliers,ATH,Batter,Batter,,,,26.6819,68.1468,71.5009,5.0797,0.250375,0.311108,0.483949,,,111.637,,,,,,2.3540403138945516,633.3,2.50118,1.1266030409495082,0.200128196155956,0.577118329818693,,,,,,,Tier 2 - Strong
67,Shota Imanaga,CHC,Pitcher,SP,1.5,0.6383443467057413,Tyler Hart,29.5606,83.65,,,0.249861,,,10.1861,14.6676,155.64,4.11696,1.19871,171.421,0.0,0.0,2.3498289093354465,645.6000000000001,2.15557,,,,0.70482737108024,0.413865106031247,0.12665230618629106,1.1916796269006484,,,Tier 2 - Strong
68,Eury Pérez,MIA,Pitcher,SP,15.7,6.761697585471527,JD Barnett,22.0271,72.8586,,,0.228595,,,9.0714,12.9536,171.754,3.99184,1.2217,154.035,0.0,0.0,2.32190212613674,685.0,2.61372,,,,0.2463586826720911,0.8783270186138753,0.395926884532393,0.9380627784108932,Partial,JD Barnett,Tier 2 - Strong
69,José Soriano,LAA,Pitcher,SP,,,,14.9303,79.6929,,,0.249749,,,10.6713,16.4599,164.636,3.65198,1.37541,177.273,0.0,0.0,2.3037371730700533,766.5,3.01263,,,,1.1842401075061009,0.6731613307794987,1.1273499839306207,-0.7576068945495312,,,Tier 2 - Strong
70,Carlos Rodón,NYY,Pitcher,SP,5.0,2.1754669987161397,Zack Semler,23.1336,77.5739,,,0.232716,,,10.0426,14.0791,174.421,4.0289,1.25909,161.648,0.0,0.0,2.2983570897424643,688.9000000000001,2.23125,,,,0.5474126551361352,0.9551992986720775,0.31616892518531314,0.5255906616195958,Partial,Zack Semler,Tier 2 - Strong
71,Joe Musgrove,SDP,Pitcher,SP,,,,21.578,74.3659,,,0.24658,,,9.7811,14.0353,150.212,3.89702,1.21375,158.921,0.0,0.0,2.285829071485244,657.8,2.31692,,,,0.535696827509369,0.2574111367189406,0.5999919062617519,1.0257641244523688,,,Tier 2 - Strong
72,Zac Gallen,,Pitcher,SP,17.6,7.88284667439818,Zack Semler,26.2749,96.5944,,,0.252149,,,10.89,16.2406,181.619,4.21687,1.31653,191.167,0.0,0.0,2.2326959697390896,756.6000000000001,2.34076,,,,1.1255807239775668,1.1626708666731798,-0.08836706020244911,-0.10806535304989,,,Tier 2 - Strong
73,Anthony Santander,TOR,Batter,Batter,,,,26.1,67.7429,74.8414,2.0497,0.230653,0.309004,0.434755,,,128.616,,,,,,2.2162325027128507,637.5,0.964448,1.043456169396177,0.17272595434505086,0.8174865865982707,,,,,,,Tier 2 - Strong
74,Cody Bellinger,,Batter,Batter,7.8,3.521342425719392,Nick & Alex Gianaris,22.1517,74.3627,80.6855,9.9782,0.267368,0.330754,0.451305,,,89.5982,,,,,,2.2150643297368333,741.0,2.7439,0.47928914249461446,0.6218404884867517,1.238003314467014,,,,,,,Tier 2 - Strong
75,Drew Rasmussen,TBR,Pitcher,SP,,,,21.4894,80.8952,,,0.25429,,,10.3897,14.5429,156.43,3.9171,1.25421,171.003,0.0,0.0,2.191263194056136,724.1000000000001,2.84433,,,,0.6714720353483283,0.4366356726776592,0.5567771241870255,0.5794249469884519,,,Tier 2 - Strong
76,Taylor Ward,BAL,Batter,Batter,,,,24.1956,72.7864,75.3315,4.724,0.243654,0.327804,0.436528,,,141.999,,,,,,2.1625786928226733,699.1,2.10184,0.7713391352216368,0.5148977953287159,0.8527521105161495,,,,,,,Tier 2 - Strong
77,Robbie Ray,SFG,Pitcher,SP,,,,25.791,89.8959,,,0.238781,,,10.0473,15.0126,187.191,4.20074,1.30887,179.798,0.0,0.0,2.1441417539799055,724.0,1.58436,,,,0.7971095749896984,1.3232754202855916,-0.05365319392429421,-0.023563175606152762,,,Tier 2 - Strong
78,Jordan Westburg,BAL,Batter,Batter,,,,22.9251,74.6399,72.1468,5.1886,0.264449,0.320766,0.465571,,,118.392,,,,,,2.071996961324679,679.8,3.20182,0.5897991793726804,0.6406468797469221,0.62359456303346,,,,,,,Tier 2 - Strong
79,Nolan McLean,NYM,Pitcher,SP,,,Ross & Jack Kantor,16.9825,74.3498,,,0.241677,,,10.3313,15.1649,154.152,3.74008,1.31564,162.945,0.0,0.0,2.0611830966440445,696.5000000000001,2.20424,,,,0.837847487034366,0.37097573493015784,0.9377472797083415,-0.0982472149395857,Partial,Ross & Jack Kantor,Tier 2 - Strong
80,Brandon Nimmo,TEX,Batter,Batter,6.0,2.918451471771407,Jake Zuckman & Andrew Meyers,22.5643,84.5793,71.2424,9.6937,0.255591,0.336227,0.427994,,,141.694,,,,,,2.0558847930262796,762.2,2.61449,0.5382449754605956,1.3149767689653313,0.558517762724689,,,,,,,Tier 2 - Strong
81,Merrill Kelly,ARI,Pitcher,SP,,,,23.9219,92.1214,,,0.25559,,,10.9999,16.0579,169.22,4.14773,1.31314,185.122,0.0,0.0,2.0111385711739125,742.1999999999999,2.48128,,,,1.0767112786029058,0.805288264332854,0.060431248196284086,-0.0706681753039018,,,Tier 2 - Strong
82,Elly De La Cruz,CIN,Batter,Batter,15.1,7.563005364410397,Nolan Chidester,23.2441,83.1261,81.8924,37.6072,0.263612,0.341835,0.465628,,,154.033,,,,,,1.9965607946090855,839.3,4.62364,0.6353806401486087,1.2163856875104953,1.324846735843236,,,,,,,Tier 2 - Strong
83,Mark Vientos,NYM,Batter,Batter,,,,24.7583,64.5727,73.8748,1.2397,0.248837,0.310528,0.457557,,,135.704,,,,,,1.9881731727334904,628.9,1.55723,0.8517425458129062,-0.042353488558967985,0.7479341372633986,,,,,,,Tier 2 - Strong
84,Marcus Semien,NYM,Batter,Batter,,,,21.9217,84.2,74.0968,9.544,0.241103,0.313937,0.399842,,,112.834,,,,,,1.9265094811060213,712.2,3.09023,0.4464247663865782,1.2892434926125793,0.7639083186748844,,,,,,,Tier 2 - Strong
85,Jo Adell,LAA,Batter,Batter,,,,27.2618,60.6432,72.3703,7.2502,0.237568,0.299846,0.472239,,,130.269,,,,,,1.91844174837248,585.9,1.67287,1.209464135319292,-0.30894697505551055,0.639676678103131,,,,,,,Tier 2 - Strong
86,Zach Neto,LAA,Batter,Batter,,,,26.0401,83.0504,69.3989,26.8771,0.252422,0.319721,0.4564,,,142.879,,,,,,1.9164333117058305,752.7,3.71573,1.0348971427489098,1.2112498872998354,0.42586729681444974,,,,,,,Tier 2 - Strong
87,Willy Adames,SFG,Batter,Batter,,,,23.7966,77.679,73.3273,10.9196,0.233355,0.320656,0.418046,,,153.0,,,,,,1.8732977795140817,704.3,3.36648,0.714326587103783,0.8468319579532192,0.7085383520256141,,,,,,,Tier 2 - Strong
88,Gavin Williams,CLE,Pitcher,SP,,,,22.5997,86.5602,,,0.240063,,,10.1913,15.0641,180.401,4.067,1.34882,177.33,0.0,0.0,1.8594671046320468,714.1000000000001,1.99685,,,,0.8108850344138635,1.1275638411347886,0.23417275003356686,-0.4642762289843899,,,Tier 2 - Strong
89,Shane Bieber,TOR,Pitcher,SP,,,,19.4997,71.4595,,,0.253749,,,9.6034,13.8616,139.639,3.86406,1.23529,153.005,0.0,0.0,1.8317417639401519,657.7,2.46885,,,,0.4892347439758244,-0.047339750815881154,0.6709261302250475,0.7881431189513125,,,Tier 2 - Strong
90,Josh Naylor,SEA,Batter,Batter,,,,22.5343,70.5555,79.7969,14.9529,0.265278,0.330131,0.449435,,,89.3087,,,,,,1.8056114541689643,718.2,2.4335,0.5339583177073738,0.36354433839395617,1.1740634153577978,,,,,,,Tier 2 - Strong
91,Sandy Alcantara,MIA,Pitcher,SP,,,,22.2239,93.34,,,0.258897,,,10.0485,16.2924,158.583,4.14847,1.31474,186.581,0.0,0.0,1.7825331592683957,747.7999999999998,2.51171,,,,1.1394364287964363,0.4986926726646515,0.05883867156604123,-0.08831876067074038,,,Tier 2 - Strong
92,Jazz Chisholm Jr.,NYY,Batter,Batter,,,,26.5708,72.5299,75.8234,27.26,0.241563,0.318463,0.44833,,,141.564,,,,,,1.7635249409464298,685.3,3.12555,1.110728118403409,0.4974957774418693,0.8881471548238504,,,,,,,Tier 2 - Strong
93,Spencer Torkelson,DET,Batter,Batter,,,,23.7819,68.1783,73.0258,1.9633,0.228491,0.320093,0.425351,,,151.247,,,,,,1.7250005157122268,653.8,1.18466,0.712226124804704,0.20226528607188413,0.686843686730287,,,,,,,Tier 2 - Strong
94,Ryan Pepiot,TBR,Pitcher,SP,5.5,3.2563628740912156,JD Barnett,27.4173,88.4269,,,0.242387,,,9.9707,13.9999,179.126,4.2577,1.29493,174.756,0.0,0.0,1.6890009537204718,681.5000000000001,2.08453,,,,0.5262278709343118,1.0908138759776052,-0.17623855184144585,0.13021754940242458,Partial,JD Barnett,Tier 2 - Strong
95,Nick Lodolo,CIN,Pitcher,SP,,,,22.25,75.0878,,,0.246613,,,9.2865,12.7813,157.609,4.06803,1.23218,154.395,0.0,0.0,1.685211197310246,634.8000000000002,2.40229,,,,0.20027107764716462,0.4706185816347722,0.23195605553471368,0.8224514442581035,,,Tier 2 - Strong
96,William Contreras,MIL,Batter,Batter,,,,19.9153,74.3872,74.4436,6.1572,0.269559,0.358829,0.444685,,,110.376,,,,,,1.586823564440293,758.9,4.24866,0.15973309585108267,0.623502669532474,0.788862580447421,,,,,,,Tier 2 - Strong
97,Byron Buxton,MIN,Batter,Batter,5.0,3.1730861050675365,Jake Zuckman & Andrew Meyers,25.5534,71.7553,63.7502,14.4183,0.24773,0.315257,0.489176,,,132.988,,,,,,1.5757530159723097,652.7,2.89735,0.9653532651324699,0.4449437187473229,0.01941072681869954,,,,,,,Tier 2 - Strong
98,Matt Chapman,SFG,Batter,Batter,,,,22.163,70.8347,75.7314,8.6897,0.23789,0.329887,0.427032,,,146.286,,,,,,1.5737431633184291,698.0,3.27271,0.48090378358166125,0.38248641790275767,0.8815272237884593,,,,,,,Tier 2 - Strong
99,Hunter Goodman,COL,Batter,Batter,1.5,0.9657812169197928,Jake Zuckman & Andrew Meyers,23.995,59.4672,70.4358,2.4368,0.254587,0.303769,0.487233,,,119.353,,,,,,1.553146793208522,589.4,1.63317,0.7426756837117585,-0.3887316652501752,0.5004782369296258,,,,,Partial,Jake Zuckman & Andrew Meyers,Tier 2 - Strong
100,Ian Happ,CHC,Batter,Batter,,,,21.0899,78.3572,72.2207,7.8477,0.240489,0.338513,0.415313,,,150.516,,,,,,1.5465059355192332,729.8,2.08628,0.32757003574890614,0.892843843063782,0.6289120945934089,,,,,,,Tier 2 - Strong
101,Ezequiel Tovar,COL,Batter,Batter,,,,20.7154,79.6018,68.5744,10.6309,0.262517,0.304173,0.440653,,,147.11,,,,,,1.406961696139518,712.2,2.67458,0.27405825812951656,0.977282640186468,0.3665397626983706,,,,,,,Tier 2 - Strong
102,Christian Walker,HOU,Batter,Batter,,,,24.2686,62.7133,70.4376,3.0341,0.22977,0.304604,0.430107,,,139.12,,,,,,1.3252883853131943,584.6,1.15966,0.781770002421144,-0.16850285331063405,0.5006077573194488,,,,,,,Tier 2 - Strong
103,Chase Burns,CIN,Pitcher,SP,1.0,0.8095752192939519,Brenden Freedman,18.2177,59.8423,,,0.231568,,,8.4803,10.7165,152.31,3.72758,1.19602,133.954,0.0,0.6661,1.2352156738099291,633.3999999999999,2.68708,,,,-0.3520312256347173,0.31788284409131,0.9646489119759742,1.2213546735486434,,,Tier 2 - Strong
104,Jose Altuve,HOU,Batter,Batter,11.0,8.948923648534569,Zack Semler,20.2339,74.7848,72.4479,11.7606,0.266458,0.332214,0.43304,,,100.366,,,,,,1.2291981060539392,703.2,2.58627,0.20525740119030153,0.6504774933601938,0.6452604460199387,,,,,Partial,Zack Semler,Tier 2 - Strong
105,Jake Burger,TEX,Batter,Batter,,,,23.6519,59.0299,69.4616,1.9246,0.246272,0.298081,0.454646,,,121.009,,,,,,1.1963663176663295,566.9,1.27907,0.693650607874075,-0.41839990081320827,0.43037892372661296,,,,,,,Tier 2 - Strong
106,Bryan Reynolds,PIT,Batter,Batter,6.6,5.542442301979585,JD Barnett,19.666,71.6054,73.2633,5.2366,0.254102,0.325019,0.421962,,,148.056,,,,,,1.1908107726521011,688.4,1.3632,0.12411096992180717,0.4347738845124757,0.703933182609691,,,,,,,Tier 2 - Strong
107,Alec Burleson,STL,Batter,Batter,5.0,4.2621558134665225,Jake Zuckman & Andrew Meyers,20.2378,66.1361,72.862,5.7734,0.278016,0.333164,0.455014,,,76.0454,,,,,,1.1731152540698342,669.3,2.14367,0.20581466669822066,0.06371401539540161,0.6750573312564067,,,,,,,Tier 2 - Strong
108,Sean Manaea,NYM,Pitcher,SP,7.0,6.144770730303836,Steve Cornish,21.2639,71.5996,,,0.238801,,,9.5106,12.0761,148.994,4.01992,1.25674,149.162,0.0,0.0,1.139180012930096,609.1000000000001,1.78122,,,,0.011640903163251951,0.2223041111805494,0.33549505780638134,0.5515149588771401,,,Tier 3 - Solid
109,Grayson Rodriguez,LAA,Pitcher,SP,9.1,8.166806106251528,Tyler Hart,16.7702,58.9047,,,0.237503,,,7.7213,11.4737,135.613,3.80157,1.24457,128.892,0.0,0.0,1.1142666890345456,566.3,2.26519,,,,-0.14949184940213273,-0.16338317020632834,0.8054127702573998,0.6857697238236522,,,Tier 3 - Solid
110,Casey Mize,DET,Pitcher,SP,,,,21.8212,79.6215,,,0.253208,,,9.595,13.3033,143.362,4.0871,1.27107,162.441,0.0,0.0,1.079206056714314,645.5999999999998,2.27946,,,,0.3398980644319101,0.059970147443093515,0.19091492534721202,0.39343190368539716,,,Tier 3 - Solid
111,James Wood,WSN,Batter,Batter,1.5,1.495721465269206,Nick & Alex Gianaris,22.7992,73.72,60.9323,14.3015,0.259353,0.352468,0.474536,,,146.208,,,,,,1.002860515697703,704.0,2.46271,0.5718095056683247,0.578237069789378,-0.1833534434489772,,,,,,,Tier 2 - Strong
112,Brandon Pfaadt,ARI,Pitcher,SP,,,,25.0416,90.9119,,,0.262978,,,10.3904,13.9099,152.375,4.33441,1.28051,175.799,0.0,0.0,0.9661643524584523,676.1000000000001,1.88724,,,,0.5021542525231488,0.3197563717267742,-0.3413284887414584,0.2892934500210513,,,Tier 3 - Solid
113,Trey Yesavage,TOR,Pitcher,SP,,,Brenden Freedman,18.0187,67.2508,,,0.229684,,,9.3622,11.9141,161.615,3.81207,1.2773,146.759,0.0,0.6491,0.951135997347535,666.5999999999999,2.11007,,,,-0.03169160997684167,0.5860855309835378,0.7828153991525879,0.32470493691326946,,,Tier 3 - Solid
114,Clay Holmes,NYM,Pitcher,SP,,,,16.4657,84.1105,,,0.254911,,,10.939,15.2952,146.245,3.9148,1.38918,175.582,0.0,0.0,0.9410914304437011,704.8000000000002,2.1427,,,,0.8727007368007498,0.14306830395145403,0.56172702452427,-0.9095122448628821,,,Tier 3 - Solid
115,Tyler Soderstrom,ATH,Batter,Batter,,,,21.986,60.3932,67.2392,4.8457,0.259065,0.329269,0.475112,,,103.061,,,,,,0.9298785371638644,600.4,2.10981,0.4556125028376508,-0.3259080061343083,0.27046441575866303,,,,,,,Tier 2 - Strong
116,Gerrit Cole,NYY,Pitcher,SP,25.1,28.956029848942404,Ethan Gobetz,19.6329,62.5592,,,0.239,,,8.2248,11.3089,133.26,4.00397,1.22121,130.983,0.0,0.0,0.8668315418564455,543.2,1.89114,,,,-0.19357331955946222,-0.23120487061013423,0.3698215405798817,0.9434682701794885,,,Tier 3 - Solid
117,Trevor Rogers,BAL,Pitcher,SP,,,,22.4379,87.7782,,,0.257366,,,10.5515,14.9932,148.612,4.18121,1.34397,174.69,0.0,0.0,0.8620259685939651,669.8000000000001,2.24341,,,,0.7919203727988474,0.21129353338443632,-0.011622083669344817,-0.41077289209116424,,,Tier 3 - Solid
118,Mitch Keller,PIT,Pitcher,SP,,,,22.9765,93.5514,,,0.258095,,,9.7506,14.5128,155.552,4.34919,1.31861,179.816,0.0,0.0,0.8481554436244457,692.8999999999999,2.29717,,,,0.6634207474130397,0.41132863784784945,-0.373136978734708,-0.1310111140267804,,,Tier 3 - Solid
119,Jurickson Profar,ATL,Batter,Batter,6.3,7.805620958564374,Ross & Jack Kantor,17.9769,76.4785,70.0518,8.6835,0.254438,0.348544,0.412479,,,99.326,,,,,,0.8071106749153124,710.2,1.61974,-0.11724215044377531,0.7653850867128321,0.4728472204340837,,,,,Partial,Ross & Jack Kantor,Tier 2 - Strong
120,Randy Arozarena,SEA,Batter,Batter,7.0,8.688761029728346,Tyler Hart,21.3689,81.9202,66.9506,22.3815,0.233147,0.330558,0.403241,,,167.552,,,,,,0.8056384536356451,715.8,1.86132,0.3674359528538718,1.1345724579988063,0.24969797992373208,,,,,,,Tier 3 - Solid
121,Gleyber Torres,DET,Batter,Batter,3.7,4.843956456098659,Steve Cornish,17.5898,79.9757,65.8961,4.9468,0.259673,0.346169,0.405899,,,108.609,,,,,,0.7638384105087506,733.5,2.85312,-0.17255432431951803,1.0026495582679182,0.17382061821917796,,,,,,,Tier 3 - Solid
122,Brandon Lowe,PIT,Batter,Batter,,,,22.2843,64.4361,63.7111,4.1935,0.242766,0.311261,0.442375,,,127.87,,,,,,0.7466537723412006,580.6,1.81048,0.4982361697638562,-0.05162099594042316,0.016597256128658838,,,,,,,Tier 3 - Solid
123,Chris Bassitt,,Pitcher,SP,5.0,6.988063117919963,Brian Frederick,20.626,81.6813,,,0.25047,,,9.7513,13.3685,148.345,4.14525,1.31756,163.988,0.0,0.0,0.7155058441269887,636.9000000000002,2.08985,,,,0.3573380635475524,0.203597658327991,0.06576853203818309,-0.11942791737979296,,,Tier 3 - Solid
124,Brady Singer,CIN,Pitcher,SP,,,,26.4765,92.3353,,,0.256635,,,9.8273,13.6722,163.801,4.39499,1.32975,175.599,0.0,0.0,0.6601285844903184,649.8000000000002,2.29067,,,,0.43857315145277714,0.649093706539304,-0.47170455936331607,-0.2539033146433896,,,Tier 3 - Solid
125,Andy Pages,LAD,Batter,Batter,1.5,2.5186579760862284,Tyler Hart,21.0509,61.5977,68.3718,8.9173,0.255347,0.307524,0.449723,,,105.509,,,,,,0.5955552576975407,584.7,2.30322,0.32199738066971717,-0.24418975839666063,0.35196152326608693,,,,,,,Tier 3 - Solid
126,Daulton Varsho,TOR,Batter,Batter,,,,21.9818,59.9657,68.2788,6.4826,0.226761,0.2939,0.432002,,,127.311,,,,,,0.5945135036294403,541.9,1.64255,0.4550123707521996,-0.35491136927905254,0.3452696364585736,,,,,,,Tier 3 - Solid
127,Kris Bubic,KCR,Pitcher,SP,,,,17.3972,71.2827,,,0.246375,,,9.5755,12.3228,147.764,3.79699,1.29111,155.332,0.0,0.6688,0.5855496008453978,678.7,2.4797,,,,0.07762936607474002,0.18685120361714938,0.8152695283202601,0.17235832196574974,,,Tier 3 - Solid
128,Edward Cabrera,MIA,Pitcher,SP,,,,16.5972,68.9121,,,0.238443,,,8.3163,11.6504,149.599,4.02687,1.31069,142.261,0.0,0.0,0.5529158084269687,614.3,2.01564,,,,-0.10222731192154928,0.23974232994140862,0.3205377502655777,-0.04364071646093032,,,Tier 3 - Solid
129,Colson Montgomery,CHW,Batter,Batter,,,Nolan Chidester,22.8007,58.337,65.9065,2.7458,0.221118,0.299165,0.417785,,,147.979,,,,,,0.5045833079320519,543.8,2.17578,0.5720238385559858,-0.46540909455120366,0.17456895824926486,,,,,,,Tier 3 - Solid
130,Trea Turner,PHI,Batter,Batter,17.8,35.566130377385704,Ross & Jack Kantor,17.9146,85.397,64.8545,26.2152,0.280222,0.332064,0.441097,,,110.314,,,,,,0.5004761499529877,760.2,3.94761,-0.12614410971129997,1.370452909417863,0.0988714859750201,,,,,Partial,Ross & Jack Kantor,Tier 3 - Solid
131,Spencer Steer,CIN,Batter,Batter,6.0,12.560918302322843,Jake Levine & Johnny Drago,19.7798,65.6791,69.5617,9.2283,0.239547,0.323813,0.41943,,,119.362,,,,,,0.47767208221475677,633.9,1.06929,0.14037169166569657,0.03270925058335979,0.4375816965162059,,,,,,,Tier 3 - Solid
132,Marcell Ozuna,,Batter,Batter,,,,21.2793,58.983,63.5956,0.6591,0.241191,0.335913,0.439635,,,119.076,,,,,,0.41167704109562614,574.0,1.07859,0.354633135030915,-0.42158179024359077,0.00828636444835878,,,,,,,Tier 3 - Solid
133,Jeremy Peña,HOU,Batter,Batter,5.0,12.696624667113978,Brian Frederick,17.8674,78.8479,64.4384,16.2838,0.272277,0.326103,0.428994,,,105.466,,,,,,0.39380545074713397,699.6,3.4951,-0.1328884512430361,0.9261349548652454,0.06893068919430387,,,,,Partial,Brian Frederick,Tier 3 - Solid
134,Cade Cavalli,WSN,Pitcher,SP,,,,16.8409,73.2237,,,0.25459,,,8.5437,13.3356,127.23,3.97533,1.32861,151.72,0.0,0.0,0.3539907158827882,602.3,2.15709,,,,0.3485378185950273,-0.4050105881770476,0.4314585604314826,-0.2413272725695184,,,Tier 3 - Solid
135,Kyle Stowers,MIA,Batter,Batter,,,,20.6077,59.2341,64.6023,3.7997,0.240588,0.320562,0.44143,,,140.719,,,,,,0.290234865177979,584.5,1.55227,0.2586691567954495,-0.40454613062804623,0.08072424024539575,,,,,,,Tier 3 - Solid
136,Reid Detmers,LAA,Pitcher,SP,,,,20.3748,71.6448,,,0.237407,,,8.4172,11.6323,156.906,4.03344,1.28749,148.721,0.0,0.6594,0.2722476445242361,631.6000000000001,1.91692,,,,-0.10706878406868282,0.4503556596696742,0.3063982523457097,0.2122927713582204,,,Tier 3 - Solid
137,Adolis García,PHI,Batter,Batter,,,,22.0662,58.188,66.2481,9.5827,0.236568,0.296231,0.43257,,,129.924,,,,,,0.26675388261685257,546.4,0.87343,0.46707216789793093,-0.4755178690741672,0.1991490500067574,,,,,,,Tier 3 - Solid
138,Cody Ponce,TOR,Pitcher,SP,,,,19.6738,73.4264,,,0.250526,,,9.3055,11.6436,146.772,4.00521,1.26537,152.51,0.0,0.6491,0.26649262381740024,646.8000000000001,2.29793,,,,-0.10404620753483719,0.15825828954975607,0.3671528986589322,0.45631211405475575,,,Tier 3 - Solid
139,Quinn Priester,MIL,Pitcher,SP,,,,20.0088,84.9277,,,0.260805,,,9.7518,14.2104,137.707,4.1413,1.36381,169.088,0.0,0.0,0.2633701425068379,638.4000000000001,1.87308,,,,0.5825333895515319,-0.10302675684229579,0.0742694478347545,-0.6296401506399547,,,Tier 3 - Solid
140,Heliot Ramos,SFG,Batter,Batter,,,,19.1179,63.9049,64.3264,5.8046,0.256093,0.322886,0.428437,,,129.001,,,,,,0.14224309569578097,621.0,1.36361,0.0457937327704389,-0.08765979477665246,0.06087164271643782,,,,,,,Tier 3 - Solid
141,Shane Smith,CHW,Pitcher,SP,,,,23.7172,88.0664,,,0.25025,,,8.984,13.3127,153.331,4.38319,1.35104,168.339,0.0,0.0,0.12478962449055064,605.2,1.77665,,,,0.3424124201326314,0.3473116397191403,-0.44630941850267014,-0.48876641618087896,,,Tier 3 - Solid
142,Adley Rutschman,BAL,Batter,Batter,30.2,297.11643059288116,Nolan Chidester,16.8989,66.992,64.2236,1.2005,0.255242,0.342134,0.420739,,,83.81,,,,,,0.10164365511438526,633.8,3.4847,-0.27127605237622326,0.1217818013967739,0.05347458934211029,,,,,,,Tier 3 - Solid
143,Kyle Manzardo,CLE,Batter,Batter,1.5,15.706499558912018,Nolan Chidester,20.7813,55.0295,62.3897,1.6479,0.236293,0.321722,0.451125,,,104.933,,,,,,0.0955018649683077,536.4,1.42201,0.2834746163274282,-0.689803535723698,-0.07848510115574044,,,,,,,Tier 3 - Solid
144,Luis Severino,ATH,Pitcher,SP,,,,26.8367,98.3456,,,0.261659,,,10.2605,14.376,148.711,4.5149,1.35027,182.424,0.0,0.0,0.06938771038460151,616.8999999999999,1.87634,,,,0.6268288474280717,0.21414706009075932,-0.7297665373802685,-0.48027207197308885,,,Tier 3 - Solid
145,Yainer Diaz,HOU,Batter,Batter,,,,18.5371,56.6553,65.2938,1.6412,0.272929,0.308077,0.452761,,,81.5775,,,,,,0.06344681102691718,562.8,2.49343,-0.03719596133194126,-0.5795025584120607,0.13048165666900885,,,,,,,Tier 3 - Solid
146,Willson Contreras,BOS,Batter,Batter,,,,19.3405,59.6762,62.9067,3.7873,0.248265,0.338123,0.445642,,,120.421,,,,,,0.05485191830708354,580.2,1.46157,0.07760073329934698,-0.3745522432683001,-0.041283966967731844,,,,,,,Tier 3 - Solid
147,Michael Harris II,ATL,Batter,Batter,9.4,837.0394512444238,Jake Levine & Johnny Drago,18.8138,61.3379,66.4634,15.1928,0.274984,0.310634,0.464362,,,91.9505,,,,,,0.011230056105509784,603.5,3.05965,0.0023413120119443014,-0.2618156618937476,0.21464112774501307,,,,,,,Tier 3 - Solid
148,Zack Littell,,Pitcher,SP,,,,29.3857,95.7535,,,0.26786,,,9.7273,13.4593,134.637,4.54331,1.28248,177.378,0.0,0.0,0.008441728291108813,594.0999999999999,1.73882,,,,0.38162566967792616,-0.19151490824037604,-0.7909085671981456,0.26756116678813163,,,Tier 3 - Solid
149,Matt Wallner,MIN,Batter,Batter,,,,20.5773,57.2761,61.4742,4.7246,0.229985,0.329526,0.449949,,,138.119,,,,,,0.005199824560611868,556.2,1.68465,0.25432534360551773,-0.53738492603719,-0.14436061053508564,,,,,,,Tier 3 - Solid
150,Michael Wacha,KCR,Pitcher,SP,,,,24.0334,88.8718,,,0.259982,,,9.6528,13.567,135.061,4.39052,1.31792,170.047,0.0,0.0,-0.0014602740883025989,612.4,2.15714,,,,0.4104337663766177,-0.17929374335673218,-0.46208453566441143,-0.12339929908733059,,,Tier 3 - Solid
151,Bryce Miller,SEA,Pitcher,SP,,,,21.6278,71.6505,,,0.248023,,,8.4219,11.3813,127.605,4.18856,1.27009,143.442,0.0,0.0,-0.009689516995466996,538.2,1.37449,,,,-0.17420743097092664,-0.3942017748955231,-0.027440243442712644,0.4042428872225852,,,Tier 3 - Solid
152,Will Smith,LAD,Batter,Batter,,,,17.9138,60.9051,63.7867,2.6118,0.253988,0.34847,0.439658,,,92.5276,,,,,,-0.02541996720855269,591.2,3.02728,-0.12625842058471948,-0.29117859889736225,0.022037112501218776,,,,,,,Tier 3 - Solid
153,Jorge Polanco,NYM,Batter,Batter,,,,19.6532,58.1407,63.4134,4.8419,0.24885,0.326812,0.438398,,,96.8154,,,,,,-0.043830653206879455,562.4,1.76369,0.12228199594709876,-0.4787268961542757,-0.004823977232598523,,,,,,,Tier 3 - Solid
154,Andrew Vaughn,MIL,Batter,Batter,,,,18.5091,57.9155,65.2538,0.7957,0.248275,0.309257,0.423628,,,103.445,,,,,,-0.05775672416833534,556.3,0.697638,-0.041196841901615044,-0.4940053929500568,0.12760342578405612,,,,,,,Tier 3 - Solid
155,Andrew Abbott,CIN,Pitcher,SP,,,,29.5584,90.4712,,,0.25275,,,9.1245,12.5928,154.794,4.57159,1.31871,167.628,0.0,0.0,-0.0688680779150399,573.0,2.01834,,,,0.14985022130822892,0.3894804232681285,-0.8517708200404384,-0.13211427561220765,,,Tier 3 - Solid
156,Tyler Mahle,SFG,Pitcher,SP,,,,19.7637,73.9047,,,0.254704,,,8.3833,12.1748,126.122,4.16922,1.30066,147.981,0.0,0.0,-0.07240260921184977,572.4000000000001,1.35086,,,,0.03804163802082714,-0.4369470284861921,0.014181962001768914,0.06700639055743561,,,Tier 3 - Solid
157,Kerry Carpenter,DET,Batter,Batter,6.0,,Jake Zuckman & Andrew Meyers,20.2477,52.9173,59.9189,2.1065,0.253678,0.310533,0.472994,,,99.5342,,,,,,-0.11142552279946799,509.7,1.23427,0.2072292637567837,-0.8331038951022444,-0.2562734229192433,,,,,,,Tier 3 - Solid
158,Ryan Weathers,MIA,Pitcher,SP,4.0,,Nick & Alex Gianaris,16.892,63.3766,,,0.247337,,,7.8744,11.0193,125.259,3.9615,1.31084,132.891,0.0,0.0,-0.13607736323568276,535.9000000000001,1.61471,,,,-0.27103687391360454,-0.46182171078474044,0.46122252637239214,-0.04529545883907243,,,Tier 3 - Solid
159,Masyn Winn,STL,Batter,Batter,1.5,,Nick & Alex Gianaris,15.5264,70.8076,68.2585,12.0358,0.261048,0.319132,0.404404,,,106.205,,,,,,-0.15190651616715284,675.5,3.70843,-0.4673906445861351,0.3806478421338157,0.3438089342844599,,,,,,,Tier 3 - Solid
160,Jameson Taillon,CHC,Pitcher,SP,,,,28.1503,92.1321,,,0.263726,,,9.3561,13.2402,133.27,4.5383,1.29252,170.953,0.0,0.0,-0.16560591209287895,580.6,1.67917,,,,0.3230197830791946,-0.23091663558929304,-0.7801263929852773,0.15680374361122468,,,Tier 3 - Solid
161,Royce Lewis,MIN,Batter,Batter,5.5,,Zack Semler,20.4235,55.7158,62.9438,9.2316,0.251583,0.310944,0.447702,,,100.558,,,,,,-0.19150546138001312,550.5,2.19096,0.23234907819066564,-0.6432421132061823,-0.038614407821938423,,,,,,,Tier 3 - Solid
162,Ryne Nelson,ARI,Pitcher,SP,,,,22.9782,86.6417,,,0.263488,,,9.7321,12.8749,136.356,4.3863,1.32973,165.708,0.0,0.0,-0.24995372173950525,605.7,1.5482,,,,0.22530764079477425,-0.14196730815786798,-0.45300254461085815,-0.25368268232630514,,,Tier 3 - Solid
163,Jorge Soler,LAA,Batter,Batter,,,,20.7141,55.2379,58.893,0.9851,0.227878,0.314046,0.42817,,,126.156,,,,,,-0.2735640755774027,529.0,0.794344,0.2738725029602102,-0.6756648202164119,-0.3300928495410572,,,,,,,Tier 3 - Solid
164,Ozzie Albies,ATL,Batter,Batter,,,,16.7724,63.9373,66.1844,9.7894,0.258228,0.319323,0.420157,,,82.062,,,,,,-0.2809431605940211,617.0,2.0608,-0.28935145923564315,-0.08546164514884011,0.19456546732247107,,,,,,,Tier 3 - Solid
165,Drake Baldwin,ATL,Batter,Batter,,,,17.0152,57.1561,63.1621,0.9094,0.267768,0.340379,0.44675,,,78.6958,,,,,,-0.2817870871907223,572.6,2.24857,-0.254658109152899,-0.5455262209550127,-0.02290646276731134,,,,,,,Tier 3 - Solid
166,Jonathan Aranda,TBR,Batter,Batter,,,,17.69,58.3669,61.6181,1.7758,0.263357,0.350598,0.441613,,,122.388,,,,,,-0.2899102022715887,607.9,1.70731,-0.15823688742375602,-0.4633805552341796,-0.13400617492647013,,,,,,,Tier 3 - Solid
167,Josh Bell,MIN,Batter,Batter,,,,18.0609,58.1904,62.1391,1.8418,0.252145,0.334908,0.430063,,,92.0143,,,,,,-0.3003217808074579,566.2,1.12738,-0.10523950873475343,-0.4753550431758111,-0.09651721764996644,,,,,,,Tier 3 - Solid
168,Jacob Misiorowski,MIL,Pitcher,SP,1.0,,Nick & Alex Gianaris,19.0119,71.1237,,,0.228282,,,8.8237,10.2959,162.275,4.03966,1.33115,147.252,0.0,0.6325,-0.31508598687701767,617.8999999999999,1.58848,,,,-0.46453526900955244,0.6051090423590209,0.29301200012933565,-0.26934757683937366,,,Tier 3 - Solid
169,Jarren Duran,BOS,Batter,Batter,,,,15.1106,78.2898,61.3918,20.4174,0.257614,0.325092,0.435713,,,135.913,,,,,,-0.3328800349087747,691.1,1.99216,-0.5268037210457938,0.8882711490849377,-0.15028976615808734,,,,,,,Tier 3 - Solid
170,Trent Grisham,NYY,Batter,Batter,,,,20.5568,65.761,53.0307,5.3692,0.219959,0.326667,0.414524,,,120.345,,,,,,-0.3691425234893532,554.8,2.26003,0.251396127474149,0.03826568436477327,-0.7519191724624527,,,,,,,Tier 3 - Solid
171,Seth Lugo,KCR,Pitcher,SP,2.2,,Ross & Jack Kantor,21.9352,84.5188,,,0.259651,,,9.1134,12.9494,138.264,4.38254,1.3536,161.288,0.0,0.0,-0.38471652517361166,585.2,1.93291,,,,0.24523524714623707,-0.08697206618147094,-0.4449105336247527,-0.5170073527678187,,,Tier 3 - Solid
172,Jack Leiter,TEX,Pitcher,SP,1.0,,Jake Levine & Johnny Drago,23.792,85.744,,,0.24333,,,9.2412,11.9843,155.979,4.46216,1.36259,161.728,0.0,0.0,-0.39973994519615963,592.3999999999999,1.73473,,,,-0.012914187616134578,0.42363627323774594,-0.6162631705166702,-0.6161815792977406,,,Tier 3 - Solid
173,Emmet Sheehan,LAD,Pitcher,SP,,,,17.6087,55.3216,,,0.227852,,,7.7662,8.0583,136.099,3.87757,1.2131,119.969,0.0,0.7738,-0.41292275392466293,531.2,1.90063,,,,-1.0630589196408675,-0.1493749481934729,0.6418508460701892,1.032934674757647,,,Tier 3 - Solid
174,Reese Olson,DET,Pitcher,SP,,,,16.1231,67.1742,,,0.24818,,,8.4857,11.0488,131.382,3.93661,1.29868,141.293,0.0,0.6104,-0.429037544950951,597.4000000000001,2.11741,,,,-0.26314607676772317,-0.2853354075240085,0.5147890565437037,0.0888489899488963,,,Tier 3 - Solid
175,Jeffrey Springs,ATH,Pitcher,SP,,,,29.3493,96.0427,,,0.258244,,,9.9312,12.8394,149.869,4.6255,1.34298,175.278,0.0,0.0,-0.4376734775977327,589.9,1.86249,,,,0.2158119357548153,0.24752467550410656,-0.9677921796842875,-0.3998515923954327,,,Tier 3 - Solid
176,Alec Bohm,PHI,Batter,Batter,,,,14.2503,60.805,67.1364,2.5351,0.274883,0.329709,0.424955,,,83.0661,,,,,,-0.4428585096243603,607.8,2.11353,-0.6497307765490267,-0.2979697957413127,0.26306736238433553,,,,,,,Tier 3 - Solid
177,Nolan Schanuel,LAA,Batter,Batter,1.5,,Ross & Jack Kantor,15.5547,70.7192,57.0233,5.729,0.269414,0.363983,0.419582,,,74.9571,,,,,,-0.5324134978751937,679.3,1.99259,-0.46334689743892893,0.3746504215443533,-0.4646285566809399,,,,,,,Tier 3 - Solid
178,Foster Griffin,WSN,Pitcher,SP,,,,17.1454,67.8635,,,0.255393,,,8.1297,11.1012,123.176,3.91879,1.28611,143.276,0.0,0.6621,-0.537933784558752,583.3,2.05663,,,,-0.24912988115944593,-0.5218610656258484,0.5531400235044416,0.22751640123711753,,,Tier 3 - Solid
179,Matthew Liberatore,STL,Pitcher,SP,,,,21.2327,81.4374,,,0.257718,,,8.8023,12.4849,129.839,4.32763,1.34605,157.409,0.0,0.0,-0.5663475972525196,573.5,1.31373,,,,0.12098862767973441,-0.3298100712397214,-0.3267370433994941,-0.4337186530680522,,,Tier 3 - Solid
180,Carlos Correa,HOU,Batter,Batter,5.0,,Ethan Gobetz,15.5246,58.8141,62.1126,0.569,0.26749,0.337554,0.431772,,,95.1396,,,,,,-0.5703727614226233,581.3,3.16386,-0.4676478440513286,-0.4330406628404261,-0.09842404561124725,,,,,Partial,Ethan Gobetz,Tier 3 - Solid
181,Slade Cecconi,CLE,Pitcher,SP,,,,25.586,84.2089,,,0.262009,,,8.4024,11.9722,131.461,4.49626,1.30715,157.398,0.0,0.0,-0.6084375670287505,533.6,1.18516,,,,-0.016150751869190523,-0.2830583508593671,-0.6896508233427748,-0.004588796336802463,,,Tier 4 - Depth
182,Noah Cameron,KCR,Pitcher,SP,1.0,,Ross & Jack Kantor,19.1227,74.8644,,,0.258313,,,8.7552,12.147,121.902,4.20088,1.34466,148.366,0.0,0.0,-0.6321323848060951,547.5,1.73175,,,,0.03060556477826813,-0.5585822072809477,-0.05395449220569177,-0.4183847070306116,,,Tier 4 - Depth
183,Tatsuya Imai,,Pitcher,SP,,,,19.7277,80.1837,,,0.253324,,,8.8348,12.4037,145.056,4.37104,1.38895,152.928,0.0,0.0,-0.6466650896103739,579.2,1.76589,,,,0.09926887417988538,0.10879715997350062,-0.4201610319385304,-0.9069749732163972,,,Tier 4 - Depth
184,Zach Eflin,BAL,Pitcher,SP,,,,23.1023,75.8575,,,0.269408,,,8.8402,11.3309,113.297,4.34704,1.26887,145.909,0.0,0.0,-0.6564256109024424,516.3000000000002,1.5116,,,,-0.18768865728117787,-0.8066084427143296,-0.36850989798467443,0.41770145856479923,,,Tier 4 - Depth
185,Max Scherzer,,Pitcher,SP,,,,22.9062,69.1526,,,0.246241,,,7.7403,9.7669,127.735,4.42117,1.25029,132.747,0.0,0.0,-0.6638892651199438,495.50000000000006,1.43442,,,,-0.6060346483373883,-0.39045471962459477,-0.5280473379846474,0.6226688811372068,,,Tier 4 - Depth
186,Reynaldo López,ATL,Pitcher,SP,2.2,,Ross & Jack Kantor,17.0614,64.5949,,,0.243075,,,8.4501,9.7106,137.11,4.02463,1.28225,134.225,0.0,0.6594,-0.6938958980155392,582.8999999999999,1.65477,,,,-0.6210940340768158,-0.1202343875864822,0.3253585227679367,0.2700984384346165,,,Tier 4 - Depth
187,Francisco Alvarez,NYM,Batter,Batter,8.5,,Ethan Gobetz,19.973,49.4571,55.6758,1.4512,0.241339,0.320199,0.458481,,,97.8215,,,,,,-0.6956728073739378,495.7,2.51323,0.16797776759644661,-1.067858134057668,-0.56158895961777,,,,,Partial,Ethan Gobetz,Tier 3 - Solid
188,Brayan Bello,BOS,Pitcher,SP,,,,19.6961,88.9316,,,0.265871,,,9.4437,13.2002,139.818,4.39424,1.39885,167.864,0.0,0.0,-0.6968072613531127,615.6,1.97087,,,,0.31232039711867793,-0.042180343942833404,-0.470090461427258,-1.016187970173708,,,Tier 4 - Depth
189,Mike Trout,LAA,Batter,Batter,,,,19.8054,53.318,54.8765,2.5964,0.232112,0.34073,0.443817,,,129.459,,,,,,-0.7127308025232373,524.0,1.25705,0.14402963961511236,-0.8059187544891473,-0.6191032082763294,,,,,,,Tier 3 - Solid
190,Parker Messick,CLE,Pitcher,SP,,,,16.3178,63.1847,,,0.251283,,,7.4569,10.8817,114.383,4.05666,1.32208,129.165,0.0,0.0,-0.7180529054027857,508.19999999999993,1.36512,,,,-0.3078427616177824,-0.7753061194510348,0.2564257802453536,-0.16929082104110893,,,Tier 4 - Depth
191,Nolan Arenado,STL,Batter,Batter,3.0,,Jake Levine & Johnny Drago,16.3589,55.4695,63.804,2.4546,0.252214,0.308306,0.410926,,,73.228,,,,,,-0.7473086250694516,526.5,1.85291,-0.3484358919342217,-0.6599521210250141,0.023281947358960553,,,,,,,Tier 4 - Depth
192,Joey Cantillo,CLE,Pitcher,SP,,,,18.3885,70.3885,,,0.236842,,,8.5056,9.3456,151.314,3.93178,1.3358,148.827,0.0,0.6864,-0.7627698378368826,628.8000000000002,1.41883,,,,-0.7187259309665326,0.2891746360155807,0.5251838472519175,-0.32064459056174727,,,Tier 4 - Depth
193,Braxton Garrett,MIA,Pitcher,SP,,,,13.8462,55.553,,,0.253345,,,7.0612,8.658,108.706,3.76242,1.23255,121.814,0.0,0.6413,-0.80413363178656,529.6000000000001,1.8943,,,,-0.9026483756278179,-0.9389371407822732,0.8896686825196267,0.8183697463920223,,,Tier 4 - Depth
194,Isaac Paredes,HOU,Batter,Batter,,,,17.9075,54.4787,54.9929,1.1565,0.247287,0.34799,0.450374,,,69.6216,,,,,,-0.8111887609455053,533.0,1.97233,-0.12715861871289605,-0.7271720793965049,-0.6107275564011183,,,,,,,Tier 4 - Depth
195,Lawrence Butler,ATH,Batter,Batter,6.0,,Jake Zuckman & Andrew Meyers,18.9415,60.294,58.1869,16.0278,0.244906,0.313115,0.434143,,,121.48,,,,,,-0.8170673455659302,561.9,1.752,0.02058818518149322,-0.3326381432663755,-0.3809008202376775,,,,,Partial,Jake Zuckman & Andrew Meyers,Tier 4 - Depth
196,Oneil Cruz,PIT,Batter,Batter,10.1,,JD Barnett,20.0739,60.7931,59.6648,24.5346,0.237226,0.323176,0.437742,,,146.241,,,,,,-0.8242832197353069,603.4,2.45771,0.18239522650645024,-0.2987771408206633,-0.27455738461590284,,,,,,,Tier 4 - Depth
197,Iván Herrera,STL,Batter,Batter,1.5,,Brenden Freedman,15.867,63.6549,55.4906,7.4171,0.273047,0.361293,0.440579,,,93.2501,,,,,,-0.8789312798529907,617.6,2.26056,-0.41872279022788667,-0.1046208258554502,-0.5749151686150993,,,,,,,Tier 4 - Depth
198,Jacob Lopez,ATH,Pitcher,SP,,,,20.4087,70.5598,,,0.241458,,,8.1638,10.5026,135.921,4.35968,1.3373,136.26,0.0,0.0,-0.9167676484105314,516.2,1.59005,,,,-0.4092461920585815,-0.15450553156443644,-0.39571282853370565,-0.33719201434315615,,,Tier 4 - Depth
199,Dustin May,STL,Pitcher,SP,,,,19.366,77.7963,,,0.248763,,,8.6677,11.1822,143.222,4.18962,1.33621,154.79,0.0,0.6791,-0.9216724704630342,615.3,1.50927,,,,-0.22746362458939937,0.05593485715132476,-0.0297215018590076,-0.3251675530619973,,,Tier 4 - Depth
200,Agustín Ramírez,MIA,Batter,Batter,1.0,,Tyler Hart,17.7358,54.2661,60.355,10.7731,0.249712,0.312188,0.441072,,,86.1783,,,,,,-0.9284159894838007,531.3,1.08619,-0.15169258992050363,-0.7415957402259146,-0.22489351069605124,,,,,,,Tier 4 - Depth
201,Wilyer Abreu,BOS,Batter,Batter,,,,17.7445,53.4855,57.3573,6.7654,0.249084,0.335207,0.452481,,,103.386,,,,,,-0.9296365570089249,536.8,1.74837,-0.1504494591720696,-0.7945548636663525,-0.440595328791588,,,,,,,Tier 4 - Depth
202,Bailey Ober,MIN,Pitcher,SP,,,,24.1466,72.5625,,,0.252387,,,7.9725,10.024,129.402,4.34783,1.23397,141.392,0.0,0.6546,-0.9355946266130143,529.6,1.69928,,,,-0.5372643450761662,-0.3424059416504583,-0.37021008114398946,0.8027048518789538,,,Tier 4 - Depth
203,Bubba Chandler,PIT,Pitcher,SP,,,Steve Cornish,20.7709,83.5426,,,0.249527,,,8.7884,12.0482,148.396,4.29695,1.36124,162.414,0.0,0.6574,-0.9398181491573506,616.7,1.86189,,,,0.004178081455791231,0.20506765693427798,-0.26070967716181437,-0.6012888978944715,Partial,Steve Cornish,Tier 4 - Depth
204,Maikel Garcia,KCR,Batter,Batter,,,,12.6126,80.6551,61.1925,26.0936,0.275086,0.338327,0.41386,,,90.63,,,,,,-0.9477689118150117,737.0,3.55017,-0.8837394232974218,1.048742856327659,-0.1646305515423622,,,,,,,Tier 4 - Depth
205,Zebby Matthews,MIN,Pitcher,SP,1.0,,JD Barnett,18.0759,61.7566,,,0.250092,,,7.6583,8.1538,121.228,4.01589,1.22271,128.807,0.0,0.6546,-0.9770120168585518,543.5999999999999,1.7705,,,,-1.037514135660133,-0.5780092476856078,0.3441681440494668,0.9269208463980773,,,Tier 4 - Depth
206,Mickey Moniak,COL,Batter,Batter,,,,17.8864,54.6185,55.0644,8.2462,0.257633,0.299415,0.462317,,,106.039,,,,,,-0.9792983253318567,513.4,0.532578,-0.13017356799932903,-0.7176874708172416,-0.605582718694266,,,,,,,Tier 4 - Depth
207,Chad Patrick,MIL,Pitcher,SP,,,,23.5343,74.631,,,0.248288,,,8.0991,10.2889,127.965,4.45498,1.29802,141.394,0.0,0.0,-0.9977378611493832,492.00000000000006,1.28927,,,,-0.4664076615526428,-0.3838253141452596,-0.6008108729421417,0.09612985641271815,,,Tier 4 - Depth
208,Brice Turang,MIL,Batter,Batter,,,,14.297,77.0404,61.6939,26.372,0.260801,0.33219,0.395432,,,126.613,,,,,,-1.01699993507608,680.2,2.90769,-0.6430578793131774,0.8035067001655385,-0.12855192739948545,,,,,,,Tier 4 - Depth
209,Ryan Jeffers,MIN,Batter,Batter,,,,16.3431,56.6766,57.5383,2.3585,0.24544,0.328871,0.41827,,,100.486,,,,,,-1.0321122036976182,539.7,2.31966,-0.3506935316842518,-0.5780574785641469,-0.42757133403717906,,,,,,,Tier 4 - Depth
210,Kazuma Okamoto,,Batter,Batter,,,,17.5051,53.2968,55.1948,2.3991,0.251048,0.323629,0.441093,,,73.3239,,,,,,-1.0346418606406111,517.2,1.61747,-0.18465698804278202,-0.8073570499246294,-0.5961996860093214,,,,,,,Tier 4 - Depth
211,Jac Caglianone,KCR,Batter,Batter,,,Nolan Chidester,17.4924,50.5308,56.3627,2.4728,0.255257,0.319086,0.450383,,,87.8005,,,,,,-1.0452584844215496,490.3,1.23516,-0.18647167315831256,-0.9950138977804474,-0.5121625397459272,,,,,,,Tier 4 - Depth
212,Justin Verlander,,Pitcher,SP,,,,22.0033,75.3353,,,0.252288,,,8.2367,10.6474,121.166,4.43752,1.30424,143.292,0.0,0.0,-1.1030508666105783,507.4,1.56396,,,,-0.3705144148815103,-0.5797963048148198,-0.563234672990712,0.027513205799133918,,,Tier 4 - Depth
213,Dylan Crews,WSN,Batter,Batter,1.0,,Brenden Freedman,17.2293,58.6707,62.7052,21.3016,0.243139,0.306692,0.410968,,,110.435,,,,,,-1.2253260873991372,554.0,1.35155,-0.2240656616540707,-0.44276951026722494,-0.05578305505067922,,,,,,,Tier 4 - Depth
214,Will Warren,NYY,Pitcher,SP,,,,19.6506,70.0571,,,0.245909,,,8.7495,9.1043,138.103,4.08749,1.31157,142.51,0.0,0.6929,-1.2307664239768445,568.0,1.49279,,,,-0.7832699767733504,-0.09161265001700548,0.19007559442046307,-0.05334853841269117,,,Tier 4 - Depth
215,Eduardo Rodriguez,ARI,Pitcher,SP,,,,19.6195,74.4906,,,0.257052,,,8.5896,10.9215,126.141,4.34984,1.36066,143.441,0.0,0.0,-1.2476400594307655,525.2,1.62022,,,,-0.2971968725870682,-0.43639938194659467,-0.37453586361262553,-0.5948905606989924,,,Tier 4 - Depth
216,Christian Yelich,MIL,Batter,Batter,2.8,,Brian Frederick,15.9102,57.2905,59.8078,12.3424,0.257954,0.344286,0.423474,,,112.532,,,,,,-1.24894651918081,573.3,1.33664,-0.41255000306324696,-0.5364079706470511,-0.26426770920219833,,,,,Partial,Brian Frederick,Tier 4 - Depth
217,Dansby Swanson,CHC,Batter,Batter,4.6,,Brenden Freedman,16.6598,58.3292,59.9187,11.976,0.240538,0.30731,0.39825,,,130.409,,,,,,-1.250416992849724,548.4,2.63607,-0.3054407146694036,-0.4659382787208624,-0.2562878140736681,,,,,,,Tier 4 - Depth
218,Addison Barger,TOR,Batter,Batter,,,,16.6074,51.5203,55.6626,3.458,0.249296,0.318815,0.440674,,,102.705,,,,,,-1.2717510859539967,513.3,1.96876,-0.3129280768783652,-0.927882136770566,-0.5625387758098046,,,,,,,Tier 4 - Depth
219,Colt Keith,DET,Batter,Batter,1.5,,Brian Frederick,15.2943,61.6332,51.5866,4.3275,0.262392,0.335287,0.430049,,,96.3527,,,,,,-1.285282315308658,564.9,1.99107,-0.500555086736897,-0.2417812919834714,-0.8558305029864433,,,,,,,Tier 4 - Depth
220,Ceddanne Rafaela,BOS,Batter,Batter,1.5,,Steve Cornish,15.6054,60.334,60.7796,18.4696,0.257161,0.299176,0.424219,,,105.59,,,,,,-1.2881785965512766,559.5,2.51969,-0.4561024458359837,-0.3299243782937674,-0.19434108985228227,,,,,,,Tier 4 - Depth
221,Dean Kremer,BAL,Pitcher,SP,,,,24.8927,83.8624,,,0.261829,,,9.0528,11.2908,130.292,4.56599,1.34779,154.507,0.0,0.0,-1.2997411604163627,524.5,1.31051,,,,-0.19841479170659576,-0.3167530247956397,-0.83971888878454,-0.4529136646544894,,,Tier 4 - Depth
222,Mike Burrows,HOU,Pitcher,SP,,,,20.257,70.6475,,,0.246485,,,8.5672,9.6106,135.496,4.23392,1.30295,139.597,0.0,0.6631,-1.3092291792860127,553.6,1.62133,,,,-0.647842498978108,-0.16675551995016372,-0.1250608866155014,0.04174399025114726,,,Tier 4 - Depth
223,Lucas Giolito,,Pitcher,SP,,,,26.4249,91.4982,,,0.254824,,,8.893,11.7184,146.556,4.6899,1.38671,164.584,0.0,0.0,-1.3202746219054675,562.2,1.22749,,,,-0.0840383557886702,0.15203241309959856,-1.1063893891271341,-0.8822641537028261,,,Tier 4 - Depth
224,Geraldo Perdomo,ARI,Batter,Batter,,,,12.3213,77.2291,54.6165,18.5628,0.270256,0.364986,0.412082,,,73.8564,,,,,,-1.3324882375005065,692.5,3.92132,-0.9253628700812084,0.8163088864238148,-0.6378117090285191,,,,,,,Tier 4 - Depth
225,Kumar Rocker,TEX,Pitcher,SP,,,,17.0585,66.7262,,,0.257211,,,7.8213,9.8593,112.149,4.25297,1.32389,130.549,0.0,0.0,-1.403443327150191,502.7000000000001,1.59449,,,,-0.5813190667685944,-0.8396978231068365,-0.16605897419137458,-0.18925804573734548,,,Tier 4 - Depth
226,Ramón Laureano,SDP,Batter,Batter,,,,16.6522,51.3305,57.218,6.7684,0.243052,0.307333,0.425819,,,119.245,,,,,,-1.408254173158426,495.1,1.16073,-0.30652666796688655,-0.9407589515655891,-0.4506187678484343,,,,,,,Tier 4 - Depth
227,Alejandro Kirk,TOR,Batter,Batter,,,,14.1614,53.9039,55.7626,0.9634,0.276288,0.354371,0.434932,,,54.7954,,,,,,-1.434364716361113,557.1,4.17696,-0.6624335723577414,-0.7661688820528768,-0.5553431985974238,,,,,,,Tier 4 - Depth
228,Michael McGreevy,STL,Pitcher,SP,,,,17.4373,73.0692,,,0.26982,,,8.5427,11.6059,101.067,4.04865,1.31232,148.613,0.0,0.6791,-1.4483435613386066,563.1000000000001,1.45068,,,,-0.11413037880262414,-1.1591198732024484,0.2736643462024522,-0.061622250303396825,,,Tier 4 - Depth
229,Brendan Donovan,STL,Batter,Batter,,,,11.8235,69.2257,53.0867,6.1579,0.279777,0.353144,0.412055,,,73.0826,,,,,,-1.4730630919116994,648.2,2.83464,-0.996492811066341,0.27332522187961583,-0.7478896492235196,,,,,,,Tier 4 - Depth
230,Miguel Vargas,CHW,Batter,Batter,,,,14.9882,56.4241,56.8733,5.873,0.237997,0.329657,0.405164,,,94.6441,,,,,,-1.5105642862887858,536.8,1.89039,-0.5442932846789398,-0.5951881199537324,-0.4754219224995109,,,,,,,Tier 4 - Depth
231,Luis García Jr.,WSN,Batter,Batter,,,,15.1707,53.593,59.1416,12.9448,0.273255,0.314992,0.438136,,,72.6337,,,,,,-1.5129529562451876,545.0,1.7743,-0.5182161166801721,-0.7872616203024695,-0.31220464459107905,,,,,,,Tier 4 - Depth
232,Luis Robert Jr.,CHW,Batter,Batter,17.0,,Nolan Chidester,18.9957,56.6054,58.5717,26.4841,0.23778,0.298879,0.413167,,,137.79,,,,,,-1.5304440373454336,543.5,1.66544,0.028332746855647562,-0.5828879802153883,-0.3532122391244366,,,,,,,Tier 4 - Depth
233,Noelvi Marte,CIN,Batter,Batter,1.5,,Ross & Jack Kantor,16.0102,57.6597,54.2753,12.9973,0.256244,0.310798,0.427949,,,100.445,,,,,,-1.5644409066101836,518.5,1.02729,-0.3982611438858397,-0.5113599199498826,-0.6623630184771622,,,,,,,Tier 4 - Depth
234,Kodai Senga,NYM,Pitcher,SP,,,,14.6514,58.4029,,,0.237687,,,7.6182,8.89,124.487,3.92201,1.3344,123.466,0.0,0.7021,-1.5670687076865288,515.5,1.43397,,,,-0.8405919370568196,-0.48407345439363897,0.5462101630322987,-0.3052003283657632,,,Tier 4 - Depth
235,Hurston Waldrep,ATL,Pitcher,SP,1.0,,Ross & Jack Kantor,16.383,76.1851,,,0.257163,,,8.9411,11.4894,129.01,4.31237,1.43991,146.277,0.0,0.0,-1.6562025413776535,549.0000000000001,1.33007,,,,-0.14529234041262967,-0.35370475446741173,-0.2938955307271663,-1.4691461171501907,,,Tier 4 - Depth
236,Chase DeLauter,CLE,Batter,Batter,,,Steve Cornish,13.8777,54.2309,56.5676,2.6075,0.251394,0.325724,0.406382,,,92.1666,,,,,,-1.676901499253302,533.9,2.03501,-0.7029710658440451,-0.7439838534018095,-0.4974188020377589,,,,,,,Tier 4 - Depth
237,Brenton Doyle,COL,Batter,Batter,6.5,,Steve Cornish,16.2409,56.0503,57.9253,17.0417,0.245044,0.296466,0.407637,,,131.759,,,,,,-1.6834577631229282,517.2,1.25423,-0.3652967457635618,-0.620548253622751,-0.39972445022526565,,,,,,,Tier 4 - Depth
238,Colton Cowser,BAL,Batter,Batter,1.5,,Brian Frederick,17.2218,53.4962,53.704,10.5936,0.229876,0.313422,0.411452,,,137.183,,,,,,-1.6858882765081966,490.2,1.66567,-0.22513732609237577,-0.7938289315361801,-0.7034713510914934,,,,,,,Tier 4 - Depth
239,Braxton Ashcraft,PIT,Pitcher,SP,,,,16.1289,69.8236,,,0.2573,,,8.089,9.6575,119.711,4.09144,1.33137,141.481,0.0,0.6574,-1.7059766640235248,565.4000000000001,1.67603,,,,-0.6352974689394018,-0.6217345003471347,0.18157467862388973,-0.27177453232731263,,,Tier 4 - Depth
240,Ryan O'Hearn,PIT,Batter,Batter,,,,13.3442,52.1674,56.5856,2.5846,0.269318,0.34093,0.425963,,,83.37,,,,,,-1.7188355479442097,532.2,0.995325,-0.7792021295555117,-0.8839802039262058,-0.49612359813953033,,,,,,,Tier 4 - Depth
241,Steven Kwan,CLE,Batter,Batter,5.3,,Zack Semler,11.2665,77.3129,51.0949,16.9728,0.2782,0.35032,0.398934,,,56.4944,,,,,,-1.744091583341845,681.9,2.8037,-1.076081756684498,0.8219942240414276,-0.8912111561397189,,,,,Partial,Zack Semler,Tier 4 - Depth
242,Nick Martinez,,Pitcher,SP,,,,22.905,84.4188,,,0.267888,,,8.5252,11.2907,115.077,4.57358,1.3543,154.648,0.0,0.0,-1.7649829269287958,515.1,1.33428,,,,-0.19844154017149745,-0.7553026090046934,-0.8560535598974459,-0.524729483865812,,,Tier 4 - Depth
243,Jacob Wilson,ATH,Batter,Batter,1.0,,Tyler Hart,11.3378,55.9526,54.6807,4.7151,0.300523,0.348359,0.444953,,,38.3645,,,,,,-1.8632557403974743,595.7,3.24068,-1.065893800091007,-0.6271766245683453,-0.6331921484581707,,,,,,,Tier 4 - Depth
244,Adrian Houser,SFG,Pitcher,SP,,,,16.6954,77.3153,,,0.268698,,,8.0212,11.5871,107.046,4.33721,1.40118,147.313,0.0,0.0,-1.900804304251035,513.8999999999999,1.07516,,,,-0.11915909020406724,-0.9867841542418215,-0.3473544543694076,-1.0418916351141676,,,Tier 4 - Depth
245,Aaron Civale,,Pitcher,SP,,,,22.7292,76.2502,,,0.258402,,,7.918,9.6892,120.791,4.58668,1.3369,140.016,0.0,0.0,-1.914126086307169,473.7000000000001,1.29235,,,,-0.6268182055656923,-0.5906051180963443,-0.8842464705139268,-0.3327793680014471,,,Tier 4 - Depth
246,Gavin Sheets,SDP,Batter,Batter,,,,14.4931,50.3924,54.1047,2.2549,0.244162,0.31122,0.405575,,,92.6166,,,,,,-1.9495525481012508,469.7,0.510762,-0.6150374264662822,-1.0044035245856697,-0.6746386732014837,,,,,,,Tier 4 - Depth
247,Davis Martin,CHW,Pitcher,SP,,,,23.79,88.2493,,,0.265614,,,8.0188,11.7906,123.451,4.64602,1.40277,159.071,0.0,0.0,-1.9665183528997012,504.2000000000001,1.3076,,,,-0.06472596412993756,-0.5139346025527307,-1.011953899214835,-1.0594319043224627,,,Tier 4 - Depth
248,Jake Cronenworth,SDP,Batter,Batter,,,,12.8752,57.2456,56.0101,4.1997,0.23591,0.328453,0.376023,,,107.417,,,,,,-1.97589305178343,554.1,1.56942,-0.8462168790975511,-0.5394541718288031,-0.5375341449967813,,,,,,,Tier 4 - Depth
249,Patrick Sandoval,BOS,Pitcher,SP,,,,13.5523,58.7931,,,0.250047,,,7.4649,8.8676,114.667,3.93894,1.35242,123.452,0.0,0.6704,-1.9843108831093208,503.6,1.6882,,,,-0.8465835931947093,-0.76712024485916,0.5097745922890164,-0.5039900460597762,,,Tier 4 - Depth
250,Anthony Kay,CHW,Pitcher,SP,,,,16.7289,71.1564,,,0.264723,,,7.5707,11.1748,107.457,4.2451,1.41763,138.51,0.0,0.0,-1.9870162779774203,482.10000000000014,1.64807,,,,-0.22944301099209513,-0.974937694885271,-0.1491217065156716,-1.2233617159169698,,,Tier 4 - Depth
251,Taj Bradley,MIN,Pitcher,SP,,,,17.0222,61.2372,,,0.245981,,,7.1036,7.4639,123.099,4.14416,1.29684,123.848,0.0,0.6546,-1.9880757594171001,510.6999999999999,1.5193,,,,-1.2220517950141483,-0.5240804752863214,0.06811435437191983,0.10914716312076078,,,Tier 4 - Depth
252,TJ Friedl,CIN,Batter,Batter,,,,13.8479,65.8914,47.341,9.7534,0.249865,0.340162,0.395854,,,86.3465,,,,,,-1.9907793918946162,569.7,1.88335,-0.7072291458789126,0.04711255817547476,-1.1613259291152793,,,,,,,Tier 4 - Depth
253,Landen Roupp,SFG,Pitcher,SP,,,,15.0515,65.2181,,,0.24933,,,7.6478,9.4843,121.945,4.09498,1.36366,131.902,0.0,0.6691,-1.997105606740714,536.5000000000002,1.10571,,,,-0.6816258101484403,-0.557342796691333,0.17395613636569768,-0.627985408261815,,,Tier 4 - Depth
254,Trevor Story,BOS,Batter,Batter,,,,15.6355,51.9907,56.2036,15.5177,0.246873,0.297728,0.413465,,,121.358,,,,,,-2.0018253425620913,493.9,1.3549,-0.45180149922358404,-0.8959682606927003,-0.5236107030908246,,,,,,,Tier 4 - Depth
255,Josh Jung,TEX,Batter,Batter,,,,15.3287,46.578,53.3228,3.5863,0.252065,0.297589,0.422333,,,108.194,,,,,,-2.014169857974811,450.6,1.54041,-0.495639719179869,-1.2631881523735338,-0.7309008914250887,,,,,,,Tier 4 - Depth
256,Lars Nootbaar,STL,Batter,Batter,,,,14.3354,55.5567,50.7856,6.4066,0.248534,0.34516,0.409909,,,95.0354,,,,,,-2.0301683207144476,543.7,1.79944,-0.6375709573890532,-0.6540361133847293,-0.9134670764576125,,,,,,,Tier 4 - Depth
257,Xander Bogaerts,SDP,Batter,Batter,,,,12.8372,57.614,56.7812,13.6505,0.270054,0.33403,0.407341,,,89.2683,,,,,,-2.034306323191899,590.5,2.9246,-0.8516466455849657,-0.5144603964310871,-0.4820490491121137,,,,,,,Tier 4 - Depth
258,Steven Matz,TBR,Pitcher,SP,,,,19.7622,70.6167,,,0.261739,,,7.7113,9.6048,113.182,4.27857,1.31211,137.556,0.0,0.6589,-2.0431489717975113,506.6,1.70103,,,,-0.6493939099423831,-0.809923145453997,-0.22115351707548722,-0.0593056109740013,,,Tier 4 - Depth
259,Matt Shaw,CHC,Batter,Batter,1.0,,Steve Cornish,15.2302,56.8433,53.0917,17.5917,0.242812,0.321601,0.412939,,,90.0572,,,,,,-2.0793769334104106,517.6,2.25716,-0.5097142454696149,-0.5667478630408046,-0.7475298703629004,,,,,,,Tier 4 - Depth
260,Jeff McNeil,ATH,Batter,Batter,,,,11.3947,55.6293,55.0466,3.5066,0.264252,0.334622,0.406912,,,62.3374,,,,,,-2.0840362996707396,545.7,1.79504,-1.0577634392190622,-0.6491106299594464,-0.6068635314380699,,,,,,,Tier 4 - Depth
261,Jackson Holliday,BAL,Batter,Batter,1.5,,Brenden Freedman,13.717,66.2223,47.8392,14.4623,0.250704,0.334389,0.40269,,,104.341,,,,,,-2.085107637848505,554.2,2.34495,-0.7259332625421383,0.06956217891137143,-1.1254775634431986,,,,,,,Tier 4 - Depth
262,Andre Pallante,STL,Pitcher,SP,,,,13.9232,75.9903,,,0.271082,,,8.3305,12.0672,103.161,4.20477,1.4512,147.944,0.0,0.0,-2.0865848999598624,534.8,1.42152,,,,0.009260289787036788,-1.0987634598384153,-0.062326280167379615,-1.5936930601449422,,,Tier 4 - Depth
263,Paul Goldschmidt,,Batter,Batter,11.5,,Tyler Hart,13.1492,53.9378,52.4824,4.7587,0.258876,0.324708,0.411396,,,103.299,,,,,,-2.1050207980096083,512.2,0.683995,-0.8070654049514555,-0.7638689662385917,-0.7913725223179365,,,,,,,Tier 4 - Depth
264,Roki Sasaki,LAD,Pitcher,SP,23.0,,Tyler Hart,17.4729,68.3072,,,0.250336,,,8.3354,8.7221,127.676,4.20467,1.33868,135.1,0.0,0.7738,-2.1253185518858633,538.3,1.72904,,,,-0.8855026096260896,-0.39215530624755457,-0.062111067109239054,-0.35241564422205574,,,Tier 4 - Depth
265,Ryan McMahon,NYY,Batter,Batter,,,,15.996,50.445,52.1993,3.3961,0.212142,0.304445,0.374633,,,148.6,,,,,,-2.126028520120884,449.9,1.42403,-0.4002901618890316,-1.0008349236466907,-0.8117432014061862,,,,,,,Tier 4 - Depth
266,Cristian Javier,HOU,Pitcher,SP,,,,28.6456,91.5357,,,0.249957,,,8.4174,10.5946,144.256,4.95587,1.38623,157.49,0.0,0.0,-2.1342241158823994,482.69999999999993,0.897918,,,,-0.38463760434939254,0.08573835830624804,-1.6787915598649288,-0.8769689780927743,,,Tier 4 - Depth
267,Nico Hoerner,CHC,Batter,Batter,5.0,,Steve Cornish,8.6087,73.8093,59.2283,24.9569,0.284587,0.339348,0.391199,,,59.4289,,,,,,-2.143067926428439,696.5,3.53386,-1.4558510559016227,0.5842955500907243,-0.3059660791479449,,,,,Partial,Steve Cornish,Tier 4 - Depth
268,Jon Gray,,Pitcher,SP,,,,18.6414,66.8749,,,0.257545,,,7.1616,9.364,107.684,4.45593,1.34038,125.956,0.0,0.0,-2.1467219315231727,443.50000000000006,1.4691,,,,-0.7138042134246944,-0.9683947599121882,-0.6028553969944828,-0.37116939117431913,,,Tier 4 - Depth
269,Andrew Benintendi,CHW,Batter,Batter,,,,13.8183,49.2033,51.9495,2.5709,0.253652,0.321395,0.408539,,,77.6496,,,,,,-2.240070375776661,486.0,0.543364,-0.7114586481954249,-1.0850769728088634,-0.8297177532827134,,,,,,,Tier 4 - Depth
270,Luis Arraez,,Batter,Batter,10.3,,Zack Semler,6.6706,70.646,53.7976,8.8908,0.305499,0.345337,0.404174,,,26.3625,,,,,,-2.2465646175309386,655.3,1.42862,-1.7327834356189489,0.36968423164448133,-0.6967362908207049,,,,,Partial,Zack Semler,Tier 4 - Depth
271,Miles Mikolas,,Pitcher,SP,,,,24.3868,83.1635,,,0.274466,,,8.2865,10.2022,104.276,4.66806,1.32598,149.714,0.0,0.0,-2.249064697859267,479.7999999999999,1.19532,,,,-0.4895985806220633,-1.0666252550146826,-1.0593868572291252,-0.21231412287277687,,,Tier 4 - Depth
272,Brad Lord,WSN,Pitcher,SP,,,,19.7482,80.1669,,,0.261112,,,8.2602,10.2652,119.582,4.28978,1.37559,155.091,0.0,0.6621,-2.283205779805042,548.2,1.26666,,,,-0.472747047734249,-0.6254527321159793,-0.24527890089310111,-0.7595925854033013,,,Tier 4 - Depth
273,Patrick Corbin,,Pitcher,SP,,,,21.2725,77.1909,,,0.266001,,,7.9693,10.11,112.09,4.54777,1.37442,141.922,0.0,0.0,-2.2914159692163683,476.5,1.13892,,,,-0.5142606652610547,-0.8413984097297963,-0.800507069591237,-0.7466855948537997,,,Tier 4 - Depth
274,Bryson Stott,PHI,Batter,Batter,,,,12.5889,60.0268,56.5364,21.3173,0.256738,0.326572,0.394157,,,86.1825,,,,,,-2.3387260729721597,588.6,2.34178,-0.8871258829224672,-0.35076609328339414,-0.4996638221280216,,,,,,,Tier 4 - Depth
275,Troy Melton,DET,Pitcher,SP,,,,17.9766,64.8875,,,0.252665,,,7.0251,7.8124,110.546,4.21532,1.30605,128.71,0.0,0.6104,-2.380133362050369,491.3999999999999,1.22418,,,,-1.1288333948331448,-0.885901896947593,-0.08503125780126272,0.00754598110289982,,,Tier 4 - Depth
276,Griffin Canning,,Pitcher,SP,,,,19.2217,70.2764,,,0.259445,,,7.56,9.4762,112.008,4.46359,1.38676,131.656,0.0,0.0,-2.427045944053434,459.70000000000016,0.985754,,,,-0.6837924358054446,-0.8437619369006898,-0.6193407172480875,-0.8828157344955385,,,Tier 4 - Depth
277,Andrés Giménez,TOR,Batter,Batter,,,,11.9216,59.9728,55.0458,17.7116,0.253321,0.311288,0.384418,,,89.1284,,,,,,-2.470363291338926,535.9,2.17382,-0.9824754402133046,-0.3544296759964146,-0.6069210960557688,,,,,,,Tier 4 - Depth
278,Bo Naylor,CLE,Batter,Batter,,,,15.5443,46.2706,47.9467,4.2977,0.22042,0.307021,0.404864,,,98.9899,,,,,,-2.503536695744119,426.0,2.12447,-0.46483293879337934,-1.2840434361880235,-1.1177423179398893,,,,,,,Tier 4 - Depth
279,Brooks Lee,MIN,Batter,Batter,1.5,,Nolan Chidester,13.0964,47.6248,50.8263,3.247,0.251849,0.30573,0.40556,,,72.3405,,,,,,-2.548883665736071,444.9,1.58887,-0.8146099225971266,-1.1921689230403922,-0.9105384765321735,,,,,,,Tier 4 - Depth
280,Kutter Crawford,BOS,Pitcher,SP,,,,19.2648,62.3031,,,0.249788,,,6.6145,6.5159,115.387,4.38802,1.26389,120.238,0.0,0.6704,-2.586556782779369,464.49999999999994,1.0882,,,,-1.4756272422783985,-0.746367323358633,-0.4567042092108839,0.47263890551908255,,,Tier 4 - Depth
281,Tommy Edman,LAD,Batter,Batter,,,,12.6492,49.3532,51.9721,7.5882,0.250307,0.306639,0.401025,,,78.2853,,,,,,-2.6406399646572343,465.7,1.42315,-0.8785097008384908,-1.074907138574016,-0.8280915528327155,,,,,,,Tier 4 - Depth
282,Luis Gil,NYY,Pitcher,SP,,,,20.9751,71.3827,,,0.236469,,,7.8183,7.6616,139.469,4.39085,1.37252,137.092,0.0,0.6929,-2.641428769241421,502.5000000000002,1.00519,,,,-1.1691700799042934,-0.05223974617017271,-0.4627947387562768,-0.7257255247306794,,,Tier 4 - Depth
283,Daylen Lile,WSN,Batter,Batter,,,,10.5167,51.3843,53.6012,11.9211,0.270557,0.325545,0.429135,,,79.713,,,,,,-2.684641964282249,537.6,1.5311,-1.1832196227966962,-0.9371089376774316,-0.7108684044658209,,,,,,,Tier 4 - Depth
284,Jordan Beck,COL,Batter,Batter,,,,12.7759,50.4834,51.6845,13.3291,0.248324,0.311637,0.410024,,,121.628,,,,,,-2.7283486711344316,481.2,0.294532,-0.8604057162607162,-0.9982297092729872,-0.8487860328955223,,,,,,,Tier 4 - Depth
285,Kyle Freeland,COL,Pitcher,SP,,,,30.8047,111.943,,,0.286776,,,8.704,11.8249,137.05,5.13893,1.43541,183.97,0.0,0.0,-2.7412728061747753,527.3000000000002,1.67493,,,,-0.05555124066879433,-0.12196379771152617,-2.0727605840979653,-1.4195038458059592,,,Tier 4 - Depth
286,Sean Burke,CHW,Pitcher,SP,,,,25.0709,86.2406,,,0.252702,,,7.6575,9.9083,135.127,4.8303,1.43251,150.928,0.0,0.0,-2.746855721675299,470.5000000000001,0.94319,,,,-0.5682123189669609,-0.1773913922191838,-1.4085485227571926,-1.387512159828564,,,Tier 4 - Depth
287,Spencer Horwitz,PIT,Batter,Batter,,,,10.7945,57.2202,43.1968,2.4495,0.264234,0.359076,0.415215,,,80.8684,,,,,,-2.7501125206633006,539.3,1.47685,-1.1435251720018595,-0.5411774125864093,-1.4595250399507613,,,,,,,Tier 4 - Depth
288,JP Sears,SDP,Pitcher,SP,,,,23.9887,72.0549,,,0.255144,,,7.2874,8.4465,112.491,4.64024,1.29011,131.887,0.0,0.6596,-2.800133569355465,431.8000000000001,0.698207,,,,-0.9592213788940507,-0.8298401853940862,-0.9995145844542821,0.1833899378200223,,,Tier 4 - Depth
289,Connor Norby,MIA,Batter,Batter,3.0,,Brian Frederick,13.3077,49.286,48.8799,8.5517,0.241014,0.302787,0.39562,,,121.171,,,,,,-2.8263259722816283,447.6,1.17142,-0.7844175631552653,-1.079466263727997,-1.0505931913939524,,,,,,,Tier 4 - Depth
290,Jonathan India,KCR,Batter,Batter,5.1,,Tyler Hart,10.8023,57.1799,47.3696,5.5575,0.247482,0.338979,0.382574,,,95.0518,,,,,,-2.837756885536837,536.7,1.26055,-1.1424106409860215,-0.543911530796311,-1.1592679940325386,,,,,,,Tier 4 - Depth
291,Gabriel Moreno,ARI,Batter,Batter,,,,10.293,47.9653,49.8922,3.923,0.280021,0.353624,0.426985,,,68.8534,,,,,,-2.858908375962298,492.2,3.40823,-1.2151838007765559,-1.1690679987110697,-0.977752363273022,,,,,,,Tier 4 - Depth
292,Chris Paddack,,Pitcher,SP,,,,20.6711,68.2034,,,0.267207,,,6.8844,8.5378,94.6199,4.64516,1.3231,123.779,0.0,0.0,-2.8799126291232335,398.1,1.06004,,,,-0.9348000304391708,-1.3449478734886255,-1.0101030669148212,-0.1805430692124684,,,Tier 4 - Depth
293,Jordan Walker,STL,Batter,Batter,,,,13.0327,46.7582,49.898,8.2515,0.2445,0.308683,0.400535,,,114.582,,,,,,-2.8894377398021396,457.6,0.753214,-0.8237119258931348,-1.2509626411719366,-0.9773350197947038,,,,,,,Tier 4 - Depth
294,Anthony Volpe,NYY,Batter,Batter,5.1,,Jake Levine & Johnny Drago,13.7248,51.0189,48.9785,16.1882,0.233727,0.298599,0.402894,,,101.688,,,,,,-2.898463771039784,450.6,2.08783,-0.7248187315263006,-0.9618991807022025,-1.0434983522625452,,,,,,,Tier 4 - Depth
295,Matt McLain,CIN,Batter,Batter,11.5,,Jake Zuckman & Andrew Meyers,13.3823,50.741,47.9342,11.5333,0.235506,0.317249,0.391774,,,119.812,,,,,,-2.937852918465369,460.1,1.5054,-0.7737580742089196,-0.9807530628493942,-1.118641765091437,,,,,,,Tier 4 - Depth
296,Ernie Clement,TOR,Batter,Batter,,,,9.3671,50.7023,52.1865,6.7745,0.275918,0.31294,0.405686,,,46.2136,,,,,,-2.95771534402972,488.9,1.75974,-1.3474843479001677,-0.983378630460392,-0.8126642352893708,,,,,,,Tier 4 - Depth
297,Tomoyuki Sugano,,Pitcher,SP,,,,22.0962,80.1436,,,0.279511,,,7.7466,9.7641,93.933,4.70529,1.35783,142.556,0.0,0.0,-2.9797436856454,440.0,1.1697,,,,-0.6067836053546246,-1.3647467370701698,-1.1395106787750444,-0.5636710878313989,,,Tier 4 - Depth
298,José Berríos,TOR,Pitcher,SP,,,,18.2911,63.3791,,,0.257324,,,6.8134,6.9491,107.027,4.33689,1.31079,122.303,0.0,0.6491,-2.9921448729465427,448.4000000000002,1.04295,,,,-1.3597528923260007,-0.9873318007814189,-0.3466657725833574,-0.04474387804635758,,,Tier 4 - Depth
299,Nathaniel Lowe,,Batter,Batter,,,,12.0753,45.8778,46.7371,1.0191,0.244784,0.33303,0.39651,,,98.4987,,,,,,-3.0377317564228274,441.1,0.736516,-0.9605134636576299,-1.3106926082190307,-1.2047800199008467,,,,,,,Tier 4 - Depth
300,Jung Hoo Lee,SFG,Batter,Batter,7.1,,Jake Levine & Johnny Drago,8.5712,59.5818,45.7309,8.7632,0.273459,0.334528,0.411085,,,55.3137,,,,,,-3.0422096260942695,555.8,2.35679,-1.4612093780931505,-0.38095672860365415,-1.2771819178118216,,,,,,,Tier 4 - Depth
301,Willi Castro,,Batter,Batter,3.0,,Jake Levine & Johnny Drago,11.3921,55.3936,50.1544,12.8971,0.234342,0.311029,0.368627,,,121.745,,,,,,-3.0475090166633567,493.5,1.09795,-1.058134949557675,-0.665101490060537,-0.9588855598221597,,,,,,,Tier 4 - Depth
302,Luke Keaschall,MIN,Batter,Batter,1.0,,Tyler Hart,9.8512,62.1762,48.227,19.8896,0.267196,0.350554,0.400851,,,79.8788,,,,,,-3.048623469346053,564.7,2.59241,-1.2783119806223402,-0.20494193248032277,-1.0975731150135863,,,,,,,Tier 4 - Depth
303,Jose Quintana,,Pitcher,SP,,,,19.3528,80.2429,,,0.268535,,,7.9309,10.4914,106.715,4.60483,1.44818,145.267,0.0,0.0,-3.0780250605237276,467.69999999999993,1.14834,,,,-0.4122420201275259,-0.9963247334316472,-0.9233076405665291,-1.560377580265035,,,Tier 4 - Depth
304,Austin Hays,,Batter,Batter,,,,11.9393,44.5594,48.7575,4.4151,0.241555,0.298381,0.402833,,,103.466,,,,,,-3.0783759582233636,411.7,0.232824,-0.9799463121389036,-1.4001383017161788,-1.0594005779019062,,,,,,,Tier 4 - Depth
305,J.T. Realmuto,,Batter,Batter,,,,11.9411,45.7929,48.7178,5.2152,0.246942,0.304817,0.397403,,,102.493,,,,,,-3.0836900373505913,434.8,1.6324,-0.9796891126737102,-1.3164525743733901,-1.0622572220552216,,,,,,,Tier 4 - Depth
306,Ian Seymour,TBR,Pitcher,SP,,,,17.6126,56.5264,,,0.251713,,,5.9236,6.8755,99.4899,4.34781,1.2945,109.319,0.0,0.6589,-3.0921810829556753,386.4,0.800822,,,,-1.3794397624933517,-1.2045774183392273,-0.370167038532361,0.13496114421976155,,,Tier 4 - Depth
307,Marcelo Mayer,BOS,Batter,Batter,1.0,,Jake Zuckman & Andrew Meyers,11.8951,44.3794,47.7786,5.0138,0.251025,0.309183,0.414639,,,93.2076,,,,,,-3.0932734556855137,443.3,1.42135,-0.9862619878953175,-1.412350244092913,-1.1298380832339014,,,,,,,Tier 4 - Depth
308,Cody Bradford,TEX,Pitcher,SP,5.0,,Zack Semler,17.318,54.5688,,,0.254952,,,5.9063,6.9395,90.3226,4.36852,1.26625,105.383,0.0,0.6629,-3.1032108127027382,383.2999999999999,0.933293,,,,-1.3623207449565247,-1.4688111089944795,-0.4147376628733763,0.44660429210299485,,,Tier 4 - Depth
309,Martín Pérez,,Pitcher,SP,,,,18.1478,72.9107,,,0.265278,,,7.4968,9.6944,103.263,4.53048,1.43433,134.097,0.0,0.0,-3.1305201514141423,441.99999999999994,1.17504,,,,-0.6254272853908251,-1.0958234626258405,-0.7632967318386465,-1.407589700683344,,,Tier 4 - Depth
310,Ha-Seong Kim,ATL,Batter,Batter,5.1,,Tyler Hart,10.9039,57.13,49.4536,17.8398,0.245128,0.332278,0.37702,,,86.8896,,,,,,-3.1915321962212446,517.1,1.95328,-1.127893160061776,-0.5472969525996392,-1.009312164926524,,,,,,,Tier 4 - Depth
311,Jakob Marsee,MIA,Batter,Batter,,,,12.1604,69.1778,45.5453,32.89,0.231767,0.330389,0.371865,,,120.512,,,,,,-3.2123811162647318,580.2,2.10824,-0.9483536444976567,0.2700754883249183,-1.2905369091180003,,,,,,,Tier 4 - Depth
312,Otto Lopez,MIA,Batter,Batter,,,,9.9737,50.7057,51.6166,13.7046,0.270217,0.326379,0.395709,,,73.0891,,,,,,-3.2406066414096037,520.2,2.16388,-1.2608081281300167,-0.9831479604377205,-0.8536718298227289,,,,,,,Tier 4 - Depth
313,Joey Ortiz,MIL,Batter,Batter,1.5,,Brian Frederick,9.9347,53.311,49.5903,11.9987,0.249414,0.312755,0.382203,,,81.4641,,,,,,-3.2716732255784384,481.3,1.99318,-1.2663807832092053,-0.8063936633593535,-0.9994758108771996,,,,,,,Tier 4 - Depth
314,J.P. Crawford,SEA,Batter,Batter,,,,9.8851,54.6905,46.5844,4.5659,0.241185,0.336569,0.359713,,,99.0134,,,,,,-3.2861079586979325,511.3,2.05337,-1.2734680573611992,-0.7128026938665476,-1.215767666304152,,,,,,,Tier 4 - Depth
315,Harrison Bader,,Batter,Batter,,,,12.3407,47.878,47.3029,12.0295,0.245484,0.303527,0.390913,,,104.114,,,,,,-3.3078713512800566,428.9,1.21504,-0.9225908314007917,-1.1749907907637858,-1.1640674440331964,,,,,,,Tier 4 - Depth
316,Austin Gomber,,Pitcher,SP,,,,22.6726,75.1671,,,0.270724,,,7.1968,8.8209,94.9859,4.77599,1.3612,132.761,0.0,0.0,-3.356187509812216,394.30000000000007,0.980036,,,,-0.8590751263036127,-1.3343984717258577,-1.291666310880779,-0.6008476332603001,,,Tier 4 - Depth
317,Brady House,WSN,Batter,Batter,1.0,,Steve Cornish,12.5954,41.4218,47.1649,4.8855,0.244037,0.28271,0.389695,,,113.393,,,,,,-3.372461013574217,397.2,0.845302,-0.8861971070759359,-1.6130060261675216,-1.1739973405862816,,,,,,,Tier 4 - Depth
318,Brandon Marsh,PHI,Batter,Batter,,,,10.9834,46.9654,46.3305,8.5346,0.251727,0.328622,0.404764,,,116.252,,,,,,-3.3814805564116104,457.0,1.31023,-1.1165335170157376,-1.236905338613829,-1.2340372368463866,,,,,,,Tier 4 - Depth
319,Caleb Durbin,MIL,Batter,Batter,1.0,,Zack Semler,10.0704,51.686,50.2559,18.5107,0.257635,0.331376,0.395165,,,55.1641,,,,,,-3.4455625004095807,521.5,2.15133,-1.246990801305464,-0.9166403653715388,-0.9515820489515936,,,,,,,Tier 4 - Depth
320,Simeon Woods Richardson,MIN,Pitcher,SP,,,,19.3742,69.6853,,,0.253249,,,7.2051,7.3261,117.123,4.54451,1.36761,129.353,0.0,0.6546,-3.493809813479789,470.09999999999985,1.21029,,,,-1.2589111796481287,-0.6963297237406956,-0.7934911238958381,-0.6715602908861954,,,Tier 4 - Depth
321,Germán Márquez,,Pitcher,SP,,,,21.8449,79.2818,,,0.269853,,,7.5558,8.8562,104.554,4.80646,1.40176,138.747,0.0,0.0,-3.508951972732511,427.60000000000014,0.923364,,,,-0.8496329181934567,-1.0586123214353125,-1.3572417296963626,-1.0482899723096442,,,Tier 4 - Depth
322,Hunter Barco,PIT,Pitcher,SP,,,,13.4794,57.5788,,,0.251644,,,6.2035,7.3437,100.218,4.18307,1.39156,114.34,0.0,0.6574,-3.5195076651765573,437.49999999999994,1.22743,,,,-1.2542034498255015,-1.1835910264718195,-0.015625046550768115,-0.9357674905960518,,,Tier 4 - Depth
323,Wenceel Pérez,DET,Batter,Batter,,,,11.4304,45.5717,45.706,9.3488,0.240485,0.307055,0.395958,,,94.3088,,,,,,-3.529046242779728,436.9,0.897792,-1.052662316492728,-1.3314596946719106,-1.2789736165377041,,,,,,,Tier 4 - Depth
324,Lance McCullers Jr.,HOU,Pitcher,SP,,,,15.9996,65.7435,,,0.250804,,,7.4272,7.7378,116.866,4.37996,1.41485,124.997,0.0,0.6631,-3.5324460607628945,465.6,1.28014,,,,-1.1487877496495087,-0.7037373637763005,-0.43935803672471313,-1.1926938238420888,,,Tier 4 - Depth
325,Colin Rea,CHC,Pitcher,SP,,,,20.9572,73.2038,,,0.263467,,,7.2851,8.0303,106.24,4.58141,1.34674,134.054,0.0,0.7242,-3.536649850754081,447.2999999999999,0.830841,,,,-1.070548489813229,-1.0100158969215784,-0.8729047423498919,-0.441330468007502,,,Tier 4 - Depth
326,Kyle Teel,CHW,Batter,Batter,1.0,,Ross & Jack Kantor,11.1218,49.2986,41.2426,5.1845,0.248309,0.337235,0.389222,,,102.169,,,,,,-3.5537093532019814,446.2,1.81838,-1.0967577359142062,-1.0786114277616257,-1.6001410098351057,,,,,,,Tier 4 - Depth
327,Chase Meidroth,CHW,Batter,Batter,,,,8.7268,63.0797,40.7975,12.5873,0.261106,0.356173,0.369852,,,74.3591,,,,,,-3.596520344455259,557.5,2.66358,-1.438975913213105,-0.1436447661615477,-1.6321685240074124,,,,,,,Tier 4 - Depth
328,Tyler Anderson,,Pitcher,SP,,,,23.2719,83.0459,,,0.261237,,,7.574,9.4706,109.552,4.88206,1.43478,143.851,0.0,0.0,-3.6365275492746427,423.70000000000016,0.710813,,,,-0.6852903498399173,-0.9145524580191539,-1.519942801651008,-1.4125539278177655,,,Tier 4 - Depth
329,Cedric Mullins,TBR,Batter,Batter,7.0,,Nolan Chidester,12.9218,45.3959,44.8175,16.755,0.231682,0.304746,0.39167,,,92.6762,,,,,,-3.69176870593252,421.7,1.22147,-0.8395582707208794,-1.3433866917265214,-1.342906320069707,,,,,,,Tier 4 - Depth
330,Luis Morales,ATH,Pitcher,SP,,,,18.0485,66.0411,,,0.256827,,,6.624,8.2969,99.9287,4.70438,1.41244,118.05,0.0,0.0,-3.6970442807545165,383.00000000000006,0.985706,,,,-0.9992370823863838,-1.1919296656247396,-1.1375522399459603,-1.1661076296332886,,,Tier 4 - Depth
331,Jacob Latz,TEX,Pitcher,SP,,,,18.1696,69.0782,,,0.244551,,,7.152,7.8867,120.57,4.44177,1.43756,130.404,0.0,0.6629,-3.7031726975810755,459.8,0.921457,,,,-1.1089592854114847,-0.5969751120569228,-0.572381227961707,-1.4432218198926465,,,Tier 4 - Depth
332,Joe Boyle,TBR,Pitcher,SP,,,Nick & Alex Gianaris,12.8351,53.4014,,,0.236024,,,6.0216,6.9499,111.879,4.24478,1.42256,104.824,0.0,0.6589,-3.7036724703628403,420.3,1.00424,,,,-1.35953890460679,-0.847480168669534,-0.14843302472962142,-1.2777475820785409,,,Tier 4 - Depth
333,Kyle Leahy,STL,Pitcher,SP,,,,16.8149,68.9789,,,0.261183,,,7.0457,7.5373,103.743,4.33711,1.39649,132.4,0.0,0.6791,-3.706680837067675,464.10000000000014,0.69848,,,,-1.2024184217765996,-1.0819881816254895,-0.34713924131126705,-0.9901533567576226,,,Tier 4 - Depth
334,Parker Meadows,DET,Batter,Batter,1.5,,Ethan Gobetz,10.762,48.7219,43.423,11.6366,0.228143,0.304543,0.378753,,,108.227,,,,,,-3.813800824221445,428.9,1.26801,-1.1481690512345166,-1.1177371342541964,-1.4432486442963564,,,,,,,Tier 4 - Depth
335,Marcus Stroman,,Pitcher,SP,,,,17.617,78.4696,,,0.273028,,,7.704,9.4465,98.9504,4.66047,1.46919,139.817,0.0,0.0,-3.840157473849456,440.4,0.987539,,,,-0.6917367298811284,-1.2201276977135807,-1.0430521861162192,-1.7921518293633272,,,Tier 4 - Depth
336,Sal Frelick,MIL,Batter,Batter,,,,8.1369,50.5348,46.268,13.3886,0.270838,0.337357,0.389421,,,67.0067,,,,,,-3.8932207614074907,512.6,1.68,-1.5232658935006291,-0.9947425212831867,-1.2385344726041245,,,,,,,Tier 4 - Depth
337,Ke'Bryan Hayes,CIN,Batter,Batter,,,,9.0619,47.913,45.5766,9.7878,0.25052,0.306221,0.369757,,,91.6576,,,,,,-3.9582583225184065,430.2,1.2672,-1.3910939461096141,-1.1726162464127543,-1.288284693450525,,,,,,,Tier 4 - Depth
338,Andrew Painter,PHI,Pitcher,SP,,,Jake Zuckman & Andrew Meyers,21.0412,75.9304,,,0.263016,,,7.2317,8.5089,106.001,4.67647,1.4017,136.042,0.0,0.6501,-3.9895008104905676,435.5000000000001,0.755004,,,,-0.9425303367956442,-1.0169047139196699,-1.07748627541879,-1.0476280753583884,,,Tier 4 - Depth
339,Logan Allen,CLE,Pitcher,SP,,,,17.4216,65.5495,,,0.260808,,,6.6698,8.2628,99.3002,4.45211,1.41771,122.88,0.0,0.6864,-4.0204343092573955,416.5,0.927414,,,,-1.0083583089177246,-1.2100452366845746,-0.5946342581734937,-1.2242442451853126,,,Tier 4 - Depth
340,Tyler Wells,BAL,Pitcher,SP,,,,18.3168,54.4441,,,0.255693,,,5.5328,4.4075,91.1523,4.53214,1.27191,101.886,0.0,0.6665,-4.094211811539848,361.6000000000001,0.592524,,,,-2.039591876257244,-1.4448962493153303,-0.7668692686037887,0.38416534636780525,,,Tier 4 - Depth
341,Xavier Edwards,MIA,Batter,Batter,9.3,,JD Barnett,4.6292,67.4048,45.2465,25.4598,0.285351,0.351209,0.374704,,,77.3102,,,,,,-4.105116666569121,615.7,2.71838,-2.0244762068665363,0.14978785591408406,-1.312037293828594,,,,,,,Tier 4 - Depth
342,Josh Smith,TEX,Batter,Batter,,,,8.8766,47.7545,41.1601,7.4298,0.244946,0.330418,0.373511,,,79.4279,,,,,,-4.163452288878216,433.2,1.47038,-1.4175712021653493,-1.183369540116712,-1.60607736103532,,,,,,,Tier 4 - Depth
343,Sean Newcomb,CHW,Pitcher,SP,,,,13.2315,52.3869,,,0.247827,,,5.4616,4.7256,95.54,4.15762,1.38372,104.827,0.0,0.6116,-4.182394970111215,403.1,0.839287,,,,-1.9545050094062333,-1.3184273692210768,0.03914667674613368,-0.8492796222985469,,,Tier 4 - Depth
344,Randy Vásquez,SDP,Pitcher,SP,,,,23.2642,86.2406,,,0.26911,,,7.8102,8.8666,100.494,4.94856,1.43883,146.726,0.0,0.0,-4.183299013267059,410.7,0.562231,,,,-0.8468510778437222,-1.1756357398966175,-1.6630594853148162,-1.4572319720275755,,,Tier 4 - Depth
345,Jared Triolo,PIT,Batter,Batter,,,,8.5175,48.1461,43.9916,11.8743,0.241468,0.328416,0.36046,,,107.341,,,,,,-4.272620013643579,470.3,1.40086,-1.468882495471418,-1.1568017810348834,-1.4023345922667596,,,,,,,Tier 4 - Depth
346,José Urquidy,,Pitcher,SP,,,,21.4564,70.1355,,,0.267604,,,6.0426,7.7127,87.1143,5.00656,1.37089,118.762,0.0,0.0,-4.339302853579787,343.09999999999997,0.252277,,,,-1.1555016143397332,-1.561285550730786,-1.7878830590366361,-0.7077439908882128,,,Tier 4 - Depth
347,Richard Fitts,STL,Pitcher,SP,,,,15.642,58.8477,,,0.264366,,,5.9936,6.0051,83.4013,4.42776,1.35437,111.024,0.0,0.6791,-4.428559127332655,376.0000000000001,0.427063,,,,-1.6122584009941994,-1.6683072139689203,-0.5422298785161439,-0.5255016969756113,,,Tier 4 - Depth
348,Alek Manoah,LAA,Pitcher,SP,,,,16.7442,61.5478,,,0.257814,,,5.4189,7.2416,91.6587,4.81023,1.42097,107.795,0.0,0.0,-4.451376321092973,337.70000000000005,0.657443,,,,-1.2815136324897207,-1.4303000278599598,-1.3653552619882794,-1.2602073128702458,,,Tier 4 - Depth
349,Patrick Bailey,SFG,Batter,Batter,,,,8.7277,41.5822,41.3049,2.0212,0.22618,0.29048,0.347254,,,112.555,,,,,,-4.501415900852776,359.1,3.36458,-1.4388473134805084,-1.602123828627365,-1.5956581652317925,,,,,,,Tier 4 - Depth
350,Luis Medina,ATH,Pitcher,SP,,,,16.0228,61.8479,,,0.254151,,,6.3043,6.3311,102.24,4.54191,1.4111,114.177,0.0,0.6389,-4.509688705033483,398.99999999999994,0.803215,,,,-1.5250584054159866,-1.1253099052578397,-0.7878955843841701,-1.1513252643885628,,,Tier 4 - Depth
351,Walker Buehler,,Pitcher,SP,,,,19.2495,76.2183,,,0.265991,,,6.9199,8.0334,102.904,4.91251,1.46588,130.162,0.0,0.0,-4.52030576792289,395.49999999999994,0.695556,,,,-1.0697192874012889,-1.1061710998740202,-1.585475177854963,-1.7556371808856817,,,Tier 4 - Depth
352,Brayan Rocchio,CLE,Batter,Batter,1.5,,Ethan Gobetz,8.4824,44.3452,40.1443,10.4482,0.242317,0.315609,0.37656,,,74.2596,,,,,,-4.561091665786868,401.5,1.713,-1.4738978850426878,-1.4146705131444925,-1.6791700343586833,,,,,,,Tier 4 - Depth
353,Hunter Dobbins,STL,Pitcher,SP,,,,13.5988,53.3264,,,0.262697,,,5.5329,5.8935,75.1251,4.33383,1.36256,102.332,0.0,0.6791,-4.583664021983502,350.0000000000001,0.593037,,,,-1.6421096878240413,-1.9068562819170616,-0.34008025300423966,-0.6158506308221128,,,Tier 4 - Depth
354,Blaze Alexander,ARI,Batter,Batter,,,,9.1386,41.8276,40.422,7.7385,0.229651,0.309708,0.361317,,,123.273,,,,,,-4.596895846244305,384.9,0.772045,-1.3801343911205428,-1.5854748805204173,-1.6591879164399024,,,,,,,Tier 4 - Depth
355,Mick Abel,MIN,Pitcher,SP,,,Nolan Chidester,14.2609,58.5593,,,0.25176,,,5.846,4.7939,101.505,4.42189,1.41485,110.74,0.0,0.6546,-4.782074776555006,417.4,0.568371,,,,-1.9362358078786508,-1.1464951792896276,-0.5295968720032637,-1.1926938238420888,,,Tier 4 - Depth
356,Josiah Gray,WSN,Pitcher,SP,,,,21.5027,71.0744,,,0.258134,,,5.5172,7.3618,99.2307,5.10984,1.4327,118.075,0.0,0.0,-4.842158822252796,323.6,0.245389,,,,-1.2493619776783675,-1.2120484700794172,-2.010155105484729,-1.3896081668408775,,,Tier 4 - Depth
357,Tanner Gordon,COL,Pitcher,SP,,,,29.1386,95.2913,,,0.289695,,,6.5432,8.4394,101.113,5.47064,1.43179,147.828,0.0,0.0,-5.11824828897738,362.5,0.915349,,,,-0.9611205199020427,-1.1577939921065812,-2.7866438192576966,-1.3795693964134863,,,Tier 4 - Depth
358,Jonathan Cannon,CHW,Pitcher,SP,,,,18.019,63.1775,,,0.265951,,,5.3757,5.5202,82.7797,4.81815,1.4096,110.321,0.0,0.6116,-5.666504573282748,326.40000000000003,0.540451,,,,-1.741961707300565,-1.6862239028643753,-1.3824001361930527,-1.1347778406071516,,,Tier 4 - Depth
359,Taijuan Walker,PHI,Pitcher,SP,,,,19.9118,69.6597,,,0.269821,,,6.2617,5.2945,87.3754,4.81321,1.42222,121.496,0.0,0.6501,-5.74899385907841,345.80000000000007,0.370911,,,,-1.8023329925827818,-1.5537597343366365,-1.371768611120883,-1.2739968326880877,,,Tier 4 - Depth
360,Chase Dollander,COL,Pitcher,SP,1.0,,Zack Semler,21.9393,85.184,,,0.273012,,,6.1492,7.15,111.302,5.41903,1.52844,133.055,0.0,0.0,-5.9629359693607205,360.20000000000005,0.708075,,,,-1.3060152263393043,-0.8641113293720396,-2.675572359951092,-2.4457750687290494,,,Tier 4 - Depth
361,Victor Scott II,STL,Batter,Batter,1.5,,Nolan Chidester,6.5097,44.44,36.5336,25.9554,0.226843,0.298065,0.327875,,,91.0476,,,,,,-6.0106641516962,368.7,1.0948,-1.755774210035397,-1.4082388901594125,-1.9389807407661144,,,,,,,Tier 4 - Depth
362,Ryan Feltner,COL,Pitcher,SP,,,,17.6851,70.871,,,0.276232,,,5.4832,6.2471,94.6093,5.18431,1.49168,115.254,0.0,0.6096,-6.517997639829489,343.40000000000003,0.916731,,,,-1.5475271159330721,-1.3452534026107164,-2.1704242698823806,-2.0402528699259435,,,Tier 4 - Depth
363,Michael Soroka,ARI,Pitcher,SP,,,,18.4401,75.0873,,,0.248294,,,8.789,9.0647,145.866,4.22695,1.32234,148.577,5.649,0.5678,-6.705418837157373,646.0000000000002,1.46821,,,,-0.7938623688742622,0.13214419666159358,-0.11006053646306926,-0.17215904116322175,,,Tier 4 - Depth
364,McCade Brown,COL,Pitcher,SP,,,,20.2451,73.8039,,,0.27112,,,5.2234,5.6992,97.6072,5.51797,1.51952,113.665,0.0,0.0,-6.7978854138991585,305.7999999999999,0.426138,,,,-1.6940819551272521,-1.258843425712897,-2.8885041596758625,-2.347373055308927,,,Tier 4 - Depth
