"RK","PLAYER NAME",TEAM,"POS","AGE","BEST","WORST","AVG.","STD.DEV","ECR VS. ADP"
"1","Shohei Ohtani",LAD,"DH1","31","1","2","1.3","0.5","0"
"2","Bobby Witt Jr.",KC,"SS1","25","1","2","1.7","0.5","+2"
"3","Juan Soto",NYM,"OF1","27","3","3","3.0","0.0","+2"
"4","Corbin Carroll",ARI,"OF2","25","4","5","4.3","0.5","+4"
"5","Elly De La Cruz",CIN,"SS2","24","5","6","5.3","0.5","+5"
"6","Paul Skenes",PIT,"SP1","23","4","11","7.0","2.9","+5"
"7","Ronald Acuna Jr.",ATL,"OF3","28","7","9","7.7","0.9","+2"
"8","Junior Caminero",TB,"3B1","22","8","11","9.0","1.4","+10"
"9","Julio Rodriguez",SEA,"OF4","25","6","14","9.7","3.3","+4"
"10","Jackson Chourio",MIL,"OF5","21","7","15","10.7","3.3","+13"
"11","Nick Kurtz",ATH,"1B1","22","10","12","11.0","0.8","+9"
"12","Tarik Skubal",DET,"SP2","29","8","15","11.7","2.9","-5"
"13","Aaron Judge",NYY,"OF6","33","9","14","12.0","2.2","-11"
"14","Fernando Tatis Jr.",SD,"OF7","27","10","16","13.3","2.5","0"
"15","Gunnar Henderson",BAL,"SS3","24","13","15","13.7","0.9","+4"
"16","Roman Anthony",BOS,"OF8","21","16","18","17.0","0.8","+33"
"17","Kyle Tucker",LAD,"OF9","29","16","20","17.7","1.7","-1"
"18","Vladimir Guerrero Jr.",TOR,"1B2","26","18","19","18.3","0.5","+4"
"19","James Wood",WSH,"OF10","23","12","27","19.3","6.1","+14"
"20","Garrett Crochet",BOS,"SP3","26","19","20","19.7","0.5","-8"
"21","Jose Ramirez",CLE,"3B2","33","17","24","20.7","2.9","-15"
"22","Pete Crow-Armstrong",CHC,"OF11","23","21","22","21.7","0.5","+8"
"23","Cal Raleigh",SEA,"C1","29","22","23","22.7","0.5","-8"
"24","Wyatt Langford",TEX,"OF12","24","24","25","24.7","0.5","+26"
"25","Yoshinobu Yamamoto",LAD,"SP4","27","21","31","25.7","4.1","0"
"26","Yordan Alvarez",HOU,"OF13","28","26","29","27.7","1.3","+6"
"27","Hunter Brown",HOU,"SP5","27","27","33","29.0","2.8","+7"
"28","Francisco Lindor",NYM,"SS4","32","24","37","29.7","5.4","-11"
"29","Konnor Griffin",PIT,"SS5","19","26","36","31.7","4.2","+204"
"30","Rafael Devers",SF,"1B3","29","28","38","32.0","4.3","+11"
"31","Ketel Marte",ARI,"2B1","32","23","45","33.0","9.1","-3"
"32","Jackson Merrill",SD,"CF1","22","26","44","33.0","7.9","+32"
"33","CJ Abrams",WSH,"SS6","25","32","35","33.7","1.3","+28"
"34","Zach Neto",LAA,"SS7","25","32","38","34.7","2.5","+1"
"35","Logan Gilbert",SEA,"SP6","28","33","40","36.0","2.9","+4"
"36","Pete Alonso",BAL,"1B4","31","30","46","37.3","6.6","-10"
"37","Riley Greene",DET,"OF14","25","31","46","38.0","6.2","+20"
"38","Cristopher Sanchez",PHI,"SP7","29","38","39","38.7","0.5","-11"
"39","Bryan Woo",SEA,"SP8","26","29","50","39.3","8.6","-3"
"40","Jazz Chisholm Jr.",NYY,"2B2","28","32","49","40.3","6.9","-16"
"41","Kyle Schwarber",PHI,"DH2","32","34","51","42.0","7.0","-20"
"42","Hunter Greene",CIN,"SP9","26","30","56","42.7","10.6","+4"
"43","Eury Perez",MIA,"SP10","22","42","44","43.0","0.8","+61"
"44","Jackson Holliday",BAL,"2B3","22","43","44","43.3","0.5","+75"
"45","Bryce Harper",PHI,"1B5","33","41","47","44.3","2.5","-7"
"46","Jacob Misiorowski",MIL,"SP11","23","35","55","45.3","8.2","+75"
"47","Spencer Schwellenbach",ATL,"SP12","25","42","49","46.0","2.9","+33"
"48","Trea Turner",PHI,"SS8","32","36","56","46.7","8.2","-19"
"49","Spencer Strider",ATL,"SP13","27","41","54","48.0","5.3","+54"
"50","Austin Riley",ATL,"3B3","28","48","58","52.0","4.3","+15"
"51","Kevin McGonigle",DET,"SS9","21","37","72","53.3","14.4","+261"
"52","Jarren Duran",BOS,"OF15","29","45","64","53.7","7.8","+11"
"53","Logan Webb",SF,"SP14","29","50","60","54.3","4.2","-6"
"54","Mookie Betts",LAD,"SS10","33","53","59","55.3","2.6","-12"
"55","Chase Burns",CIN,"SP,RP1","23","40","74","56.3","13.9","+65"
"56","Jesus Made",MIL,"SS11","18","47","68","57.0","8.6","+688"
"57","Manny Machado",SD,"3B4","33","51","66","58.0","6.2","-26"
"58","Cole Ragans",KC,"SP15","28","54","64","58.7","4.1","-5"
"59","Joe Ryan",MIN,"SP16","29","53","68","60.0","6.2","+8"
"60","George Kirby",SEA,"SP17","28","55","70","61.7","6.2","+12"
"61","Jac Caglianone",KC,"1B6","22","61","63","62.0","0.8","+173"
"62","Freddy Peralta",NYM,"SP18","29","57","71","63.3","5.8","-4"
"63","Sebastian Walcott",TEX,"SS12","19","57","71","63.7","5.7","+523"
"64","Oneil Cruz",PIT,"CF2","27","48","82","64.7","13.9","+27"
"65","Leo De Vries",ATH,"SS13","19","61","72","66.0","4.5","+662"
"66","Bubba Chandler",PIT,"SP19","23","66","67","66.3","0.5","+93"
"67","Matt Olson",ATL,"1B7","31","61","73","67.0","4.9","-30"
"68","JJ Wetherholt",STL,"SS14","23","52","85","68.3","13.5","+212"
"69","Max Clark",DET,"OF16","21","59","81","69.7","9.0","+521"
"70","Samuel Basallo",BAL,"C2","21","52","91","71.0","15.9","+140"
"71","Jacob Wilson",ATH,"SS15","23","69","74","71.3","2.0","+93"
"72","Max Fried",NYY,"SP20","32","70","75","72.3","2.0","-29"
"73","Jeremy Pena",HOU,"SS16","28","62","91","75.3","11.9","+23"
"74","Alex Bregman",CHC,"3B5","31","74","84","78.0","4.3","+16"
"75","Freddie Freeman",LAD,"1B8","36","65","96","78.7","12.9","-24"
"76","Corey Seager",TEX,"SS17","31","69","92","79.0","9.6","+6"
"77","Mason Miller",SD,"RP1","27","77","89","81.0","5.7","-23"
"78","William Contreras",MIL,"C3","28","77","90","81.7","5.9","-23"
"79","Josh Naylor",SEA,"1B9","28","78","90","82.3","5.4","-23"
"80","Bo Bichette",NYM,"SS18","27","65","105","83.3","16.5","+5"
"81","Brent Rooker",ATH,"OF17","31","81","89","84.0","3.6","-37"
"82","Bryce Eldridge",SF,"1B10","21","58","117","85.7","24.2","+235"
"83","Travis Bazzana",CLE,"2B4","23","81","94","86.0","5.7","+410"
"84","Lawrence Butler",ATH,"OF18","25","76","100","86.7","10.0","+50"
"85","MacKenzie Gore",TEX,"SP21","26","75","111","90.3","15.2","+93"
"86","Geraldo Perdomo",ARI,"SS19","26","83","105","91.3","9.7","-26"
"87","Maikel Garcia",KC,"2B5","25","87","100","91.7","5.9","-14"
"88","Seiya Suzuki",CHC,"OF19","31","88","98","93.0","4.1","0"
"89","Walker Jenkins",MIN,"OF20","20","86","108","94.3","9.7","+421"
"90","Pablo Lopez",MIN,"SP22","29","90","103","95.0","5.7","+35"
"91","Framber Valdez",FA,"SP23","32","80","116","95.7","15.1","-5"
"92","Roki Sasaki",LAD,"SP24","24","79","121","97.3","17.6","+112"
"93","Andy Pages",LAD,"OF21","25","67","134","98.0","27.6","+43"
"94","Jordan Westburg",BAL,"2B6","26","88","113","98.3","10.7","+23"
"95","Vinnie Pasquantino",KC,"1B11","28","84","118","99.0","14.2","-16"
"96","Ben Rice",NYY,"1B12","26","73","136","101.7","26.0","-25"
"97","Matt Shaw",CHC,"3B6","24","97","107","102.3","4.1","+154"
"98","Kyle Stowers",MIA,"OF22","28","79","132","103.3","21.9","+17"
"99","Michael King",SD,"SP25","30","97","115","104.0","7.9","+42"
"100","Agustin Ramirez",MIA,"C4","24","101","108","104.3","2.9","+1"
"101","Blake Snell",LAD,"SP26","33","103","111","106.7","3.3","-32"
"102","Cody Bellinger",NYY,"OF23","30","93","126","107.7","13.7","-36"
"103","Brice Turang",MIL,"2B7","26","97","124","108.7","11.3","-58"
"104","Michael Busch",CHC,"1B13","28","102","120","109.3","7.7","+6"
"105","Marcelo Mayer",BOS,"2B8","23","104","118","109.7","6.0","+187"
"106","Jasson Dominguez",NYY,"OF24","23","78","145","110.3","27.4","+132"
"107","Andres Munoz",SEA,"RP2","27","95","129","111.0","13.9","-48"
"108","Michael Harris II",ATL,"OF25","24","101","123","111.3","9.0","-6"
"109","Adley Rutschman",BAL,"C5","28","107","120","112.7","5.4","+48"
"110","Jesus Luzardo",PHI,"SP27","28","99","129","113.3","12.3","-29"
"111","Josue De Paula",LAD,"OF26","20","106","127","115.7","8.7","+808"
"112","Luis Pena",MIL,"SS20","19","87","148","117.0","24.9","-"
"113","Nolan McLean",NYM,"SP28","24","80","162","118.3","33.7","-16"
"114","Andrew Painter",PHI,"SP29","22","101","139","120.0","15.5","+217"
"115","Byron Buxton",MIN,"CF3","32","112","130","121.0","7.3","-47"
"116","Steven Kwan",CLE,"OF27","28","114","131","122.7","6.9","+38"
"117","Randy Arozarena",SEA,"OF28","30","94","153","123.0","24.1","-39"
"118","Shane McClanahan",TB,"SP30","28","109","137","123.7","11.5","+131"
"119","Dylan Cease",TOR,"SP31","30","98","149","124.7","20.9","-44"
"120","Jhoan Duran",PHI,"RP3","28","96","158","126.7","25.3","-50"
"121","Zyhir Hope",LAD,"OF29","21","119","132","126.7","5.6","-"
"122","Jacob deGrom",TEX,"SP32","37","124","130","127.3","2.5","-74"
"123","Trey Yesavage",TOR,"SP33","22","114","140","128.7","10.9","+6"
"124","Drake Baldwin",ATL,"C6","24","121","134","129.3","5.9","-8"
"125","Wilyer Abreu",BOS,"OF30","26","122","141","133.7","8.3","+121"
"126","Ceddanne Rafaela",BOS,"OF31","25","99","178","135.0","32.6","+23"
"127","Hunter Goodman",COL,"C7","26","125","147","138.7","9.7","-51"
"128","Chris Sale",ATL,"SP34","36","136","151","143.3","6.1","-88"
"129","Emmet Sheehan",LAD,"SP35","26","110","193","146.0","34.8","+21"
"130","Jo Adell",LAA,"OF32","26","85","241","147.7","67.3","0"
"131","Aidan Miller",PHI,"SS21","21","117","187","148.7","29.0","+344"
"132","Lazaro Montes",SEA,"OF33","21","126","172","148.7","18.8","+690"
"133","Cade Horton",CHC,"SP36","24","137","158","149.0","8.8","+50"
"134","Willy Adames",SF,"SS22","30","123","186","151.7","26.0","-23"
"135","Dylan Crews",WSH,"OF34","23","60","98","79.0","19.0","+57"
"136","Tyler Soderstrom",ATH,"1B14","24","63","102","82.5","19.5","-52"
"137","Colt Emerson",SEA,"SS23","20","140","166","156.0","11.4","+339"
"138","Noelvi Marte",CIN,"3B7","24","142","164","156.3","10.1","+10"
"139","Christian Yelich",MIL,"OF35","34","143","173","160.7","12.8","-46"
"140","Coby Mayo",BAL,"1B15","24","135","194","161.7","24.4","+328"
"141","Chandler Simpson",TB,"OF36","25","119","236","166.0","50.5","+19"
"142","Kristian Campbell",BOS,"2B9","23","83","115","99.0","16.0","+287"
"143","Braden Montgomery",CWS,"OF37","22","133","216","167.7","35.2","+619"
"144","Munetaka Murakami",CWS,"1B16","26","86","118","102.0","16.0","+44"
"145","Zack Wheeler",PHI,"SP37","35","87","119","103.0","16.0","-14"
"146","Cam Schlittler",NYY,"SP38","25","148","195","172.0","19.2","-13"
"147","Sandy Alcantara",MIA,"SP39","30","150","192","172.3","17.3","+4"
"148","Will Smith",LAD,"C8","30","95","124","109.5","14.5","-40"
"149","Kyle Bradish",BAL,"SP40","29","130","240","174.0","47.5","-66"
"150","Brenton Doyle",COL,"OF38","27","128","247","175.0","51.7","+32"
"151","Kade Anderson",SEA,"SP41","21","147","214","177.7","27.6","+518"
"152","Jackson Jobe",DET,"SP,RP2","23","102","131","116.5","14.5","+738"
"153","Carson Benge",NYM,"OF39","23","141","239","181.0","42.0","+197"
"154","Jordan Lawlar",ARI,"3B8","23","109","134","121.5","12.5","+242"
"155","Cam Smith",HOU,"RF1","22","110","136","123.0","13.0","+198"
"156","Shota Imanaga",CHC,"SP42","32","112","137","124.5","12.5","+17"
"157","Tyler Glasnow",LAD,"SP43","32","113","139","126.0","13.0","-48"
"158","Jared Jones",PIT,"SP44","24","115","140","127.5","12.5","+191"
"159","Spencer Torkelson",DET,"1B17","26","116","141","128.5","12.5","+16"
"160","Jose Altuve",HOU,"2B10","35","138","262","186.3","54.2","-61"
"161","Sal Stewart",CIN,"1B18","22","146","244","186.7","41.7","+80"
"162","Bryce Miller",SEA,"SP45","27","122","145","133.5","11.5","+101"
"163","Kris Bubic",KC,"SP46","28","125","147","136.0","11.0","+52"
"164","Isaac Paredes",HOU,"3B9","26","127","149","138.0","11.0","+20"
"165","Corbin Burnes",ARI,"SP47","31","131","153","142.0","11.0","+251"
"166","Nick Lodolo",CIN,"SP48","28","133","155","144.0","11.0","-27"
"167","Heliot Ramos",SF,"OF40","26","135","157","146.0","11.0","+59"
"168","Gavin Williams",CLE,"SP49","26","138","160","149.0","11.0","-24"
"169","Matt McLain",CIN,"2B11","26","139","161","150.0","11.0","+56"
"170","Luke Keaschall",MIN,"2B12","23","142","165","153.5","11.5","-47"
"171","Jakob Marsee",MIA,"OF41","24","144","413","241.3","121.8","-36"
"172","Shane Baz",BAL,"SP50","26","144","168","156.0","12.0","+63"
"173","Carlos Rodon",NYY,"SP51","33","145","169","157.0","12.0","+14"
"174","Andrew Abbott",CIN,"SP52","26","146","171","158.5","12.5","+16"
"175","Ivan Herrera",STL,"C9","25","149","174","161.5","12.5","-13"
"176","Jonah Tong",NYM,"SP53","22","150","176","163.0","13.0","+161"
"177","Ryan Pepiot",TB,"SP54","28","151","177","164.0","13.0","-21"
"178","Tanner Bibee",CLE,"SP55","26","154","178","166.0","12.0","+3"
"179","Grayson Rodriguez",LAA,"SP56","26","155","179","167.0","12.0","+98"
"180","Colson Montgomery",CWS,"SS24","23","156","180","168.0","12.0","-6"
"181","Jonathan Aranda",TB,"1B19","27","157","181","169.0","12.0","+17"
"182","Ranger Suarez",BOS,"SP57","30","159","182","170.5","11.5","-11"
"183","Shea Langeliers",ATH,"C10","28","160","183","171.5","11.5","-121"
"184","Mike Trout",LAA,"OF42","34","161","184","172.5","11.5","-26"
"185","Thomas White",MIA,"SP58","21","164","185","174.5","10.5","+296"
"186","Carson Williams",TB,"SS25","22","165","186","175.5","10.5","+238"
"187","Kerry Carpenter",DET,"OF43","28","167","187","177.0","10.0","+41"
"188","Luis Robert Jr.",NYM,"OF44","28","168","188","178.0","10.0","-56"
"189","Addison Barger",TOR,"3B10","26","169","189","179.0","10.0","+4"
"190","Ozzie Albies",ATL,"2B13","29","170","190","180.0","10.0","-52"
"191","Dalton Rushing",LAD,"C11","24","171","191","181.0","10.0","+282"
"192","Teoscar Hernandez",LAD,"OF45","33","174","192","183.0","9.0","-80"
"193","Noah Schultz",CWS,"SP59","22","175","193","184.0","9.0","+439"
"194","Edward Cabrera",CHC,"SP60","27","176","194","185.0","9.0","+13"
"195","Travis Sykora",WSH,"SP61","21","177","195","186.0","9.0","+606"
"196","Josh Hader",HOU,"RP4","31","179","196","187.5","8.5","-107"
"197","Royce Lewis",MIN,"3B11","26","180","197","188.5","8.5","+15"
"198","Kodai Senga",NYM,"SP62","33","181","198","189.5","8.5","+59"
"199","Emmanuel Rodriguez",MIN,"OF46","22","182","199","190.5","8.5","+415"
"200","Nico Hoerner",CHC,"2B14","28","183","200","191.5","8.5","-106"
"201","Masyn Winn",STL,"SS26","23","184","201","192.5","8.5","+80"
"202","Yainer Diaz",HOU,"C12","27","185","202","193.5","8.5","-56"
"203","Chase DeLauter",CLE,"OF47","24","188","203","195.5","7.5","+98"
"204","Jung Hoo Lee",SF,"OF48","27","189","204","196.5","7.5","+94"
"205","Gerrit Cole",NYY,"SP63","35","190","205","197.5","7.5","+4"
"206","Luis Castillo",SEA,"SP64","33","191","206","198.5","7.5","-66"
"207","Zebby Matthews",MIN,"SP65","25","196","207","201.5","5.5","+114"
"208","Reese Olson",DET,"SP66","26","197","208","202.5","5.5","+82"
"209","Aaron Nola",PHI,"SP67","32","198","209","203.5","5.5","-1"
"210","Kyle Manzardo",CLE,"1B20","25","199","210","204.5","5.5","+45"
"211","Edwin Diaz",LAD,"RP5","31","200","211","205.5","5.5","-159"
"212","Anthony Volpe",NYY,"SS27","24","201","212","206.5","5.5","+124"
"213","Colton Cowser",BAL,"OF49","25","202","213","207.5","5.5","+29"
"214","Zac Gallen",FA,"SP68","30","203","214","208.5","5.5","+2"
"215","Hagen Smith",CWS,"SP69","22","204","215","209.5","5.5","+521"
"216","Kyle Teel",CWS,"C13","23","205","216","210.5","5.5","-5"
"217","Eugenio Suarez",CIN,"3B12","34","206","217","211.5","5.5","-122"
"218","AJ Smith-Shawver",ATL,"SP70","23","207","218","212.5","5.5","+743"
"219","Robbie Ray",SF,"SP71","34","208","219","213.5","5.5","-58"
"220","Nick Pivetta",SD,"SP72","32","209","220","214.5","5.5","-133"
"221","Luis Gil",NYY,"SP73","27","210","221","215.5","5.5","+82"
"222","Ezequiel Tovar",COL,"SS28","24","211","222","216.5","5.5","+5"
"223","Shane Bieber",TOR,"SP74","30","212","223","217.5","5.5","-60"
"224","Bryce Rainer",DET,"SS29","20","213","224","218.5","5.5","-"
"225","Evan Carter",TEX,"OF50","23","215","225","220.0","5.0","+117"
"226","Christian Moore",LAA,"2B15","23","217","226","221.5","4.5","+233"
"227","Francisco Alvarez",NYM,"C14","24","218","227","222.5","4.5","-8"
"228","Charlie Condon",COL,"1B21","22","219","228","223.5","4.5","+336"
"229","Moises Ballesteros",CHC,"C15","22","220","229","224.5","4.5","+161"
"230","Ian Happ",CHC,"OF51","31","221","230","225.5","4.5","-78"
"231","Logan Henderson",MIL,"SP75","23","222","231","226.5","4.5","+57"
"232","Logan O'Hoppe",LAA,"C16","26","223","232","227.5","4.5","+20"
"233","Brayan Bello",BOS,"SP76","26","224","233","228.5","4.5","+37"
"234","Ethan Holliday",COL,"SS30","18","225","234","229.5","4.5","-"
"235","Casey Mize",DET,"SP77","28","226","235","230.5","4.5","+30"
"236","Brandon Woodruff",MIL,"SP78","33","227","236","231.5","4.5","-118"
"237","Mark Vientos",NYM,"3B13","26","228","237","232.5","4.5","-1"
"238","Jack Flaherty",DET,"SP79","30","229","238","233.5","4.5","-38"
"239","Spencer Jones",FA,"SP80","31","230","239","234.5","4.5","-"
"240","Taj Bradley",MIN,"SP81","24","231","240","235.5","4.5","+187"
"241","Owen Caissie",MIA,"OF52","23","232","241","236.5","4.5","+140"
"242","Colt Keith",DET,"2B16","24","233","242","237.5","4.5","+51"
"243","George Lombard",NYY,"SS31","20","234","243","238.5","4.5","-"
"244","Drew Rasmussen",TB,"SP82","30","235","244","239.5","4.5","-65"
"245","Justin Steele",CHC,"SP83","30","237","245","241.0","4.0","+132"
"246","Eli Willits",WSH,"SS32","18","238","246","242.0","4.0","-"
"247","Nathan Eovaldi",TEX,"SP84","35","242","247","244.5","2.5","-104"
"248","Gleyber Torres",DET,"2B17","29","243","248","245.5","2.5","-25"
"249","Justin Crawford",PHI,"OF53","22","245","249","247.0","2.0","+79"
"250","Liam Doyle",STL,"SP85","21","246","250","248.0","2.0","+492"
"251","Sal Frelick",MIL,"OF54","25","248","251","249.5","1.5","-38"
"252","Josue Briceno",DET,"C17","21","249","252","250.5","1.5","+481"
"253","Spencer Steer",CIN,"1B22","28","250","253","251.5","1.5","-31"
"254","Max Meyer",MIA,"SP86","26","251","254","252.5","1.5","+226"
"255","Noah Cameron",KC,"SP87","26","252","255","253.5","1.5","-5"
"256","Triston Casas",BOS,"1B23","26","253","256","254.5","1.5","+156"
"257","Xavier Edwards",MIA,"SS33","26","254","257","255.5","1.5","-87"
"258","Will Warren",NYY,"SP88","26","255","258","256.5","1.5","+31"
"259","Ryan Weathers",NYY,"SP89","26","256","259","257.5","1.5","+24"
"260","Mick Abel",MIN,"SP90","24","257","260","258.5","1.5","+264"
"261","Dylan Beavers",BAL,"OF55","24","258","261","259.5","1.5","+74"
"262","Jack Leiter",TEX,"SP91","25","259","262","260.5","1.5","-6"
"263","Dansby Swanson",CHC,"SS34","31","260","263","261.5","1.5","-110"
"264","Matt Chapman",SF,"3B14","32","261","264","262.5","1.5","-109"
"265","Spencer Arrighetti",HOU,"SP92","26","263","265","264.0","1.0","+102"
"266","Emmanuel Clase",CLE,"RP6","27","264","266","265.0","1.0","+144"
"267","Brandon Lowe",PIT,"2B18","31","265","267","266.0","1.0","-99"
"268","Hurston Waldrep",ATL,"SP93","23","266","268","267.0","1.0","-7"
"269","Kevin Gausman",TOR,"SP94","35","267","269","268.0","1.0","-164"
"270","Jordan Beck",COL,"OF56","24","268","270","269.0","1.0","+12"
"271","Brendan Donovan",STL,"2B19","29","269","271","270.0","1.0","-17"
"272","Bryson Stott",PHI,"2B20","28","270","272","271.0","1.0","-78"
"273","Cade Smith",CLE,"RP7","26","271","273","272.0","1.0","-199"
"274","Luis Arraez",SF,"2B21","28","272","274","273.0","1.0","-16"
"275","Brandon Sproat",MIL,"SP95","25","273","275","274.0","1.0","+240"
"276","Eduardo Quintero",LAD,"OF57","20","274","276","275.0","1.0","-"
"277","Arjun Nimmala",TOR,"SS35","20","275","277","276.0","1.0","-"
"278","Tyler Bremner",LAA,"SP96","21","276","278","277.0","1.0","+642"
"279","Brandon Nimmo",TEX,"OF58","32","277","279","278.0","1.0","-152"
"280","Franklin Arias",BOS,"SS36","20","278","280","279.0","1.0","-"
"281","Joe Boyle",TB,"SP,RP3","26","279","281","280.0","1.0","+206"
"282","Alejandro Kirk",TOR,"C18","27","280","282","281.0","1.0","-93"
"283","Jett Williams",MIL,"SS37","22","281","283","282.0","1.0","+304"
"284","Quinn Priester",MIL,"SP,RP4","25","282","284","283.0","1.0","-36"
"285","Michael Arroyo",SEA,"2B22","21","283","285","284.0","1.0","+626"
"286","Yandy Diaz",TB,"1B24","34","284","286","285.0","1.0","-162"
"287","Quinn Mathews",STL,"SP97","25","285","287","286.0","1.0","+295"
"288","Bailey Ober",MIN,"SP98","30","286","288","287.0","1.0","+55"
"289","Nolan Schanuel",LAA,"1B25","23","287","289","288.0","1.0","+25"
"290","Cole Young",SEA,"2B23","22","288","290","289.0","1.0","+308"
"291","Bryan Reynolds",PIT,"OF59","31","289","291","290.0","1.0","-115"
"292","Alec Bohm",PHI,"3B15","29","290","292","291.0","1.0","-47"
"293","Mitch Keller",PIT,"SP99","29","291","293","292.0","1.0","+58"
"294","Robby Snelling",MIA,"SP100","22","292","294","293.0","1.0","+36"
"295","Edward Florentino",PIT,"1B26","19","293","295","294.0","1.0","-"
"296","Jhostynxon Garcia",PIT,"OF60","23","294","296","295.0","1.0","+288"
"297","Ryan Waldschmidt",ARI,"OF61","23","295","297","296.0","1.0","+265"
"298","Rhett Lowder",CIN,"SP101","23","296","298","297.0","1.0","+193"
"299","Hayden Birdsong",SF,"SP,RP5","24","297","299","298.0","1.0","+334"
"300","Austin Wells",NYY,"C19","26","298","300","299.0","1.0","-60"
"301","Willson Contreras",BOS,"1B27","33","299","299","299.0","0.0","-124"
"302","Gabriel Moreno",ARI,"C20","25","300","300","300.0","0.0","-73"
"303","Josh Lowe",LAA,"OF62","28","301","301","301.0","0.0","-1"
"304","Brandon Pfaadt",ARI,"SP102","27","302","302","302.0","0.0","+19"
"305","Jarlin Susana",WSH,"SP103","21","303","303","303.0","0.0","+487"
"306","Xavier Isaac",TB,"1B28","22","304","304","304.0","0.0","+571"
"307","Felnin Celesten",SEA,"SS38","20","305","305","305.0","0.0","-"
"308","Clarke Schmidt",NYY,"SP104","29","306","306","306.0","0.0","+553"
"309","Alec Burleson",STL,"OF63","27","307","307","307.0","0.0","-123"
"310","Seth Hernandez",PIT,"SP105","19","308","308","308.0","0.0","+242"
"311","Aiva Arquette",MIA,"SS39","22","309","309","309.0","0.0","-"
"312","Kumar Rocker",TEX,"SP106","26","310","310","310.0","0.0","+224"
"313","Jose Soriano",LAA,"SP107","27","311","311","311.0","0.0","+11"
"314","David Festa",MIN,"SP108","25","312","312","312.0","0.0","+324"
"315","Brady House",WSH,"3B16","22","313","313","313.0","0.0","+204"
"316","Josh Jung",TEX,"3B17","27","314","314","314.0","0.0","-6"
"317","Shane Smith",CWS,"SP109","25","315","315","315.0","0.0","-42"
"318","Harry Ford",WSH,"C21","22","316","316","316.0","0.0","+148"
"319","Luis Garcia",WSH,"2B24","25","317","317","317.0","0.0","-48"
"320","Gage Jump",ATH,"SP110","22","318","318","318.0","0.0","+341"
"321","Chase Dollander",COL,"SP111","24","319","319","319.0","0.0","+302"
"322","Luis Morales",ATH,"SP112","23","320","320","320.0","0.0","+72"
"323","Sonny Gray",BOS,"SP113","36","321","321","321.0","0.0","-209"
"324","Steele Hall",CIN,"SS40","18","322","322","322.0","0.0","-"
"325","Alex Freeland",LAD,"SS41","24","323","323","323.0","0.0","+354"
"326","Brice Matthews",HOU,"2B25","23","324","324","324.0","0.0","+263"
"327","Ricky Tiedemann",TOR,"SP114","23","325","325","325.0","0.0","+324"
"328","Cam Caminiti",ATL,"SP115","19","326","326","326.0","0.0","+221"
"329","Taylor Ward",BAL,"OF64","32","327","327","327.0","0.0","-201"
"330","Ethan Salas",SD,"C22","19","328","328","328.0","0.0","+489"
"331","Felix Bautista",BAL,"RP8","30","329","329","329.0","0.0","+370"
"332","Hyeseong Kim",LAD,"2B26","27","330","330","330.0","0.0","+93"
"333","Jaison Chourio",CLE,"OF65","20","331","331","331.0","0.0","-"
"334","TJ Friedl",CIN,"OF66","30","332","332","332.0","0.0","-56"
"335","JoJo Parker",TOR,"SS42","19","333","333","333.0","0.0","-"
"336","Robert Suarez",ATL,"RP9","34","334","334","334.0","0.0","-139"
"337","Brooks Lee",MIN,"SS43","24","335","335","335.0","0.0","+24"
"338","Jose Berrios",TOR,"SP116","31","336","336","336.0","0.0","+93"
"339","Kevin Alcantara",CHC,"OF67","23","337","337","337.0","0.0","+382"
"340","Payton Tolle",BOS,"SP,RP6","23","338","338","338.0","0.0","+78"
"341","Devin Williams",NYM,"RP10","31","339","339","339.0","0.0","-228"
"342","Jonny Farmelo",SEA,"OF68","21","340","340","340.0","0.0","-"
"343","Trevor Story",BOS,"SS44","33","341","341","341.0","0.0","-236"
"344","Slade Caldwell",ARI,"OF69","19","342","342","342.0","0.0","-"
"345","Kyle Harrison",BOS,"SP,RP7","24","343","343","343.0","0.0","+243"
"346","Clay Holmes",NYM,"SP117","32","344","344","344.0","0.0","-47"
"347","Landen Roupp",SF,"SP118","27","345","345","345.0","0.0","+115"
"348","Trevor Rogers",BAL,"SP119","28","346","346","346.0","0.0","-201"
"349","Anthony Santander",TOR,"OF70","31","347","347","347.0","0.0","-132"
"350","Randy Rodriguez",SF,"RP11","26","348","348","348.0","0.0","+574"
"351","Tommy Edman",LAD,"2B27","30","349","349","349.0","0.0","-57"
"352","Carter Jensen",KC,"C23","22","350","350","350.0","0.0","-115"
"353","Emil Morales",LAD,"SS45","19","351","351","351.0","0.0","-"
"354","Matthew Liberatore",STL,"SP120","26","352","352","352.0","0.0","+103"
"355","Marcell Ozuna",FA,"DH3","35","353","353","353.0","0.0","-49"
"356","Seth Lugo",KC,"SP121","36","354","354","354.0","0.0","-48"
"357","George Springer",TOR,"OF71","36","355","355","355.0","0.0","-280"
"358","Cristian Javier",HOU,"SP122","28","356","356","356.0","0.0","+18"
"359","Ryan Helsley",BAL,"RP12","31","357","357","357.0","0.0","-222"
"360","Cam Collier",CIN,"3B18","21","358","358","358.0","0.0","-"
"361","Carlos Correa",HOU,"SS46","31","359","359","359.0","0.0","-117"
"362","C.J. Kayfus",CLE,"1B29","24","360","360","360.0","0.0","+91"
"363","Lars Nootbaar",STL,"OF72","28","361","361","361.0","0.0","+45"
"364","Tink Hence",STL,"SP123","23","362","362","362.0","0.0","+598"
"365","Parker Meadows",DET,"OF73","26","363","363","363.0","0.0","+30"
"366","Colby Thomas",ATH,"OF74","25","364","364","364.0","0.0","+217"
"367","Grant Holmes",ATL,"SP124","29","365","365","365.0","0.0","+98"
"368","Jeferson Quero",MIL,"C24","23","366","366","366.0","0.0","+232"
"369","Edgar Quero",CWS,"C25","22","367","367","367.0","0.0","+1"
"370","Jacob Lopez",ATH,"SP125","27","368","368","368.0","0.0","+8"
"371","Braylon Payne",MIL,"OF75","19","369","369","369.0","0.0","-"
"372","Ryan Sloan",SEA,"SP126","20","370","370","370.0","0.0","-"
"373","Brady Singer",CIN,"SP127","29","371","371","371.0","0.0","-89"
"374","Brett Baty",NYM,"3B19","26","372","372","372.0","0.0","-121"
"375","Grant Taylor",CWS,"RP13","23","373","373","373.0","0.0","-13"
"376","Otto Lopez",MIA,"2B28","27","374","374","374.0","0.0","-114"
"377","Andrew Vaughn",MIL,"1B30","27","375","375","375.0","0.0","-64"
"378","Zack Gelof",ATH,"2B29","26","376","376","376.0","0.0","+19"
"379","Christian Walker",HOU,"1B31","34","377","377","377.0","0.0","-194"
"380","Ryne Nelson",ARI,"SP,RP8","28","378","378","378.0","0.0","-141"
"381","Troy Melton",DET,"SP,RP9","25","379","379","379.0","0.0","-70"
"382","Theo Gillen",TB,"OF76","20","380","380","380.0","0.0","-"
"383","Mike Sirota",LAD,"OF77","22","381","381","381.0","0.0","-"
"384","Ronny Mauricio",NYM,"2B30","24","382","382","382.0","0.0","+185"
"385","Trevor Megill",MIL,"RP14","32","383","383","383.0","0.0","-243"
"386","Jackson Ferris",LAD,"SP128","22","384","384","384.0","0.0","-"
"387","Braxton Ashcraft",PIT,"SP,RP10","26","385","385","385.0","0.0","-114"
"388","Jace Jung",DET,"3B20","25","386","386","386.0","0.0","+539"
"389","Christian Scott",NYM,"SP129","26","387","387","387.0","0.0","+168"
"390","Jurickson Profar",ATL,"OF78","32","388","388","388.0","0.0","-224"
"391","Chase Meidroth",CWS,"3B21","24","389","389","389.0","0.0","+22"
"392","Max Muncy",LAD,"3B22","35","390","390","390.0","0.0","-189"
"393","Victor Scott",STL,"OF79","24","391","391","391.0","0.0","-59"
"394","Connor Norby",MIA,"3B23","25","392","392","392.0","0.0","-3"
"395","Chase Petty",CIN,"SP130","22","393","393","393.0","0.0","+432"
"396","Adolis Garcia",PHI,"OF80","32","394","394","394.0","0.0","-166"
"397","Jordan Walker",STL,"OF81","23","395","395","395.0","0.0","+7"
"398","Jamie Arnold",ATH,"SP131","21","396","396","396.0","0.0","+462"
"399","Daulton Varsho",TOR,"OF82","29","397","397","397.0","0.0","-200"
"400","Aidan Smith",TB,"OF83","21","398","398","398.0","0.0","-"
"401","Xander Bogaerts",SD,"SS47","33","399","399","399.0","0.0","-187"
"402","Christian Encarnacion-Strand",CIN,"1B32","26","400","400","400.0","0.0","+190"
"403","Zac Veen",COL,"OF84","24","401","401","401.0","0.0","+182"
"404","Cooper Pratt",MIL,"SS48","21","402","402","402.0","0.0","+526"
"405","Matt Wallner",MIN,"OF85","28","403","403","403.0","0.0","-47"
"406","Justin Martinez",ARI,"RP15","24","404","404","404.0","0.0","+441"
"407","Bryan Abreu",HOU,"RP16","28","405","405","405.0","0.0","-120"
"408","Caleb Durbin",MIL,"2B31","25","406","406","406.0","0.0","-144"
"409","Salvador Perez",KC,"C26","35","407","407","407.0","0.0","-303"
"410","Esmerlyn Valdez",PIT,"RF2","22","408","408","408.0","0.0","+345"
"411","Eduardo Tait",MIN,"C27","19","409","409","409.0","0.0","-"
"412","Trent Grisham",NYY,"OF86","29","410","410","410.0","0.0","-188"
"413","Jake Burger",TEX,"1B33","29","411","411","411.0","0.0","-145"
"414","Miguel Vargas",CWS,"3B24","26","412","412","412.0","0.0","-118"
"415","Marcus Semien",NYM,"2B32","35","414","414","414.0","0.0","-224"
"416","David Peterson",NYM,"SP132","30","415","415","415.0","0.0","-97"
"417","Termarr Johnson",PIT,"2B33","21","416","416","416.0","0.0","-"
"418","Tyler O'Neill",BAL,"OF87","30","417","417","417.0","0.0","-50"
"419","Pete Fairbanks",MIA,"RP17","32","418","418","418.0","0.0","-252"
"420","Merrill Kelly",ARI,"SP133","37","419","419","419.0","0.0","-189"
"421","Ben Brown",CHC,"SP,RP11","26","420","420","420.0","0.0","+135"
"422","Camilo Doval",NYY,"RP18","28","421","421","421.0","0.0","-11"
"423","Dustin May",STL,"SP134","28","422","422","422.0","0.0","+46"
"424","Angel Genao",FA,"C28","32","423","423","423.0","0.0","-"
"425","Tyler Locklear",ARI,"1B34","25","424","424","424.0","0.0","+411"
"426","Tommy Troy",ARI,"2B34","24","425","425","425.0","0.0","+432"
"427","Luisangel Acuna",CWS,"2B35","23","426","426","426.0","0.0","+164"
"428","Jurrangelo Cijntje",SEA,"SP135","22","427","427","427.0","0.0","+727"
"429","Tylor Megill",NYM,"SP136","30","428","428","428.0","0.0","+556"
"430","Yusei Kikuchi",LAA,"SP137","34","429","429","429.0","0.0","-139"
"431","Cedric Mullins II",TB,"OF88","31","430","430","430.0","0.0","-86"
"432","Zack Littell",FA,"SP138","30","431","431","431.0","0.0","-53"
"433","Hunter Barco",PIT,"SP,RP12","25","432","432","432.0","0.0","+219"
"434","Tre' Morgan",TB,"1B35","23","433","433","433.0","0.0","+425"
"435","Tanner Scott",LAD,"RP19","31","434","434","434.0","0.0","-66"
"436","Billy Carlson",CWS,"SS49","19","435","435","435.0","0.0","-"
"437","Jesus Sanchez",HOU,"OF89","28","436","436","436.0","0.0","-53"
"438","Josh Smith",TEX,"SS50","28","437","437","437.0","0.0","-99"
"439","Noble Meyer",MIA,"SP139","21","438","438","438.0","0.0","-"
"440","Orion Kerkering",PHI,"RP20","24","439","439","439.0","0.0","+230"
"441","Henderson Alvarez III",FA,"SP140","35","440","440","440.0","0.0","-"
"442","Joe Musgrove",SD,"SP141","33","441","441","441.0","0.0","-183"
"443","Gavin Fien",WSH,"SS51","18","442","442","442.0","0.0","-"
"444","Deyvison De Los Santos",MIA,"3B25","22","443","443","443.0","0.0","+339"
"445","Caden Dana",LAA,"SP142","22","444","444","444.0","0.0","+341"
"446","Matthew Boyd",CHC,"SP143","35","445","445","445.0","0.0","-244"
"447","Joshua Baez",STL,"OF90","22","446","446","446.0","0.0","+78"
"448","Drew Gilbert",SF,"OF91","25","447","447","447.0","0.0","+246"
"449","Carson Whisenhunt",SF,"SP144","25","448","448","448.0","0.0","+276"
"450","Ralphy Velazquez",CLE,"1B36","20","449","449","449.0","0.0","+517"
"451","Brock Wilken",MIL,"3B26","23","450","450","450.0","0.0","+495"
"452","Thomas Saggese",STL,"2B36","23","451","451","451.0","0.0","-7"
"453","Robert Hassell III",WSH,"OF92","24","452","452","452.0","0.0","+188"
"454","Abner Uribe",MIL,"RP21","25","453","453","453.0","0.0","-258"
"455","Sean Burke",CWS,"SP,RP13","26","454","454","454.0","0.0","+51"
"456","Andres Gimenez",TOR,"2B37","27","455","455","455.0","0.0","-152"
"457","Carlos Narvaez",BOS,"C29","27","456","456","456.0","0.0","-105"
"458","Nolan Gorman",STL,"2B38","25","457","457","457.0","0.0","+37"
"459","Lourdes Gurriel Jr.",ARI,"OF93","32","458","458","458.0","0.0","+49"
"460","Carlos Lagrange",NYY,"SP145","22","459","459","459.0","0.0","+329"
"461","Reid Detmers",LAA,"RP22","26","460","460","460.0","0.0","-95"
"462","Thayron Liranzo",DET,"C30","22","461","461","461.0","0.0","+626"
"463","Jeremiah Estrada",SD,"RP23","27","462","462","462.0","0.0","-92"
"464","Zach Eflin",BAL,"SP146","31","463","463","463.0","0.0","-84"
"465","Ben Casparius",LAD,"SP,RP14","26","464","464","464.0","0.0","+323"
"466","Edwin Arroyo",CIN,"SS52","22","465","465","465.0","0.0","-"
"467","Connelly Early",BOS,"SP147","23","466","466","466.0","0.0","-220"
"468","Ryan O'Hearn",PIT,"1B37","32","467","467","467.0","0.0","-189"
"469","Slade Cecconi",CLE,"SP148","26","468","468","468.0","0.0","-43"
"470","Michael McGreevy",STL,"SP149","25","469","469","469.0","0.0","+8"
"471","Gavin Kilen",SF,"SS53","21","470","470","470.0","0.0","-"
"472","Ryan Clifford",NYM,"1B38","22","471","471","471.0","0.0","+263"
"473","Ryan Mountcastle",BAL,"1B39","28","472","472","472.0","0.0","+56"
"474","Lucas Giolito",FA,"SP150","31","473","473","473.0","0.0","-117"
"475","Logan Evans",SEA,"SP151","24","474","474","474.0","0.0","-"
"476","Alejandro Rosario",WSH,"SP152","24","475","475","475.0","0.0","-"
"477","Joey Ortiz",MIL,"SS54","27","476","476","476.0","0.0","-22"
"478","Sean Murphy",ATL,"C31","31","477","477","477.0","0.0","-93"
"479","J.P. Crawford",SEA,"SS55","31","478","478","478.0","0.0","-154"
"480","Jeff Hoffman",TOR,"RP24","33","479","479","479.0","0.0","-335"
"481","Jaxon Wiggins",CHC,"SP153","24","480","480","480.0","0.0","+141"
"482","Thomas Harrington",PIT,"SP,RP15","24","481","481","481.0","0.0","+419"
"483","David Bednar",NYY,"RP25","31","482","482","482.0","0.0","-383"
"484","Kyson Witherspoon",BOS,"SP154","21","483","483","483.0","0.0","-"
"485","Nathaniel Lowe",FA,"1B40","30","484","484","484.0","0.0","+12"
"486","Garrett Mitchell",MIL,"OF94","27","485","485","485.0","0.0","+86"
"487","Tyler Mahle",SF,"SP155","31","486","486","486.0","0.0","-139"
"488","Simeon Woods Richardson",MIN,"SP156","25","487","487","487.0","0.0","-74"
"489","Trevor Larnach",MIN,"OF95","28","488","488","488.0","0.0","-82"
"490","Daniel Palencia",CHC,"RP26","26","489","489","489.0","0.0","-321"
"491","Luis Matos",SF,"OF96","24","490","490","490.0","0.0","+146"
"492","Luke Weaver",NYM,"RP27","32","491","491","491.0","0.0","-127"
"493","Cade Cavalli",WSH,"SP157","27","492","492","492.0","0.0","-71"
"494","Jorge Polanco",NYM,"2B39","32","493","493","493.0","0.0","-293"
"495","Ethan Conrad",CHC,"OF97","21","494","494","494.0","0.0","-"
"496","Ha-Seong Kim",ATL,"SS56","30","495","495","495.0","0.0","-176"
"497","Alfredo Duno",CIN,"C32","20","496","496","496.0","0.0","+484"
"498","Matt Brash",SEA,"RP28","27","497","497","497.0","0.0","+18"
"499","Gavin Lux",TB,"2B40","28","498","498","498.0","0.0","+6"
"500","Tobias Myers",NYM,"SP,RP16","27","499","499","499.0","0.0","+150"
"501","Reynaldo Lopez",ATL,"SP158","32","500","500","500.0","0.0","-66"
"502","Tommy White",ATH,"3B27","22","501","501","501.0","0.0","-"
"503","Jonathan India",KC,"2B41","29","502","502","502.0","0.0","-144"
"504","Blake Mitchell",KC,"C33","21","503","503","503.0","0.0","-"
"505","Rhys Hoskins",FA,"1B41","32","504","504","504.0","0.0","+18"
"506","Nick Castellanos",PHI,"OF98","33","505","505","505.0","0.0","-179"
"507","Robert Calaz",COL,"OF99","20","506","506","506.0","0.0","-"
"508","Aroldis Chapman",BOS,"RP29","37","507","507","507.0","0.0","-410"
"509","Gavin Stone",LAD,"SP159","27","508","508","508.0","0.0","+202"
"510","Willi Castro",COL,"2B42","28","509","509","509.0","0.0","-147"
"511","Josuar Gonzalez",SF,"SS57","18","510","510","510.0","0.0","-"
"512","J.T. Realmuto",PHI,"C34","34","511","511","511.0","0.0","-294"
"513","DJ Herz",WSH,"SP160","25","512","512","512.0","0.0","+421"
"514","Nolan Arenado",ARI,"3B28","34","513","513","513.0","0.0","-205"
"515","Griffin Jax",TB,"RP30","31","514","514","514.0","0.0","-243"
"516","George Klassen",LAA,"SP161","24","515","515","515.0","0.0","+221"
"517","Ben Joyce",LAA,"RP31","25","516","516","516.0","0.0","+42"
"518","Drew Thorpe",CWS,"SP162","25","517","517","517.0","0.0","+459"
"519","Blade Tidwell",SF,"SP,RP17","24","518","518","518.0","0.0","+255"
"520","Tyler Stephenson",CIN,"C35","29","519","519","519.0","0.0","-235"
"521","Heston Kjerstad",BAL,"LF1","26","520","520","520.0","0.0","+217"
"522","Tyler Fitzgerald",SF,"2B43","28","521","521","521.0","0.0","-61"
"523","Joendry Vargas",LAD,"SS58","20","522","522","522.0","0.0","-"
"524","Ryan Walker",FA,"SS59","33","523","523","523.0","0.0","-"
"525","Logan Allen",FA,"RP32","28","524","524","524.0","0.0","-"
"526","JJ Bleday",CIN,"OF100","28","525","525","525.0","0.0","+75"
"527","Adael Amador",COL,"2B44","22","526","526","526.0","0.0","+54"
"528","Luis Severino",ATH,"SP163","31","527","527","527.0","0.0","-87"
"529","Kaelen Culpepper",MIN,"SS60","23","528","528","528.0","0.0","+131"
"530","Jake Cronenworth",SD,"2B45","32","529","529","529.0","0.0","-186"
"531","Michael Toglia",CIN,"1B42","27","530","530","530.0","0.0","+169"
"532","Bobby Miller",LAD,"SP164","26","531","531","531.0","0.0","+264"
"533","Ryan Jeffers",MIN,"C36","28","532","532","532.0","0.0","-264"
"534","Cade Povich",BAL,"SP165","25","533","533","533.0","0.0","+13"
"535","Bo Naylor",CLE,"C37","25","534","534","534.0","0.0","-129"
"536","Griffin Canning",FA,"SP166","29","535","535","535.0","0.0","+276"
"537","Austin Hays",CWS,"OF101","30","536","536","536.0","0.0","-144"
"538","Chris Bassitt",FA,"SP167","36","537","537","537.0","0.0","-174"
"539","Lucas Erceg",KC,"RP33","30","538","538","538.0","0.0","+19"
"540","Druw Jones",ARI,"OF102","22","539","539","539.0","0.0","-"
"541","Jacob Melton",TB,"OF103","25","540","540","540.0","0.0","+24"
"542","Ian Seymour",TB,"SP,RP18","27","541","541","541.0","0.0","-237"
"543","Adrian Del Castillo",ARI,"C38","26","542","542","542.0","0.0","+102"
"544","Jacob Reimer",NYM,"3B29","21","543","543","543.0","0.0","+335"
"545","Daniel Pierce",TB,"SS61","19","544","544","544.0","0.0","-"
"546","Marek Houston",MIN,"SS62","21","545","545","545.0","0.0","-"
"547","Kayson Cunningham",ARI,"SS63","19","546","546","546.0","0.0","-"
"548","Michael Wacha",KC,"SP168","34","547","547","547.0","0.0","-216"
"549","Rainiel Rodriguez",STL,"C39","19","548","548","548.0","0.0","-"
"550","Luis Garcia",NYM,"RP34","39","549","549","549.0","0.0","-"
"551","Cole Carrigg",COL,"OF104","23","550","550","550.0","0.0","+505"
"552","Aroon Escobar",PHI,"3B30","21","551","551","551.0","0.0","-"
"553","Will Vest",DET,"RP35","30","552","552","552.0","0.0","-279"
"554","Chad Patrick",MIL,"SP169","27","553","553","553.0","0.0","-199"
"555","Enrique Bradfield Jr.",BAL,"OF105","24","554","554","554.0","0.0","+195"
"556","Ben Hess",NYY,"SP170","23","555","555","555.0","0.0","+515"
"557","Angel Martinez",CLE,"LF2","24","556","556","556.0","0.0","+78"
"558","Andrew Fischer",MIL,"3B31","21","557","557","557.0","0.0","-"
"559","Marco Luciano",NYY,"SS64","24","558","558","558.0","0.0","+295"
"560","Orelvis Martinez",WSH,"2B46","24","559","559","559.0","0.0","+459"
"561","Carlos Estevez",KC,"RP36","33","560","560","560.0","0.0","-435"
"562","Jeffrey Springs",ATH,"SP171","33","561","561","561.0","0.0","-229"
"563","Parker Messick",CLE,"SP172","25","562","562","562.0","0.0","-266"
"564","Garrett Whitlock",BOS,"RP37","29","563","563","563.0","0.0","-189"
"565","Ike Irish",BAL,"C40","22","564","564","564.0","0.0","-"
"566","Warming Bernabel",WSH,"1B43","23","565","565","565.0","0.0","+175"
"567","Yoeilin Cespedes",BOS,"SS65","20","566","566","566.0","0.0","-"
"568","Yoniel Curet",PHI,"SP173","23","567","567","567.0","0.0","+578"
"569","Wenceel Perez",DET,"CF4","26","568","568","568.0","0.0","-154"
"570","Dillon Dingler",DET,"C41","27","569","569","569.0","0.0","-304"
"571","Jonathon Long",CHC,"1B44","24","570","570","570.0","0.0","+274"
"572","A.J. Ewing",NYM,"2B47","21","571","571","571.0","0.0","-"
"573","Xavier Neyens",HOU,"SS66","19","572","572","572.0","0.0","-"
"574","Richard Fitts",STL,"SP174","26","573","573","573.0","0.0","+34"
"575","JR Ritchie",ATL,"SP175","22","574","574","574.0","0.0","+67"
"576","Keibert Ruiz",WSH,"C42","27","575","575","575.0","0.0","-126"
"577","Brandon Clarke",STL,"SP176","22","576","576","576.0","0.0","-"
"578","Paul Goldschmidt",FA,"1B45","38","577","577","577.0","0.0","-56"
"579","JP Sears",SD,"SP177","29","578","578","578.0","0.0","-66"
"580","Brayden Taylor",TB,"3B32","23","579","579","579.0","0.0","-"
"581","Joey Cantillo",CLE,"SP,RP19","26","580","580","580.0","0.0","-281"
"582","James Triantos",CHC,"2B48","23","581","581","581.0","0.0","+434"
"583","Gabriel Gonzalez",MIN,"OF106","22","582","582","582.0","0.0","+397"
"584","Pavin Smith",ARI,"1B46","30","583","583","583.0","0.0","-124"
"585","Walker Buehler",FA,"SP178","31","584","584","584.0","0.0","+59"
"586","Caden Scarborough",TEX,"SP179","20","585","585","585.0","0.0","+582"
"587","Owen Murphy",ATL,"SP180","22","586","586","586.0","0.0","+386"