Rank,Name,Value,Age,Positions,Team,Level
1,"Shohei Ohtani",10000,32,"SP, UT","LAD","MLB"
2,"Bobby Witt Jr.",9952,26.1,"SS","KC","MLB"
3,"Nick Kurtz",8151,23.4,"1B","ATH","MLB"
4,"Paul Skenes",7530,24.1,"SP","PIT","MLB"
5,"James Wood",7455,23.8,"OF","WSH","MLB"
6,"Juan Soto",7408,27.7,"OF","NYM","MLB"
7,"Junior Caminero",7358,23,"3B","TB","MLB"
8,"Elly De La Cruz",6777,24.5,"SS","CIN","MLB"
9,"Jacob Misiorowski",6463,24.3,"SP","MIL","MLB"
10,"Corbin Carroll",6421,25.9,"OF","AZ","MLB"
11,"Konnor Griffin",6190,20.2,"SS","PIT","MLB"
12,"Jackson Chourio",5979,22.4,"OF","MIL","MLB"
13,"Yordan Alvarez",5934,29.1,"OF","HOU","MLB"
14,"Kevin McGonigle",5696,21.9,"3B, SS","DET","MLB"
15,"Tarik Skubal",5616,29.7,"SP","DET","MLB"
16,"Julio Rodriguez",5523,25.6,"OF","SEA","MLB"
17,"Ronald Acuna Jr.",5327,28.6,"OF","ATL","MLB"
18,"Aaron Judge",5272,34.2,"OF","NYY","MLB"
19,"Cam Schlittler",5251,25.4,"SP","NYY","MLB"
20,"Ben Rice",5147,27.4,"C, 1B","NYY","MLB"
21,"Chase Burns",5073,23.5,"SP","CIN","MLB"
22,"Pete Crow-Armstrong",5015,24.3,"OF","CHC","MLB"
23,"JJ Wetherholt",4822,23.9,"2B, SS","STL","MLB"
24,"Gunnar Henderson",4747,25.1,"SS","BAL","MLB"
25,"Cristopher Sanchez",4639,29.6,"SP","PHI","MLB"
26,"Yoshinobu Yamamoto",4587,27.9,"SP","LAD","MLB"
27,"Vladimir Guerrero Jr.",4375,27.3,"1B","TOR","MLB"
28,"Garrett Crochet",4360,27.1,"SP","BOS","MLB"
29,"Drake Baldwin",4266,25.3,"C","ATL","MLB"
30,"Roman Anthony",4254,22.2,"OF","BOS","MLB"
31,"Jesus Made",4143,19.2,"SS","MIL","AA"
32,"Fernando Tatis Jr.",4092,27.5,"2B, OF","SD","MLB"
33,"CJ Abrams",3888,25.8,"SS","WSH","MLB"
34,"Bryan Woo",3880,26.5,"SP","SEA","MLB"
35,"Brice Turang",3849,26.7,"2B","MIL","MLB"
36,"Sal Stewart",3826,22.6,"1B, 3B","CIN","MLB"
37,"Jose Ramirez",3791,33.8,"3B","CLE","MLB"
38,"Nolan McLean",3692,24.9,"SP","NYM","MLB"
39,"Hunter Brown",3675,27.9,"SP","HOU","MLB"
40,"Kade Anderson",3584,22,"SP","SEA","AA"
41,"Leo De Vries",3450,19.8,"SS","ATH","AA"
42,"Jordan Walker",3447,24.2,"OF","STL","MLB"
43,"Wyatt Langford",3393,24.7,"OF","TEX","MLB"
44,"Hunter Greene",3381,26.9,"SP","CIN","MLB"
45,"Mason Miller",3206,27.9,"RP","SD","MLB"
46,"Kyle Tucker",3204,29.5,"OF","LAD","MLB"
47,"Trey Yesavage",3043,22.9,"SP","TOR","MLB"
48,"Zach Neto",3026,25.5,"SS","LAA","MLB"
49,"Samuel Basallo",3013,21.9,"C","BAL","MLB"
50,"Oneil Cruz",2955,27.8,"OF","PIT","MLB"
51,"Jac Caglianone",2948,23.4,"1B, OF","KC","MLB"
52,"Riley Greene",2943,25.8,"OF","DET","MLB"
53,"Munetaka Murakami",2921,26.5,"1B, 3B","CWS","MLB"
54,"Logan Gilbert",2913,29.2,"SP","SEA","MLB"
55,"Kyle Schwarber",2902,33.4,"UT","PHI","MLB"
56,"Shea Langeliers",2898,28.7,"C","ATH","MLB"
57,"Travis Bazzana",2867,23.9,"2B","CLE","MLB"
58,"Seth Hernandez",2865,20.1,"SP","PIT","A+"
59,"Matt Olson",2834,32.3,"1B","ATL","MLB"
60,"Payton Tolle",2805,23.7,"SP","BOS","MLB"
61,"Jackson Merrill",2782,23.2,"OF","SD","MLB"
62,"Eury Perez",2770,23.3,"SP","MIA","MLB"
63,"Bryce Eldridge",2705,21.7,"1B","SF","MLB"
64,"Joe Ryan",2704,30.1,"SP","MIN","MLB"
65,"George Kirby",2635,28.5,"SP","SEA","MLB"
66,"Logan Webb",2634,29.7,"SP","SF","MLB"
67,"Tyler Soderstrom",2621,24.6,"1B, OF","ATH","MLB"
68,"Ketel Marte",2591,32.8,"2B","AZ","MLB"
69,"Jazz Chisholm Jr.",2583,28.5,"2B, 3B","NYY","MLB"
70,"Max Fried",2560,32.5,"SP","NYY","MLB"
71,"Gavin Williams",2485,26.9,"SP","CLE","MLB"
72,"Bryce Harper",2438,33.8,"1B","PHI","MLB"
73,"Dylan Cease",2434,30.6,"SP","TOR","MLB"
74,"Colt Emerson",2425,20.9,"3B, SS","SEA","MLB"
75,"Andy Pages",2417,25.6,"OF","LAD","MLB"
76,"Maikel Garcia",2404,26.4,"2B, 3B, SS","KC","MLB"
77,"Michael Harris II",2333,25.4,"OF","ATL","MLB"
78,"Josue De Paula",2320,21.2,"OF","LAD","AA"
79,"Pete Alonso",2287,31.6,"1B","BAL","MLB"
80,"Colson Montgomery",2268,24.4,"3B, SS","CWS","MLB"
81,"Chase DeLauter",2244,24.8,"OF","CLE","MLB"
82,"Carter Jensen",2225,23,"C","KC","MLB"
83,"Hunter Goodman",2201,26.8,"C","COL","MLB"
84,"Cal Raleigh",2177,29.6,"C","SEA","MLB"
85,"Kyle Harrison",2177,24.9,"SP","MIL","MLB"
86,"William Contreras",2166,28.6,"C","MIL","MLB"
87,"Francisco Lindor",2151,32.7,"SS","NYM","MLB"
88,"Eli Willits",2100,18.6,"SS","WSH","A+"
89,"Max Clark",2099,21.6,"OF","DET","AAA"
90,"Miguel Vargas",2084,26.7,"1B, 3B","CWS","MLB"
91,"Walker Jenkins",2050,21.4,"OF","MIN","AAA"
92,"Sebastian Walcott",1984,20.3,"SS","TEX","AA"
93,"Parker Messick",1973,25.7,"SP","CLE","MLB"
94,"Carson Benge",1958,23.5,"OF","NYM","MLB"
95,"Jesus Luzardo",1933,28.8,"SP","PHI","MLB"
96,"Bubba Chandler",1929,23.8,"SP","PIT","MLB"
97,"Connelly Early",1888,24.3,"SP","BOS","MLB"
98,"Bryce Miller",1883,27.9,"SP","SEA","MLB"
99,"Jackson Holliday",1864,22.6,"2B","BAL","MLB"
100,"Geraldo Perdomo",1852,26.7,"SS","AZ","MLB"
101,"Freddy Peralta",1845,30.1,"SP","NYM","MLB"
102,"Rafael Devers",1831,29.7,"1B","SF","MLB"
103,"Spencer Schwellenbach",1805,26.1,"SP","ATL","MLB"
104,"Austin Riley",1770,29.3,"3B","ATL","MLB"
105,"Cody Bellinger",1756,31,"OF","NYY","MLB"
106,"Cole Ragans",1716,28.6,"SP","KC","MLB"
107,"Braxton Ashcraft",1714,26.8,"SP, RP","PIT","MLB"
108,"Ivan Herrera",1687,26.1,"C","STL","MLB"
109,"Braden Montgomery",1676,23.3,"OF","CWS","MLB"
110,"Jared Jones",1638,24.9,"SP","PIT","MLB"
111,"Spencer Strider",1636,27.7,"SP","ATL","MLB"
112,"Shane McClanahan",1633,29.2,"SP","TB","MLB"
113,"Byron Buxton",1626,32.6,"OF","MIN","MLB"
114,"Bo Bichette",1606,28.4,"3B, SS","NYM","MLB"
115,"Edward Florentino",1587,19.7,"OF","PIT","A+"
116,"Noah Schultz",1574,22.9,"SP","CWS","MLB"
117,"Ryan Sloan",1572,20.5,"SP","SEA","AA"
118,"Thomas White",1547,21.8,"SP","MIA","AAA"
119,"Luis Pena",1530,19.7,"2B, SS","MIL","A+"
120,"Jonathan Aranda",1527,28.2,"1B","TB","MLB"
121,"Robby Snelling",1507,22.6,"SP","MIA","MLB"
122,"Chris Sale",1494,37.3,"SP","ATL","MLB"
123,"Zyhir Hope",1489,21.5,"OF","LAD","AA"
124,"Mookie Betts",1481,33.8,"SS","LAD","MLB"
125,"Franklin Arias",1462,20.7,"SS","BOS","AA"
126,"Xavier Edwards",1455,26.9,"2B, SS","MIA","MLB"
127,"Nico Hoerner",1453,29.2,"2B, SS","CHC","MLB"
128,"Logan Henderson",1448,24.4,"SP","MIL","MLB"
129,"Jacob Wilson",1419,24.3,"SS","ATH","MLB"
130,"Adley Rutschman",1416,28.4,"C","BAL","MLB"
131,"Trea Turner",1410,33.1,"SS","PHI","MLB"
132,"Rainiel Rodriguez",1409,19.5,"C","STL","AA"
133,"Jose Soriano",1407,27.7,"SP","LAA","MLB"
134,"Ryan Waldschmidt",1406,23.8,"OF","AZ","MLB"
135,"2027 Early 1st",1399,,"","",""
136,"A.J. Ewing",1394,21.9,"OF","NYM","MLB"
137,"Jeremy Pena",1363,28.8,"SS","HOU","MLB"
138,"Corey Seager",1350,32.2,"SS","TEX","MLB"
139,"Emmet Sheehan",1345,26.7,"SP","LAD","MLB"
140,"Jhoan Duran",1337,28.5,"RP","PHI","MLB"
141,"Josh Naylor",1335,29.1,"1B","SEA","MLB"
142,"Jarren Duran",1333,29.9,"OF","BOS","MLB"
143,"Gage Jump",1324,23.3,"SP","ATH","MLB"
144,"Cade Horton",1306,24.9,"SP","CHC","MLB"
145,"Cam Smith",1304,23.4,"OF","HOU","MLB"
146,"Joshua Baez",1273,23.1,"OF","STL","AAA"
147,"Michael Busch",1262,28.7,"1B","CHC","MLB"
148,"Dillon Dingler",1260,27.8,"C","DET","MLB"
149,"Emerson Hancock",1260,27.1,"SP","SEA","MLB"
150,"Sandy Alcantara",1253,30.9,"SP","MIA","MLB"
151,"Zack Wheeler",1253,36.1,"SP","PHI","MLB"
152,"Dylan Crews",1250,24.4,"OF","WSH","MLB"
153,"Otto Lopez",1223,27.8,"2B, SS","MIA","MLB"
154,"Theo Gillen",1220,20.8,"OF","TB","AA"
155,"Vinnie Pasquantino",1220,28.8,"1B","KC","MLB"
156,"Kazuma Okamoto",1220,30.1,"1B, 3B","TOR","MLB"
157,"MacKenzie Gore",1217,27.4,"SP","TEX","MLB"
158,"Drew Rasmussen",1209,30.9,"SP","TB","MLB"
159,"2028 Early 1st",1208,,"","",""
160,"Wilyer Abreu",1206,27.1,"OF","BOS","MLB"
161,"Max Meyer",1183,27.4,"SP","MIA","MLB"
162,"George Lombard Jr.",1183,21.1,"SS","NYY","AAA"
163,"Caleb Bonemer",1166,20.8,"3B, SS","CWS","AA"
164,"Michael King",1142,31.2,"SP","SD","MLB"
165,"Sam Antonacci",1138,23.4,"2B, 3B, SS, OF","CWS","MLB"
166,"Aidan Miller",1135,22.1,"SS","PHI","AA"
167,"Luke Keaschall",1130,23.9,"2B, OF","MIN","MLB"
168,"Seiya Suzuki",1122,31.9,"OF, UT","CHC","MLB"
169,"Tyler Glasnow",1119,32.9,"SP","LAD","MLB"
170,"Ozzie Albies",1104,29.5,"2B","ATL","MLB"
171,"Mike Trout",1093,34.9,"OF, UT","LAA","MLB"
172,"Freddie Freeman",1091,36.8,"1B","LAD","MLB"
173,"Brent Rooker",1089,31.7,"OF, UT","ATH","MLB"
174,"Charlie Condon",1082,23.3,"1B, OF","COL","AAA"
175,"Andrew Painter",1078,23.3,"SP","PHI","MLB"
176,"Ethan Holliday",1069,19.4,"SS","COL","A"
177,"Jackson Jobe",1058,23.9,"SP","DET","A"
178,"Dalton Rushing",1057,25.4,"C","LAD","MLB"
179,"Nick Lodolo",1040,28.4,"SP","CIN","MLB"
180,"Randy Arozarena",1029,31.4,"OF","SEA","MLB"
181,"Mike Sirota",1013,23.1,"OF","LAD","AA"
182,"Taj Bradley",1013,25.3,"SP","MIN","MLB"
183,"Justin Wrobleski",1011,26,"SP, RP","LAD","MLB"
184,"Roki Sasaki",1007,24.7,"SP","LAD","MLB"
185,"Cade Smith",994,27.2,"RP","CLE","MLB"
186,"Anthony Eyanson",958,21.8,"SP","BOS","AA"
187,"Manny Machado",955,34,"3B","SD","MLB"
188,"Kaelen Culpepper",952,23.6,"SS","MIN","AAA"
189,"Jasson Dominguez",947,23.4,"OF","NYY","MLB"
190,"Ranger Suarez",943,30.9,"SP","BOS","MLB"
191,"Kyle Bradish",939,29.8,"SP","BAL","MLB"
192,"Ryan Weathers",939,26.6,"SP","NYY","MLB"
193,"Kyle Teel",938,24.4,"C","CWS","MLB"
194,"Kyle Stowers",937,28.5,"1B, OF","MIA","MLB"
195,"Henry Bolte",935,22.9,"OF","ATH","MLB"
196,"Moises Ballesteros",935,22.7,"UT","CHC","MLB"
197,"Daylen Lile",934,23.6,"OF","WSH","MLB"
198,"Cole Young",928,22.9,"2B","SEA","MLB"
199,"Jacob deGrom",925,38.1,"SP","TEX","MLB"
200,"Jordan Lawlar",924,24,"3B, OF","AZ","MLB"
201,"Framber Valdez",924,32.7,"SP","DET","MLB"
202,"Lazaro Montes",919,21.7,"OF","SEA","AAA"
203,"Will Smith",914,31.3,"C","LAD","MLB"
204,"Bryce Rainer",911,21,"SS","DET","A+"
205,"Jonah Tong",908,23.1,"SP","NYM","MLB"
206,"Alfredo Duno",906,20.5,"C","CIN","AA"
207,"Didier Fuentes",905,21.1,"SP, RP","ATL","MLB"
208,"JoJo Parker",904,19.9,"SS","TOR","A"
209,"Eduardo Quintero",894,20.8,"OF","LAD","A+"
210,"James Tibbs III",888,23.8,"OF","LAD","AAA"
211,"Josuar Gonzalez",882,18.8,"SS","SF","ROK"
212,"Corbin Burnes",881,31.7,"SP","AZ","MLB"
213,"Will Warren",880,27.1,"SP","NYY","MLB"
214,"Brandon Lowe",879,32,"2B","PIT","MLB"
215,"Casey Mize",875,29.2,"SP","DET","MLB"
216,"Andres Munoz",874,27.5,"RP","SEA","MLB"
217,"Ethan Salas",873,20.1,"C","SD","AA"
218,"Alec Burleson",866,27.6,"1B, OF","STL","MLB"
219,"Ceddanne Rafaela",859,25.8,"2B, OF","BOS","MLB"
220,"Edward Cabrera",852,28.3,"SP","CHC","MLB"
221,"Luis Lara",851,21.7,"OF","MIL","MLB"
222,"Kris Bubic",841,28.9,"SP","KC","MLB"
223,"2027 Mid 1st",839,,"","",""
224,"Troy Melton",834,25.6,"SP, RP","DET","MLB"
225,"Grant Taylor",827,24.2,"SP, RP","CWS","MLB"
226,"Jo Adell",821,27.3,"OF","LAA","MLB"
227,"Liam Doyle",818,22.1,"SP","STL","AA"
228,"Esmerlyn Valdez",811,22.5,"OF","PIT","MLB"
229,"Luis Hernandez",811,17.6,"SS","SF","ROK"
230,"Andrew Fischer",809,22.2,"3B","MIL","AA"
231,"Owen Caissie",792,24,"OF","MIA","MLB"
232,"Emmanuel Rodriguez",785,23.4,"OF","MIN","AAA"
233,"Blake Snell",781,33.6,"SP","LAD","MLB"
234,"2028 Mid 1st",779,,"","",""
235,"Lawrence Butler",777,26,"OF","ATH","MLB"
236,"Matt Shaw",777,24.7,"3B, OF","CHC","MLB"
237,"Carlos Lagrange",775,23.2,"SP","NYY","AAA"
238,"Ralphy Velazquez",773,21.1,"1B","CLE","AAA"
239,"Emil Morales",772,19.8,"SS","LAD","A+"
240,"Alex Bregman",769,32.3,"3B","CHC","MLB"
241,"Jamie Arnold",769,22.3,"SP","ATH","AA"
242,"Tanner Bibee",765,27.4,"SP","CLE","MLB"
243,"Gage Wood",765,22.6,"SP","PHI","AA"
244,"Liam Hicks",762,27.1,"C, 1B","MIA","MLB"
245,"Marcelo Mayer",760,23.6,"2B, 3B, SS","BOS","MLB"
246,"Karson Milbrandt",756,22.2,"SP","MIA","AAA"
247,"Ben Brown",755,26.9,"SP, RP","CHC","MLB"
248,"Cam Caminiti",755,19.9,"SP","ATL","A+"
249,"Shota Imanaga",750,32.9,"SP","CHC","MLB"
250,"Reid Detmers",749,27,"SP, RP","LAA","MLB"
251,"Yandy Diaz",744,34.9,"1B","TB","MLB"
252,"Agustin Ramirez",743,24.9,"C","MIA","MLB"
253,"Shane Baz",735,27.1,"SP","BAL","MLB"
254,"Jordan Westburg",729,27.4,"2B, 3B","BAL","AAA"
255,"Gerrit Cole",724,35.9,"SP","NYY","MLB"
256,"Kendry Chourio",723,18.8,"SP","KC","A+"
257,"Eric Hartman",723,20.1,"2B, OF","ATL","A+"
258,"Hurston Waldrep",711,24.4,"SP","ATL","MLB"
259,"Mick Abel",706,24.9,"SP","MIN","MLB"
260,"Chase Dollander",705,24.7,"SP, RP","COL","MLB"
261,"Ian Happ",703,31.9,"OF","CHC","MLB"
262,"Spencer Torkelson",703,26.9,"1B","DET","MLB"
263,"Kevin Gausman",702,35.5,"SP","TOR","MLB"
264,"Josh Hader",701,32.3,"RP","HOU","MLB"
265,"Travis Sykora",700,22.2,"SP","WSH","ROK"
266,"Chandler Simpson",696,25.7,"OF","TB","MLB"
267,"2027 Late 1st",692,,"","",""
268,"Justin Crawford",687,22.5,"OF","PHI","MLB"
269,"Jhonny Level",672,19.3,"SS","SF","A+"
270,"Edwin Diaz",665,32.3,"RP","LAD","MLB"
271,"Francisco Alvarez",660,24.7,"C","NYM","MLB"
272,"Hagen Smith",658,22.9,"SP","CWS","AAA"
273,"Mickey Moniak",654,28.2,"OF","COL","MLB"
274,"Spencer Arrighetti",653,26.5,"SP","HOU","MLB"
275,"Spencer Jones",653,25.2,"OF","NYY","MLB"
276,"Edwin Arroyo",651,22.9,"2B, SS","CIN","MLB"
277,"Brandon Sproat",651,25.8,"SP","MIL","MLB"
278,"AJ Smith-Shawver",649,23.7,"SP","ATL","AAA"
279,"Cole Carrigg",647,24.2,"OF","COL","MLB"
280,"Willson Contreras",647,34.2,"1B","BOS","MLB"
281,"Bryan Reynolds",646,31.5,"OF","PIT","MLB"
282,"Aiva Arquette",645,22.8,"SS","MIA","AA"
283,"J.R. Ritchie",636,23.1,"SP","ATL","MLB"
284,"Casey Schmitt",635,27.4,"1B, 2B, 3B, OF","SF","MLB"
285,"Isaac Paredes",630,27.4,"1B, 3B","HOU","MLB"
286,"2028 Late 1st",624,,"","",""
287,"Tyler Bremner",622,22.2,"SP","LAA","A+"
288,"Luis Garcia Jr.",621,26.2,"1B, 2B","WSH","MLB"
289,"Dax Kilby",619,19.7,"SS","NYY","ROK"
290,"Jarlin Susana",616,22.3,"SP","WSH","AA"
291,"Pedro Ramirez",613,22.3,"2B, 3B, SS","CHC","MLB"
292,"Joey Cantillo",605,26.6,"SP, RP","CLE","MLB"
293,"Royce Lewis",605,27.1,"1B, 3B","MIN","MLB"
294,"Jett Williams",604,22.7,"2B, SS, OF","MIL","AAA"
295,"Brendan Donovan",603,29.5,"2B, 3B, OF","SEA","MLB"
296,"Ethan Conrad",603,22,"OF","CHC","A"
297,"Josh Jung",599,28.4,"3B","TEX","MLB"
298,"Cooper Pratt",599,21.9,"SS","MIL","MLB"
299,"Matt McLain",598,26.9,"2B, SS","CIN","MLB"
300,"Tatsuya Imai",597,28.2,"SP","HOU","MLB"
301,"Devin Fitz-Gerald",596,20.9,"SS","WSH","AA"
302,"Steele Hall",595,18.9,"SS","CIN","ROK"
303,"Landen Roupp",588,27.9,"SP","SF","MLB"
304,"Trevor Rogers",586,28.7,"SP","BAL","MLB"
305,"Caden Scarborough",581,21.3,"SP","TEX","A+"
306,"Cade Cavalli",574,27.9,"SP","WSH","MLB"
307,"Andrew Abbott",572,27.1,"SP","CIN","MLB"
308,"Jack Leiter",567,26.2,"SP","TEX","MLB"
309,"Josue Briceno",566,21.8,"C, 1B","DET","AA"
310,"Elmer Rodriguez-Cruz",563,22.9,"SP","NYY","MLB"
311,"Abner Uribe",556,26.1,"RP","MIL","MLB"
312,"Braylon Payne",553,19.9,"OF","MIL","A+"
313,"Carlos Rodon",553,33.6,"SP","NYY","MLB"
314,"Zack Gelof",546,26.7,"2B, 3B, OF","ATH","MLB"
315,"Luis Arraez",545,29.3,"1B, 2B","SF","MLB"
316,"Kyson Witherspoon",541,21.9,"SP","BOS","A+"
317,"Pablo Lopez",538,30.4,"SP","MIN","AAA"
318,"Christian Yelich",535,34.6,"OF, UT","MIL","MLB"
319,"Gabriel Moreno",533,26.4,"C","AZ","MLB"
320,"Ryan Pepiot",529,28.9,"SP","TB","MLB"
321,"Heliot Ramos",527,26.9,"OF","SF","MLB"
322,"Noelvi Marte",525,24.8,"3B, OF","CIN","MLB"
323,"Willy Adames",521,30.9,"SS","SF","MLB"
324,"Rhett Lowder",521,24.4,"SP","CIN","MLB"
325,"Luis Robert Jr.",516,28.9,"OF","NYM","MLB"
326,"Felnin Celesten",511,20.8,"SS","SEA","A+"
327,"Joe Mack",510,23.6,"C","MIA","MLB"
328,"Josiah Hartshorn",510,19.5,"1B, OF","CHC","A+"
329,"Noah Cameron",509,27,"SP","KC","MLB"
330,"Kyle Manzardo",504,26,"1B","CLE","MLB"
331,"Michael Arroyo",503,21.7,"2B","SEA","AAA"
332,"Jung Hoo Lee",495,27.9,"OF","SF","MLB"
333,"Max Muncy",491,23.9,"2B, 3B","ATH","MLB"
334,"Louis Varland",488,28.6,"RP","TOR","MLB"
335,"Steven Kwan",485,28.9,"OF","CLE","MLB"
336,"Kerry Carpenter",485,28.9,"OF","DET","MLB"
337,"Arjun Nimmala",480,20.8,"SS","TOR","AA"
338,"Christian Scott",474,27.1,"SP","NYM","MLB"
339,"Jonny Farmelo",473,21.9,"OF","SEA","A+"
340,"Colt Keith",470,24.9,"1B, 2B, 3B","DET","MLB"
341,"Zebby Matthews",465,26.2,"SP","MIN","MLB"
342,"Dominic Canzone",460,28.9,"OF","SEA","MLB"
343,"Jakob Marsee",455,25.1,"OF","MIA","MLB"
344,"Seaver King",454,23.2,"SS","WSH","AAA"
345,"Andrew Vaughn",452,28.3,"1B","MIL","MLB"
346,"Joseph Dzierwa",451,22.2,"SP","BAL","AA"
347,"Jefferson Rojas",451,21.2,"2B, SS","CHC","AA"
348,"Sonny Gray",447,36.7,"SP","BOS","MLB"
349,"Dylan Beavers",444,24.9,"OF","BAL","MLB"
350,"Jaison Chourio",439,21.2,"OF","CLE","AA"
351,"Masyn Winn",437,24.3,"SS","STL","MLB"
352,"Griffin Jax",437,31.7,"SP, RP","TB","MLB"
353,"Brandon Woodruff",435,33.4,"SP","MIL","MLB"
354,"Chase Meidroth",430,24.9,"2B, SS","CWS","MLB"
355,"Spencer Steer",426,28.6,"1B, 2B, OF","CIN","MLB"
356,"Xavier Neyens",420,19.7,"3B","HOU","A+"
357,"Michael Soroka",416,28.9,"SP","AZ","MLB"
358,"Addison Barger",415,26.7,"3B, OF","TOR","MLB"
359,"Johnny King",414,19.9,"SP","TOR","A+"
360,"Ike Irish",412,22.6,"C, 1B","BAL","A+"
361,"Brandon Marsh",411,28.6,"OF","PHI","MLB"
362,"Tommy White",406,23.4,"3B","ATH","MLB"
363,"Sean Burke",405,26.6,"SP","CWS","MLB"
364,"JJ Bleday",404,28.7,"OF","CIN","MLB"
365,"Justin Steele",402,31,"SP","CHC","MLB"
366,"Brady House",402,23.1,"3B","WSH","MLB"
367,"Angel Martinez",400,24.5,"2B, OF","CLE","MLB"
368,"Nathan Eovaldi",399,36.4,"SP","TEX","MLB"
369,"Dansby Swanson",396,32.4,"SS","CHC","MLB"
370,"Kevin Alcantara",395,24,"OF","CHC","MLB"
371,"Bryce Elder",395,27.2,"SP","ATL","MLB"
372,"Evan Carter",394,23.9,"OF","TEX","MLB"
373,"Kash Mayfield",393,21.4,"SP","SD","A+"
374,"Daniel Palencia",391,26.4,"RP","CHC","MLB"
375,"Connor Prielipp",391,25.5,"SP","MIN","MLB"
376,"Kayson Cunningham",390,20.1,"SS","AZ","A+"
377,"Ian Seymour",389,27.6,"SP, RP","TB","MLB"
378,"Curtis Mead",388,25.7,"1B, 2B, 3B","CWS","MLB"
379,"Blaze Jordan",388,23.6,"1B, 3B","STL","MLB"
380,"2027 Early 2nd",383,,"","",""
381,"Quinn Priester",381,25.8,"SP","MIL","AAA"
382,"Christian Moore",380,23.7,"2B","LAA","MLB"
383,"Coby Mayo",379,24.6,"1B, 3B","BAL","MLB"
384,"Shane Bieber",377,31.1,"SP","TOR","MLB"
385,"Jacob Gonzalez",372,24.1,"1B, 2B, SS","PIT","MLB"
386,"Teoscar Hernandez",366,33.8,"OF","LAD","MLB"
387,"Brandon Nimmo",366,33.3,"OF","TEX","MLB"
388,"Kruz Schoolcraft",366,19.3,"SP","SD","A"
389,"Tanner McDougal",366,23.3,"SP","CWS","AAA"
390,"Angel Genao",365,22.2,"3B, SS","CLE","AAA"
391,"Garrett Mitchell",365,27.9,"OF","MIL","MLB"
392,"Aroldis Chapman",362,38.4,"RP","BOS","MLB"
393,"Justin Gonzales",360,19.5,"OF","BOS","A+"
394,"Josh Adamczewski",357,21.2,"SS","MIL","AA"
395,"Davis Martin",357,29.5,"SP","CWS","MLB"
396,"Carson Williams",357,23.1,"SS","TB","MLB"
397,"Daulton Varsho",357,30,"OF","TOR","MLB"
398,"Brooks Lee",351,25.4,"2B, 3B, SS","MIN","MLB"
399,"Jaxon Wiggins",350,24.8,"SP","CHC","AAA"
400,"Gleyber Torres",349,29.6,"2B","DET","MLB"
401,"Robbie Ray",349,34.8,"SP","SF","MLB"
402,"Michael McGreevy",349,26,"SP","STL","MLB"
403,"Brody Hopkins",349,24.5,"SP","TB","AAA"
404,"Jack Wenninger",344,24.3,"SP","NYM","AAA"
405,"Devin Williams",344,31.8,"RP","NYM","MLB"
406,"Max Muncy",341,35.9,"3B","LAD","MLB"
407,"Kumar Rocker",341,26.7,"SP","TEX","MLB"
408,"Colton Cowser",337,26.3,"OF","BAL","MLB"
409,"David Bednar",336,31.8,"RP","NYY","MLB"
410,"River Ryan",335,27.9,"SP","LAD","AAA"
411,"Zac Veen",334,24.6,"OF","COL","AAA"
412,"Taylor Ward",334,32.6,"OF","BAL","MLB"
413,"Ronny Cruz",332,19.9,"SS","WSH","A+"
414,"Gavin Fien",331,19.4,"3B, SS","WSH","A"
415,"Jurrangelo Cijntje",329,23.1,"SP","STL","AAA"
416,"Taitn Gray",328,18.9,"C","TB","A"
417,"Ezequiel Tovar",328,24.9,"SS","COL","MLB"
418,"Reese Olson",327,26.9,"SP","DET","AAA"
419,"Cooper Ingle",324,24.4,"C","CLE","MLB"
420,"Hector Rodriguez",324,22.4,"OF","CIN","AAA"
421,"Kevin Alvarez",324,18.5,"OF","HOU","A"
422,"Elian Pena",323,18.7,"SS","NYM","A"
423,"Juneiker Caceres",322,18.9,"OF","CLE","A+"
424,"Sal Frelick",318,26.2,"OF","MIL","MLB"
425,"Grayson Rodriguez",316,26.7,"SP","LAA","MLB"
426,"Nick Pivetta",315,33.4,"SP","SD","MLB"
427,"Nolan Schanuel",314,24.4,"1B","LAA","MLB"
428,"Ryne Nelson",314,28.5,"SP, RP","AZ","MLB"
429,"Ryan O'Hearn",313,32.9,"1B, OF","PIT","MLB"
430,"2027 Mid 2nd",311,,"","",""
431,"Jacob Melton",310,25.9,"OF","TB","AAA"
432,"Xavier Isaac",309,22.6,"UT","TB","AA"
433,"T.J. Rumfield",305,25,"1B","COL",""
434,"Anthony Volpe",303,25.2,"SS","NYY","MLB"
435,"Josh Hammond",302,19.8,"3B, SS","KC","A"
436,"Kyle Karros",302,23.9,"3B","COL","MLB"
437,"Michael Forret",301,22.3,"SP","TB","AAA"
438,"Eduardo Tait",301,19.9,"C","MIN","A+"
439,"2028 Early 2nd",300,,"","",""
440,"Bryson Stott",298,28.8,"2B, SS","PHI","MLB"
441,"Trent Grisham",297,29.7,"OF","NYY","MLB"
442,"Matt Chapman",294,33.2,"3B","SF","MLB"
443,"Christian Walker",294,35.3,"1B","HOU","MLB"
444,"Francisco Renteria",294,17.5,"OF","PHI","ROK"
445,"Kahlil Watson",290,23.3,"SS, OF","CLE","MLB"
446,"Nate George",290,20.1,"OF","BAL","A+"
447,"Kristian Campbell",290,24.1,"2B","BOS","AAA"
448,"Ryan Clifford",288,22.9,"1B, OF","NYM","AAA"
449,"Chase Petty",288,23.3,"SP, RP","CIN","MLB"
450,"Garrett Whitlock",288,30.1,"RP","BOS","MLB"
451,"Tommy Troy",286,24.5,"2B, OF","AZ","MLB"
452,"Kendry Rojas",286,23.6,"SP","MIN","MLB"
453,"Ernie Clement",285,30.3,"1B, 2B, 3B, SS","TOR","MLB"
454,"Caleb Durbin",284,26.4,"2B, 3B","BOS","MLB"
455,"Yainer Diaz",283,27.8,"C","HOU","MLB"
456,"Quinn Mathews",281,25.8,"SP","STL","AAA"
457,"Jeferson Quero",281,23.8,"C","MIL","MLB"
458,"2027 Late 2nd",279,,"","",""
459,"Alex Freeland",278,24.9,"2B, 3B","LAD","MLB"
460,"Owen Murphy",273,22.8,"SP","ATL","MLB"
461,"Cam Collier",268,21.7,"1B, 3B","CIN","AA"
462,"Foster Griffin",265,30.9,"SP, RP","WSH","MLB"
463,"Matthew Liberatore",264,26.7,"SP","STL","MLB"
464,"2028 Mid 2nd",263,,"","",""
465,"Spencer Horwitz",261,28.7,"1B","PIT","MLB"
466,"Walbert Urena",261,22.5,"SP","LAA","MLB"
467,"Ryan Helsley",260,32,"RP","BAL","MLB"
468,"Wei-En Lin",257,20.7,"SP, RP","ATH","AAA"
469,"Carlos Correa",256,31.8,"3B, SS","HOU","MLB"
470,"Brayan Rocchio",255,25.5,"2B, SS","CLE","MLB"
471,"Jose Altuve",255,36.2,"2B, OF","HOU","MLB"
472,"Clay Holmes",254,33.3,"SP","NYM","MLB"
473,"Jose Fernandez",253,22.8,"1B, 3B, SS","AZ","MLB"
474,"Alejandro Kirk",253,27.7,"C","TOR","MLB"
475,"Braxton Garrett",253,28.9,"SP","MIA","MLB"
476,"Jace LaViolette",252,22.6,"OF","CLE","A+"
477,"Jake Bennett",250,25.6,"SP","BOS","MLB"
478,"Ryan Jeffers",250,29.1,"C","MIN","MLB"
479,"Mitch Keller",249,30.3,"SP","PIT","MLB"
480,"Jhostynxon Garcia",247,23.6,"OF","PIT","MLB"
481,"Gavin Kilen",246,22.3,"SS","SF","AA"
482,"Adrian Morejon",244,27.4,"RP","SD","MLB"
483,"Braylon Doughty",244,20.6,"SP","CLE","AA"
484,"Max Anderson",243,24.4,"2B","DET","AAA"
485,"John Gil",242,20.2,"SS","ATL","A+"
486,"Grant Holmes",242,30.3,"SP","ATL","MLB"
487,"Jacob Reimer",241,22.4,"3B","NYM","AA"
488,"Blake Mitchell",241,21.9,"C","KC","A+"
489,"Juan Sanchez",240,18.8,"3B, SS","TOR","A"
490,"Chad Patrick",233,27.9,"SP, RP","MIL","MLB"
491,"Aaron Ashby",233,28.2,"SP, RP","MIL","MLB"
492,"Aroon Escobar",233,21.5,"2B","PHI","AA"
493,"Eugenio Suarez",233,35,"3B","CIN","MLB"
494,"Deyvison De Los Santos",232,23.1,"1B, 3B","MIA","MLB"
495,"Trey Gibson",232,24.2,"SP","BAL","MLB"
496,"Dustin May",231,28.9,"SP","STL","MLB"
497,"Shane Smith",224,26.3,"SP","CWS","MLB"
498,"Lars Nootbaar",224,28.9,"OF","STL","MLB"
499,"Logan O'Hoppe",222,26.4,"C","LAA","MLB"
500,"Noble Meyer",221,21.5,"SP","MIA","A"
501,"Billy Carlson",219,19.9,"SS","CWS","A"
502,"Mark Vientos",218,26.6,"1B, 3B","NYM","MLB"
503,"Luke Adams",216,22.2,"1B, 3B","MIL","AAA"
504,"Randy Vasquez",215,27.7,"SP","SD","MLB"
505,"Brett Baty",215,26.7,"1B, 2B, 3B, OF","NYM","MLB"
506,"Roldy Brito",215,19.3,"2B, OF","COL","A+"
507,"Clarke Schmidt",215,30.4,"SP","NYY","AA"
508,"Bailey Ober",213,31,"SP","MIN","MLB"
509,"Brayan Bello",210,27.2,"SP","BOS","MLB"
510,"Juan Valera",210,20.2,"SP","BOS","A+"
511,"Demetrio Crisantes",207,21.9,"2B","AZ","AA"
512,"Luis Castillo",206,33.6,"SP","SEA","MLB"
513,"Slade Cecconi",206,27.1,"SP","CLE","MLB"
514,"Brice Matthews",200,24.3,"2B, OF","HOU","MLB"
515,"Luis Morales",200,23.8,"SP","ATH","MLB"
516,"Bo Davidson",199,24,"OF","SF","AAA"
517,"Andres Gimenez",199,27.9,"2B, SS","TOR","MLB"
518,"George Springer",199,36.8,"OF","TOR","MLB"
519,"Jeremiah Estrada",199,27.7,"RP","SD","MLB"
520,"Aaron Nola",198,33.1,"SP","PHI","MLB"
521,"Zac Gallen",198,30.9,"SP","AZ","MLB"
522,"Johan De Los Santos",197,17.9,"2B, SS","PIT","A"
523,"Ricky Tiedemann",196,23.9,"SP","TOR","ROK"
524,"Mike Burrows",193,26.7,"SP","HOU","MLB"
525,"Matthew Boyd",192,35.5,"SP","CHC","MLB"
526,"Wehiwa Aloy",191,22.5,"SS","BAL","A+"
527,"Trevor Megill",191,32.6,"RP","MIL","MLB"
528,"J.T. Ginn",186,27.2,"SP","ATH","MLB"
529,"Luis Gil",183,28.1,"SP","NYY","MLB"
530,"2028 Late 2nd",183,,"","",""
531,"Jake Latz",183,29,"SP, RP","TEX",""
532,"Joe Boyle",182,26.9,"SP","TB","MLB"
533,"Christian Zazueta",182,21.8,"SP","LAD","AA"
534,"Tai Peete",181,20.9,"OF","STL","A+"
535,"Xander Bogaerts",180,33.8,"SS","SD","MLB"
536,"Devin Taylor",179,22.5,"OF","ATH","AA"
537,"Jordan Beck",178,25.2,"OF","COL","MLB"
538,"Yohandy Morales",177,24.8,"1B, 3B","WSH","AAA"
539,"Slade Caldwell",177,20.1,"OF","AZ","A+"
540,"Triston Casas",173,26.5,"1B","BOS","MLB"
541,"Jonathon Long",173,24.5,"1B","CHC","AAA"
542,"James Triantos",172,23.5,"2B, 3B, OF","CHC","AAA"
543,"Harry Ford",172,23.4,"C","WSH","MLB"
544,"Robert Gasser",170,27.1,"SP","MIL","MLB"
545,"Jesus Sanchez",166,28.8,"OF","TOR","MLB"
546,"Jack Flaherty",165,30.8,"SP","DET","MLB"
547,"Keider Montero",164,26,"SP, RP","DET","MLB"
548,"David Shields",161,19.9,"SP","KC","A+"
549,"Aidan Smith",161,21.9,"OF","TB","A+"
550,"Ben Hess",161,23.9,"SP","NYY","AA"
551,"Blake Burke",160,23.1,"1B","MIL","AA"
552,"Matt Brash",159,28.2,"RP","SEA","MLB"
553,"Nasim Nunez",158,25.9,"2B, SS","WSH","MLB"
554,"Tristan Peters",158,26.4,"OF","CWS","MLB"
555,"2027 Early 3rd",155,,"","",""
556,"Ben Joyce",155,25.8,"RP","LAA","A"
557,"Jackson Ferris",155,22.5,"SP","LAD","AAA"
558,"Hunter Barco",150,25.6,"RP","PIT","MLB"
559,"Carmen Mlodzinski",149,27.4,"SP, RP","PIT","MLB"
560,"Carlos Cortes",147,29.1,"OF","ATH","MLB"
561,"Jose Caballero",147,29.9,"2B, 3B, SS, OF","NYY","MLB"
562,"Brady Singer",147,29.9,"SP","CIN","MLB"
563,"Caden Bodine",146,22.6,"C","TB","AA"
564,"Pete Fairbanks",144,32.6,"SP, RP","MIA","MLB"
565,"Jake Bauers",144,30.8,"1B, OF","MIL","MLB"
566,"Chase Harlan",144,20,"3B","LAD","A+"
567,"Nelson Rada",143,20.9,"OF","LAA","AAA"
568,"Tyson Lewis",143,20.5,"SS","CIN","A+"
569,"Ty Johnson",143,24.8,"SP","TB","AAA"
570,"Charles Davalan",141,22.6,"OF","LAD","A+"
571,"C.J. Kayfus",141,24.7,"1B, OF","CLE","MLB"
572,"Edgar Quero",140,23.3,"C","CWS","MLB"
573,"Khal Stephen",139,23.6,"SP","CLE","AA"
574,"Jake Burger",137,30.3,"1B","TEX","MLB"
575,"Orion Kerkering",137,25.3,"RP","PHI","MLB"
576,"Bryan Abreu",136,29.2,"RP","HOU","MLB"
577,"Brayden Taylor",135,24.2,"2B, 3B","TB","AA"
578,"Jake McCarthy",135,28.9,"OF","COL","MLB"
579,"Druw Jones",134,22.6,"OF","AZ","AA"
580,"Justin Martinez",134,24.9,"RP","AZ","ROK"
581,"Brandon Pfaadt",133,27.8,"SP, RP","AZ","MLB"
582,"Miguel Sime",132,19.2,"SP","WSH","A+"
583,"Raisel Iglesias",132,36.5,"RP","ATL","MLB"
584,"Luis Perales",131,23.3,"SP, RP","WSH","AAA"
585,"Luis De Leon",131,23.3,"SP","BAL","AA"
586,"Bryan Baker",130,31.6,"RP","TB","MLB"
587,"Hendry Mendez",130,22.7,"OF","MIN","AAA"
588,"Thayron Liranzo",127,23,"C","DET","AA"
589,"Yoeilin Cespedes",127,20.9,"2B","BOS","A+"
590,"Alec Bohm",127,29.9,"1B, 3B","PHI","MLB"
591,"Nolan Gorman",126,26.2,"2B, 3B","STL","MLB"
592,"Tate Southisene",125,19.8,"SS","ATL","A+"
593,"Erik Sabrowski",125,28.7,"RP","CLE","MLB"
594,"Zachary Root",124,22.4,"SP","LAD","A+"
595,"Bradgley Rodriguez",124,22.7,"SP, RP","SD","MLB"
596,"Jacob Young",122,26.9,"OF","WSH","MLB"
597,"Kemp Alderman",120,23.9,"OF","MIA","AAA"
598,"Brenton Doyle",120,28.2,"OF","COL","MLB"
599,"Alex Clemmey",120,21,"SP","WSH","AA"
600,"Nathan Flewelling",120,19.7,"C","TB","A+"
601,"Caden Dana",119,22.6,"SP","LAA","AAA"
602,"Slater de Brun",119,19.1,"OF","TB","ROK"
603,"George Klassen",118,24.5,"SP","LAA","MLB"
604,"Marek Houston",118,22.3,"SS","MIN","AA"
605,"Josh Lowe",118,28.5,"OF","LAA","MLB"
606,"Austin Wells",117,27,"C","NYY","MLB"
607,"Trevor McDonald",117,25.4,"SP","SF","MLB"
608,"Kody Clemens",115,30.2,"1B, 2B, OF","MIN","MLB"
609,"Dasan Hill",114,20.6,"SP","MIN","A+"
610,"Carson Whisenhunt",112,25.7,"SP","SF","MLB"
611,"Tanner Franklin",111,22.2,"SP","STL","A+"
612,"Tanner Scott",111,31.9,"RP","LAD","MLB"
613,"Hayden Birdsong",110,24.9,"SP, RP","SF","AAA"
614,"Shane Drohan",109,27.5,"SP, RP","MIL","MLB"
615,"Cris Rodriguez",108,18.5,"OF","DET","ROK"
616,"Ezequiel Duran",108,27.2,"1B, 2B, 3B, SS, OF","TEX","MLB"
617,"Termarr Johnson",108,22.1,"2B","PIT","AAA"
618,"Brandon Clarke",108,23.3,"SP","STL","A"
619,"Tommy Edman",107,31.2,"2B, 3B, OF","LAD","MLB"
620,"Braydon Fisher",106,25.9,"SP, RP","TOR","MLB"
621,"Blaze Alexander",105,27.1,"2B, 3B, SS, OF","BAL","MLB"
622,"Gabriel Gonzalez",105,22.5,"OF","MIN","MLB"
623,"Wandy Asigen",105,16.9,"SS","NYM","ROK"
624,"Connor Norby",104,26.1,"1B, 3B","MIA","MLB"
625,"Ethan Frey",104,22.3,"OF","HOU","A+"
626,"Brock Wilken",103,24.1,"3B","MIL","AAA"
627,"Nolan Perry",103,22.9,"SP","TOR","AA"
628,"Sean Keys",102,23.1,"1B, 3B","TOR","MLB"
629,"Riley OBrien",101,31.4,"RP","STL","MLB"
630,"Robert Suarez",100,35.4,"RP","ATL","MLB"
631,"DJ Herz",100,25.5,"SP","WSH","A"
632,"Edwin Uceta",99,28.5,"RP","TB","AAA"
633,"Anderson Brito",99,22,"SP","TB","A+"
634,"Brandon Young",98,27.9,"SP","BAL","MLB"
635,"Parker Meadows",98,26.7,"OF","DET","MLB"
636,"Abimelec Ortiz",98,24.4,"1B, OF","WSH","MLB"
637,"Hyeseong Kim",98,27.5,"2B, SS, OF","LAD","MLB"
638,"Landon Harmon",98,19.9,"SP","WSH","A"
639,"Nick Gonzales",98,27.1,"2B, 3B, SS","PIT","MLB"
640,"Cooper Flemming",97,19.9,"SS","TB","A"
641,"Joendry Vargas",97,20.7,"SS","LAD","A"
642,"Angeibel Gomez",96,17.6,"OF","KC","ROK"
643,"Jonathan Santucci",96,23.6,"SP","NYM","AA"
644,"Victor Scott II",95,25.4,"OF","STL","MLB"
645,"Felix Bautista",95,31.1,"RP","BAL","MLB"
646,"Johenssy Colome",94,17.8,"SS","ATH","ROK"
647,"AJ Russell",93,22.1,"SP","TEX","A+"
648,"Murf Gray",93,22.6,"3B","PIT","AA"
649,"Joe Musgrove",93,33.6,"SP","SD","MLB"
650,"Eduardo Rodriguez",92,33.3,"SP","AZ","MLB"
651,"Wyatt Sanford",92,20.6,"2B, SS","PIT","A+"
652,"Eduardo Rivera",92,23.1,"SP","BOS","MLB"
653,"Jack Perkins",90,26.6,"SP, RP","ATH","MLB"
654,"Tre' Morgan",90,24,"1B","TB","AAA"
655,"Daniel Espino",90,25.5,"SP, RP","CLE","MLB"
656,"J.P. Crawford",90,31.5,"3B, SS","SEA","MLB"
657,"Enrique Bradfield Jr.",89,24.6,"OF","BAL","AAA"
658,"Heriberto Hernandez",88,26.6,"OF","MIA","MLB"
659,"Matt Wilkinson",88,23.6,"SP","SF","AAA"
660,"Mitch Bratt",88,23,"SP","AZ","MLB"
661,"Starlyn Caba",88,20.6,"SS","MIA","A+"
662,"Chase Hampton",87,24.9,"SP","NYY","AA"
663,"Riley Quick",87,22.2,"SP","MIN","AA"
664,"Leonardo Bernal",86,22.4,"C","STL","AAA"
665,"Gavin Sheets",85,30.2,"1B, OF","SD","MLB"
666,"Michael Wacha",85,35,"SP","KC","MLB"
667,"Gino Groover",84,24.3,"3B","AZ","MLB"
668,"Keibert Ruiz",84,27.9,"C","WSH","MLB"
669,"Jeff Hoffman",84,33.5,"RP","TOR","MLB"
670,"Nick Martinez",83,35.9,"SP, RP","TB","MLB"
671,"Kendall George",83,21.7,"OF","LAD","AA"
672,"Santiago Suarez",83,21.5,"SP","TB","AA"
673,"Yohendrick Pinango",83,24.2,"OF","TOR","MLB"
674,"Alexander Frias",82,18.4,"OF","MIL","A"
675,"Peter Lambert",82,29.3,"SP","HOU","MLB"
676,"Kevin Defrank",81,17.9,"SP","MIA","ROK"
677,"Troy Johnston",81,29.1,"1B, OF","COL","MLB"
678,"David Sandlin",81,25.4,"SP, RP","CWS","MLB"
679,"Adael Amador",81,23.3,"2B","COL","AAA"
680,"Andre Pallante",80,27.8,"SP","STL","MLB"
681,"Shotaro Morii",80,19.6,"SS","ATH","A"
682,"Brandon Valenzuela",79,25.8,"C","TOR","MLB"
683,"Alex Vesia",79,30.3,"RP","LAD","MLB"
684,"Willi Castro",79,29.2,"1B, 2B, 3B, SS, OF","COL","MLB"
685,"Gregory Soto",79,31.4,"RP","PIT","MLB"
686,"Daniel Pierce",79,19.9,"SS","TB","A"
687,"Stephen Kolek",77,29.3,"SP","KC","MLB"
688,"Bryce Cunningham",76,23.6,"SP","NYY","A+"
689,"Andrew Salas",76,18.4,"OF","MIA","A"
690,"Luisangel Acuna",76,24.4,"2B, SS, OF","CWS","MLB"
691,"Cristian Javier",75,29.3,"SP","HOU","MLB"
692,"Tyler Stephenson",75,29.9,"C","CIN","MLB"
693,"Trevor Story",75,33.7,"SS","BOS","MLB"
694,"Trevor Larnach",75,29.4,"OF, UT","MIN","MLB"
695,"2027 Mid 3rd",75,,"","",""
696,"2027 Late 3rd",75,,"","",""
697,"Javier Sanoja",75,23.9,"2B, 3B, SS, OF, RP","MIA","MLB"
698,"Samad Taylor",74,28,"OF, UT","SD","MLB"
699,"Nolan Arenado",72,35.3,"3B","AZ","MLB"
700,"Kellon Lindsey",72,20.8,"SS","LAD","A"
701,"Josh Bell",71,33.9,"1B","MIN","MLB"
702,"Robert Calaz",71,20.7,"OF","COL","A+"
703,"Dante Nori",69,21.8,"OF","PHI","AA"
704,"Nathan Church",69,26,"OF","STL","MLB"
705,"Kyle Leahy",67,29.1,"SP, RP","STL","MLB"
706,"Dorian Soto",67,18.4,"SS","BOS","ROK"
707,"2028 Mid 3rd",67,,"","",""
708,"Nathaniel Lowe",66,31,"1B","CIN","MLB"
709,"2028 Early 3rd",66,,"","",""
710,"Carson Kelly",66,32,"C","CHC","MLB"
711,"Dean Kremer",65,30.5,"SP","BAL","MLB"
712,"Kane Kepley",65,22.4,"OF","CHC","A+"
713,"Jose Ferrer",65,26.4,"RP","SEA","MLB"
714,"Salvador Perez",65,36.2,"C, 1B","KC","MLB"
715,"Yorger Bautista",65,18.8,"OF","SEA","ROK"
716,"Ryan Johnson",65,23.9,"SP, RP","LAA","MLB"
717,"Drew Thorpe",64,25.8,"SP","CWS","ROK"
718,"JoJo Romero",64,29.9,"RP","STL","MLB"
719,"Jeffrey Springs",64,33.8,"SP","ATH","MLB"
720,"Eric Lauer",64,31.1,"SP, RP","LAD","MLB"
721,"Cam Cannarella",63,22.9,"OF","MIA","AAA"
722,"Javier Assad",63,28.9,"SP, RP","CHC","MLB"
723,"Lucas Erceg",63,31.2,"RP","KC","MLB"
724,"Mauricio Dubon",62,32,"2B, 3B, SS, OF","ATL","MLB"
725,"Seranthony Dominguez",62,31.6,"RP","CWS","MLB"
726,"Jorge Polanco",62,33,"2B","NYM","MLB"
727,"Yoendrys Gomez",61,26.8,"SP, RP","MIN","MLB"
728,"Emilio Pagan",61,35.2,"RP","CIN","MLB"
729,"Esteban Mejia",61,19.4,"SP","BAL","A"
730,"JD Dix",61,20.8,"2B","AZ","A+"
731,"Sean Gamble",60,20,"SS","KC","A"
732,"Kodai Senga",60,33.5,"SP","NYM","MLB"
733,"Seth Lugo",59,36.7,"SP","KC","MLB"
734,"Spencer Miles",59,25.9,"SP, RP","TOR","MLB"
735,"Reynaldo Lopez",58,32.5,"SP, RP","ATL","MLB"
736,"Brad Lord",58,26.4,"SP, RP","WSH","MLB"
737,"Paul Sewald",58,36.1,"RP","AZ","MLB"
738,"Bishop Letson",58,21.8,"SP","MIL","AA"
739,"Clayton Beeter",56,27.8,"RP","WSH","MLB"
740,"Brody Brecht",56,23.8,"SP","COL","A+"
741,"Patrick Forbes",56,22,"SP","AZ","A+"
742,"Endy Rodriguez",55,26.1,"C, 1B","PIT","MLB"
743,"Kenley Jansen",55,38.8,"RP","DET","MLB"
744,"Alejandro Rosario",54,24.5,"SP","WSH","AA"
745,"Ramon Laureano",54,32,"OF","SD","MLB"
746,"Kevin Kelly",54,28.6,"RP","TB","MLB"
747,"Giancarlo Stanton",53,36.7,"OF, UT","NYY","MLB"
748,"Edgardo Henriquez",53,24.1,"RP","LAD","MLB"
749,"Dylan Lesko",53,22.9,"RP","TB","A"
750,"Anthony Santander",51,31.7,"OF, UT","TOR","AAA"
751,"Briggs McKenzie",50,19.8,"SP","ATL","A+"
752,"Luke Raley",50,31.8,"1B, OF","SEA","MLB"
753,"Tyler Mahle",49,31.8,"SP","SF","MLB"
754,"Ching-Hsien Ko",48,19.9,"OF","LAD","A"
755,"Hogan Harris",47,29.6,"RP","ATH","MLB"
756,"Ramon Marquez",47,20.8,"SP","PHI","A+"
757,"Charlee Soto",47,20.9,"SP","MIN","A"
758,"Paul Goldschmidt",47,38.9,"1B","NYY","MLB"
759,"Brailer Guerrero",47,20.1,"OF","TB","A"
760,"Will Vest",45,31.1,"RP","DET","MLB"
761,"Walker Buehler",44,31.9,"SP","SD","MLB"
762,"Lourdes Gurriel Jr.",44,32.8,"OF","AZ","MLB"
763,"Oswald Peraza",44,26.1,"1B, 2B, 3B, SS","LAA","MLB"
764,"Antonio Senzatela",44,31.5,"SP, RP","COL","MLB"
765,"Tink Hence",44,23.9,"SP","STL","AAA"
766,"Anthony Kay",43,31.3,"SP, RP","CWS","MLB"
767,"Cody Ponce",43,32.2,"SP","TOR","MLB"
768,"Zach Eflin",43,32.3,"SP","BAL","MLB"
769,"Bryan King",42,29.7,"RP","HOU","MLB"
770,"Denzer Guzman",42,22.4,"3B, SS","LAA","MLB"
771,"Jose Cabrera",42,24.1,"SP","AZ","MLB"
772,"Rico Garcia",42,32.5,"RP","BAL","MLB"
773,"Jake Mangum",41,30.4,"OF","PIT","MLB"
774,"Hunter Gaddis",41,28.3,"RP","CLE","MLB"
775,"Caleb Kilian",41,29.1,"SP, RP","SF","MLB"
776,"Sean Manaea",41,34.5,"SP, RP","NYM","MLB"
777,"Luis Severino",40,32.4,"SP","ATH","MLB"
778,"Tony Santillan",40,29.3,"RP","CIN","MLB"
779,"Brendan Summerhill",40,22.7,"OF","TB","A"
780,"Jose Berrios",40,32.1,"SP","TOR","AAA"
781,"Merrill Kelly",39,37.8,"SP","AZ","MLB"
782,"Adolis Garcia",39,33.4,"OF","PHI","MLB"
783,"Ildemaro Vargas",39,35,"1B, 2B","AZ","MLB"
784,"J.T. Realmuto",38,35.3,"C","PHI","MLB"
785,"Zack Littell",38,30.8,"SP, RP","WSH","MLB"
786,"Jason Adam",38,34.9,"RP","SD","MLB"
787,"Luke Weaver",37,32.9,"RP","NYM","MLB"
788,"Aaron Civale",35,31.1,"SP","CHC","MLB"
789,"Chris Bassitt",35,37.4,"SP","BAL","MLB"
790,"Martin Perez",35,35.3,"SP","ATL","MLB"
791,"Yusei Kikuchi",35,35.1,"SP","LAA","MLB"
792,"Dylan Lee",35,31.9,"RP","ATL","MLB"
793,"2028 Late 3rd",35,,"","",""
794,"Lucas Giolito",35,32,"SP","SD","MLB"
795,"David Peterson",34,30.9,"SP, RP","CHC","MLB"
796,"Cameron Cauley",34,23.4,"2B, SS, OF","TEX","MLB"
797,"Emanuel Luna",34,17.5,"OF","STL","ROK"
798,"Brad Keller",33,30.9,"RP","PHI","MLB"
799,"Gage Stanifer",33,22.7,"SP, RP","TOR","AA"
800,"Vance Honeycutt",33,23.2,"OF","BAL","A+"
801,"Lenyn Sosa",31,26.5,"1B, 2B","TOR","MLB"
802,"TJ Friedl",31,30.9,"OF","CIN","MLB"
803,"Tyler Rogers",31,35.6,"RP","TOR","MLB"
804,"Eduard Bazardo",31,30.9,"RP","SEA","MLB"
805,"Enddy Azocar",30,19.4,"OF","BOS","A+"
806,"Zach McKinstry",29,31.2,"2B, 3B, SS, OF","DET","MLB"
807,"Dennis Santana",29,30.3,"RP","PIT","MLB"
808,"Cedric Mullins",29,31.8,"OF","TB","MLB"
809,"Carlos Estevez",29,33.6,"RP","KC","MLB"
810,"Ethan Pecko",28,23.9,"SP","HOU","AAA"
811,"Hao-Yu Lee",28,23.5,"2B, 3B","DET","MLB"
812,"Marcus Semien",27,35.8,"2B","NYM","MLB"
813,"Fernando Cruz",27,36.3,"RP","NYY","MLB"
814,"Jorge Soler",26,34.4,"OF","LAA","MLB"
815,"Marcell Ozuna",26,35.7,"UT","PIT","MLB"
816,"Joc Pederson",26,34.2,"UT","TEX","MLB"
817,"Tyler Wells",25,31.9,"SP, RP","BAL","MLB"
818,"Garrett Cleavinger",25,32.2,"RP","TB","MLB"
819,"Robert Garcia",25,30.1,"RP","TEX","MLB"
820,"JP Sears",25,30.4,"SP","SD","MLB"
821,"Victor Caratini",24,32.9,"C, 1B","MIN","MLB"
822,"Ryan Walker",23,30.6,"RP","SF","MLB"
823,"Jake Cronenworth",22,32.5,"1B, 2B, SS","SD","MLB"
824,"Jameson Taillon",21,34.7,"SP","CHC","MLB"
825,"Henry Lalane",21,22.2,"SP","NYY","A+"
826,"Kyle Finnegan",21,34.9,"RP","DET","MLB"
827,"Christian Oppor",20,21.9,"SP","CWS","AA"
828,"Colin Rea",19,36,"SP","CHC","MLB"
829,"Jakob Junis",18,33.8,"SP, RP","TEX","MLB"
830,"Thomas Harrington",18,25,"RP","PIT","AAA"
831,"Joshua Kuroda-Grauer",18,23.5,"SS","ATH","MLB"
832,"Sam Bachman",15,26.8,"RP","LAA","MLB"
833,"Alex Lange",15,30.8,"RP","KC","MLB"
834,"Tomoyuki Sugano",15,36.8,"SP","COL","MLB"
835,"Jeff McNeil",13,34.3,"2B, OF","ATH","MLB"
836,"Sebastian Dos Santos",13,18.5,"SS","STL","A"
837,"Jonathan India",13,29.6,"2B, 3B, OF","KC","MLB"
838,"Andrew Benintendi",12,32,"OF","CWS","MLB"
839,"Andrew Morris",11,24.9,"SP, RP","MIN","MLB"
840,"John Cruz",10,20.9,"OF","MIA","ROK"
841,"A.J. Blubaugh",10,26,"SP, RP","HOU","MLB"
842,"Dillon Head",10,21.8,"OF","MIA","A+"
843,"Luis Baez",10,22.5,"OF","HOU","AA"
844,"Prelander Berroa",10,26.3,"SP, RP","CWS","ROK"
845,"Ryan Bliss",10,26.6,"2B","SEA","MLB"
846,"Josh Knoth",10,20.9,"SP","MIL","A+"
847,"Brando Mayea",10,20.8,"OF","NYY","A"
848,"Joey Oakie",10,20.2,"SP","CLE","A"
849,"Frank Mozzicato",10,23.1,"SP","KC","AA"
850,"Ty Floyd",10,24.9,"SP","CIN","A+"
851,"Colin Houck",10,21.8,"3B, SS","NYM","A+"
852,"Marco Raya",10,23.9,"SP, RP","MIN","MLB"
853,"Rece Hinds",10,25.9,"OF","MIA","MLB"
854,"Wikelman Gonzalez",10,24.3,"RP","CWS","AAA"
855,"Jorbit Vivas",10,25.4,"2B, 3B","WSH","MLB"
856,"Jackson Rutledge",10,27.3,"RP","PHI","MLB"
857,"Ivan Melendez",10,26.5,"1B","AZ","AAA"
858,"Cristian Hernandez",10,22.6,"SS","MIA","AA"
859,"Blade Tidwell",10,25.1,"SP, RP","SF","MLB"
860,"Trey Sweeney",10,26.2,"SS","DET","AAA"
861,"Gregory Santos",10,26.9,"RP","SF","MLB"
862,"Mac Horvath",10,24.9,"2B, OF","TB","AA"
863,"Pedro Leon",10,28.1,"OF","PHI","AAA"
864,"Yu-Min Lin",10,23,"SP","AZ","AAA"
865,"Johan Oviedo",10,28.4,"SP","BOS","MLB"
866,"Gordon Graceffo",10,26.3,"RP","STL","MLB"
867,"Luis Medina",10,27.2,"SP, RP","ATH","MLB"
868,"Adam Mazur",10,25.2,"SP","MIA","AAA"
869,"Walker Martin",10,22.4,"3B, SS","SF","A+"
870,"Jhonkensy Noel",10,25,"OF","BAL","AAA"
871,"Taylor Walls",10,30,"SS","TB","MLB"
872,"Hyun-Seok Jang",10,22.3,"SP","LAD","A"
873,"Carlos Rodriguez",10,24.6,"RP","MIL","MLB"
874,"Cole Wilcox",10,27,"RP","SEA","MLB"
875,"German Marquez",10,31.4,"SP","SD","MLB"
876,"Kyle Freeland",10,33.2,"SP","COL","MLB"
877,"A.J. Puk",10,31.2,"RP","AZ","AAA"
878,"Lonnie White Jr.",10,23.5,"OF","PIT","AA"
879,"Gunnar Hoglund",10,26.6,"SP","ATH","AAA"
880,"Jake Gelof",10,24.4,"2B, 3B","LAD","AA"
881,"Bryse Wilson",10,28.6,"SP, RP","MIL","MLB"
882,"Jay Allen",10,23.7,"OF","CIN","AA"
883,"Mike Boeve",10,24.2,"1B","MIL","AA"
884,"Jaden Hamm",10,23.9,"SP","DET","AA"
885,"Jalen Beeks",10,33,"SP, RP","TEX","MLB"
886,"Cooper Criswell",10,29.9,"RP","SEA","MLB"
887,"Jeral Perez",10,21.7,"2B, SS","CWS","AA"
888,"Mitch Spence",10,28.2,"SP, RP","KC","MLB"
889,"Ken Waldichuk",10,28.5,"SP, RP","WSH","MLB"
890,"Ricardo Cabrera",10,21.7,"3B","CIN","A+"
891,"Josiah Gray",10,28.6,"SP","WSH","AA"
892,"Daniel Lynch",10,29.7,"SP, RP","KC","MLB"
893,"Denzel Clarke",10,26.2,"OF","ATH","MLB"
894,"Kevin Pillar",10,37.5,"OF","TEX","AA"
895,"Edmundo Sosa",10,30.4,"2B, 3B, SS, OF","PHI","MLB"
896,"Griff McGarry",10,27.1,"SP, RP","LAD","AAA"
897,"Payton Martin",10,22.2,"SP","LAD","AA"
898,"Nathan Martorella",10,25.4,"1B","MIA","AAA"
899,"Drey Jameson",10,28.9,"RP","AZ","MLB"
900,"Maddux Bruns",10,24.1,"SP","LAD","AA"
901,"Wenceel Perez",10,26.7,"OF","DET","MLB"
902,"Fernando Cruz",10,19.7,"SS","CHC","ROK"
903,"Anthony Gutierrez",10,21.6,"OF","TEX","A+"
904,"Dylan Moore",10,33.9,"1B, 2B, 3B, OF","PHI","MLB"
905,"Blake Wolters",10,21.7,"SP","KC","A+"
906,"Nick Yorke",10,24.3,"2B, 3B","PIT","MLB"
907,"Brock Porter",10,23.1,"RP","TEX","A+"
908,"Joey Bart",10,29.6,"C","ATL","MLB"
909,"Gavin Cross",10,25.4,"OF","KC","AAA"
910,"Jonathan Cannon",10,26,"SP","CWS","MLB"
911,"Chayce McDermott",10,27.9,"RP","LAD","MLB"
912,"Woo Suk Go",10,27.9,"RP","MIN","MLB"
913,"Dustin Harris",10,27,"OF","SD","MLB"
914,"Cristhian Vaquero",10,21.8,"OF","WSH","A+"
915,"Hayden Wesneski",10,28.6,"SP","HOU","AAA"
916,"Michael Massey",10,28.3,"2B, OF","KC","MLB"
917,"Bryan Ramos",10,24.4,"3B","BAL","AAA"
918,"Brennen Davis",10,26.7,"OF","SEA","AAA"
919,"Jonny Deluca",10,28,"OF","TB","MLB"
920,"Jose Perdomo",10,19.8,"SS","ATL","A"
921,"Elijah Green",10,22.6,"OF","WSH","A+"
922,"Lance McCullers Jr.",10,32.8,"SP","MIL","MLB"
923,"Brusdar Graterol",10,27.9,"RP","LAD","AAA"
924,"Joey Loperfido",10,27.2,"OF","HOU","MLB"
925,"Miguel Bleis",10,22.4,"OF","BOS","AA"
926,"Diego Cartaya",10,24.9,"C","SF","A+"
927,"Liover Peguero",10,25.5,"SS","PHI","AAA"
928,"Danny Jansen",10,31.3,"C","TEX","MLB"
929,"Tyrone Taylor",10,32.5,"OF","NYM","MLB"
930,"Bryan Hudson",10,29.2,"SP, RP","CWS","MLB"
931,"Reed Garrett",10,33.5,"RP","NYM","AA"
932,"Mike Tauchman",10,35.6,"OF","NYM","A"
933,"Mitchell Parker",10,26.8,"SP, RP","WSH","MLB"
934,"Jose Urquidy",10,31.2,"RP","PIT","MLB"
935,"Abraham Toro",10,29.6,"1B, 3B","KC","AAA"
936,"Cole Sands",10,29,"SP, RP","MIN","MLB"
937,"Robert Hassell",10,24.9,"OF","PIT","AAA"
938,"Blake Perkins",10,29.9,"OF","MIL","MLB"
939,"Erik Swanson",10,32.9,"RP","TOR","ROK"
940,"Phil Maton",10,33.3,"RP","CHC","MLB"
941,"Jairo Iriarte",10,24.6,"SP, RP","CWS","AAA"
942,"Samuel Zavala",10,22,"OF","CWS","AA"
943,"Mike Vasil",10,26.3,"SP, RP","CWS","MLB"
944,"Mason Black",10,26.6,"RP","KC","MLB"
945,"Cooper Hjerpe",10,25.3,"SP","STL","AA"
946,"Tobias Myers",10,27.9,"SP, RP","NYM","MLB"
947,"Tony Gonsolin",10,32.2,"SP","FA","AAA"
948,"George Valera",10,25.7,"OF","CLE","MLB"
949,"Wander Franco",10,25.4,"SS","TB",""
950,"Drew Waters",10,27.6,"OF","KC","AAA"
951,"Jacob Berry",10,25.2,"2B, 3B, OF","MIA","AAA"
952,"Kristian Robinson",10,25.6,"OF","AZ","AAA"
953,"Logan Evans",10,25.1,"SP","SEA","AAA"
954,"Yophery Rodriguez",10,20.6,"OF","BOS","A+"
955,"Liam Hendriks",10,37.4,"RP","CHC","AAA"
956,"Joey Wiemer",10,27.4,"OF","WSH","MLB"
957,"Jhony Brito",10,28.4,"RP","SD","MLB"
958,"Forrest Whitley",10,28.8,"RP","TB","AAA"
959,"Brandon Williamson",10,28.3,"SP","CIN","MLB"
960,"Rayner Arias",10,20.2,"OF","SF","ROK"
961,"Ben Lively",10,34.4,"SP","CLE","AAA"
962,"Cade Povich",10,26.3,"SP","BAL","MLB"
963,"Mason Montgomery",10,26.1,"SP, RP","PIT","MLB"
964,"Dylan Carlson",10,27.7,"OF","PHI","MLB"
965,"Albert Suarez",10,36.8,"RP","BAL","MLB"
966,"Tyler Alexander",10,32,"SP, RP","TEX","MLB"
967,"Kevin Parada",10,24.9,"C","NYM","AAA"
968,"Brandon Barriera",10,22.4,"SP","TOR","A"
969,"Austin Gomber",10,32.7,"SP","ATL","AAA"
970,"Landon Knack",10,29,"SP","LAD","MLB"
971,"Paulino Santana",10,19.7,"OF","TEX","A"
972,"Kyle Wright",10,30.8,"SP","CHC","AA"
973,"Gabe Speier",10,31.3,"RP","SEA","MLB"
974,"Justin Lawrence",10,31.6,"RP","WSH","MLB"
975,"Benny Montgomery",10,23.9,"OF","COL","AA"
976,"Wilmer Flores",10,25.4,"RP","DET","A"
977,"Romy Gonzalez",10,29.9,"1B, 2B","BOS","MLB"
978,"Christian Vazquez",10,35.9,"C","HOU","MLB"
979,"Pedro Pages",10,27.8,"C","STL","MLB"
980,"Leo Jimenez",10,25.2,"2B, 3B","MIA","MLB"
981,"Dane Myers",10,30.4,"OF","CIN","MLB"
982,"Nathan Lukes",10,32,"OF","TOR","MLB"
983,"Brett Wichrowski",10,23.9,"SP","MIL","AAA"
984,"Aaron Schunk",10,28.9,"SS","ATL","AAA"
985,"Rafael Marchan",10,27.4,"C","PHI","MLB"
986,"Seth Halvorsen",10,26.4,"RP","COL","MLB"
987,"Ben Casparius",10,27.4,"SP, RP","LAD","MLB"
988,"Andrew Walters",10,25.6,"RP","CLE","AAA"
989,"Kyren Paris",10,24.7,"2B, OF","LAA","AAA"
990,"Johnathan Rodriguez",10,26.7,"OF","BAL","MLB"
991,"Troy Taylor",10,24.9,"RP","SEA","AAA"
992,"Richard Fitts",10,26.6,"SP","STL","AAA"
993,"Sam Aldegheri",10,24.8,"SP","LAA","MLB"
994,"Yoniel Curet",10,23.7,"SP","DET","AAA"
995,"Gary Gill Hill",10,21.8,"SP","TB","AA"
996,"Yordanny Monegro",10,23.8,"SP","BOS","AA"
997,"Charles McAdoo",10,24.4,"3B","TOR","MLB"
998,"Seth Johnson",10,27.8,"RP","PHI","MLB"
999,"PJ Morlando",10,21.2,"OF","MIA","A"
1000,"Pavin Smith",10,30.4,"1B","AZ","MLB"
1001,"Malcolm Moore",10,22.9,"C","TEX","AA"
1002,"Rob Refsnyder",10,35.3,"OF, UT","SEA","MLB"
1003,"Keegan Akin",10,31.3,"SP, RP","BAL","MLB"
1004,"Jacob Stallings",10,36.6,"C","FA","AAA"
1005,"Nick Fortes",10,29.7,"C","TB","MLB"
1006,"Walker Janek",10,23.8,"C","HOU","AA"
1007,"Alejandro Osuna",10,23.8,"OF","TEX","MLB"
1008,"Levi Sterling",10,19.9,"SP","PIT","A"
1009,"Billy Amick",10,23.7,"1B, 3B","MIN","AA"
1010,"Jud Fabian",10,25.8,"OF","BAL","AAA"
1011,"Jhancarlos Lara",10,23.5,"SP, RP","WSH","AA"
1012,"Jeremy Rodriguez",10,20,"2B, 3B, SS","NYM","A"
1013,"Joe Whitman",10,24.8,"SP","SF","AAA"
1014,"Luke Dickerson",10,20.9,"2B, SS","WSH","A"
1015,"Andry Lara",10,23.5,"RP","WSH","AAA"
1016,"Jaden Hill",10,26.6,"RP","COL","MLB"
1017,"A.J. Vukovich",10,24.9,"OF","AZ","AAA"
1018,"Reggie Crawford",10,25.6,"RP","SF","ROK"
1019,"Pablo Guerrero",10,19.9,"1B","TEX","A"
1020,"Dominic Keegan",10,25.9,"C","BAL","AAA"
1021,"Colton Ledbetter",10,24.7,"OF","STL","AAA"
1022,"Cory Lewis",10,25.8,"SP, RP","MIN","AA"
1023,"Jansel Luis",10,21.4,"2B, 3B","AZ","AA"
1024,"Luis Merejo",10,20.1,"1B, OF","CLE","ROK"
1025,"Zander Mueth",10,21.1,"SP","PIT","A"
1026,"Gabriel Rincones Jr.",10,25.4,"OF","PHI","MLB"
1027,"Jorge Barrosa",10,25.4,"OF","AZ","MLB"
1028,"Ky Bush",10,26.7,"SP","CWS","MLB"
1029,"Cade Marlowe",10,29.1,"OF","ATH","AAA"
1030,"Marc Church",10,25.3,"RP","TEX","AAA"
1031,"Tirso Ornelas",10,26.4,"OF","SD","AA"
1032,"Craig Yoho",10,26.7,"RP","MIL","MLB"
1033,"Zach Maxwell",10,25.5,"RP","CIN","MLB"
1034,"K.C. Hunt",10,26,"SP","TB","AAA"
1035,"Sean Sullivan",10,23.9,"SP","COL","MLB"
1036,"Alan Roden",10,26.6,"OF","MIN","MLB"
1037,"Eduardo Beltre",10,19.8,"OF","MIN","A"
1038,"Jeter Martinez",10,20.4,"SP","PIT","A"
1039,"Griffin Burkholder",10,20.9,"OF","PHI","A"
1040,"Brandon Winokur",10,21.6,"3B, SS, OF","MIN","AA"
1041,"Ben Kudrna",10,23.5,"SP","KC","AAA"
1042,"Yasser Mercedes",10,21.7,"OF","MIN","A+"
1043,"Winston Santos",10,24.3,"SP","TEX","MLB"
1044,"Braylin Morel",10,20.5,"OF","TEX","A"
1045,"Adolfo Sanchez",10,19.8,"OF","CIN","ROK"
1046,"Tim Herrin",10,29.8,"RP","CLE","MLB"
1047,"Jose Trevino",10,33.6,"C","CIN","MLB"
1048,"Colby Thomas",10,25.5,"OF","ATH","MLB"
1049,"Ryan Fernandez",10,28.1,"RP","STL","MLB"
1050,"Porter Hodge",10,25.4,"RP","CHC","AAA"
1051,"Cionel Perez",10,30.2,"SP, RP","NYM","MLB"
1052,"Cristian Mena",10,23.6,"RP","AZ","AAA"
1053,"Dedniel Nunez",10,30.1,"RP","NYM","AAA"
1054,"Daniel Schneemann",10,29.5,"2B, 3B, SS, OF","CLE","MLB"
1055,"George Wolkow",10,20.5,"OF","CWS","A+"
1056,"Sam Hentges",10,30,"RP","SF","MLB"
1057,"Kyle Higashioka",10,36.2,"C","TEX","MLB"
1058,"Jake Bloss",10,25.1,"SP","TOR","AAA"
1059,"Shay Whitcomb",10,27.8,"2B","HOU","MLB"
1060,"Sem Robberse",10,24.8,"SP","STL","A"
1061,"Blake Walston",10,25.1,"SP","AZ","MLB"
1062,"Blake Treinen",10,38.1,"RP","LAD","MLB"
1063,"Matthew Lugo",10,25.2,"OF","KC","AAA"
1064,"Miguel Rojas",10,37.4,"2B, 3B, SS","LAD","MLB"
1065,"Joey Estes",10,24.8,"SP","ATH","MLB"
1066,"Korey Lee",10,27.9,"C","CWS","AAA"
1067,"Enmanuel Bonilla",10,20.5,"OF","TOR","A"
1068,"Max Schuemann",10,29.1,"2B, 3B, SS, OF","NYY","MLB"
1069,"Brennan Bernardino",10,34.5,"SP, RP","COL","MLB"
1070,"Ryan Thompson",10,34.1,"RP","AZ","MLB"
1071,"Yilber Diaz",10,25.9,"RP","DET","MLB"
1072,"Vidal Brujan",10,28.4,"3B, SS, OF","NYM","MLB"
1073,"Erik Miller",10,28.4,"RP","SF","MLB"
1074,"Miguel Andujar",10,31.4,"3B, OF","SD","MLB"
1075,"Tyler Phillips",10,28.7,"SP, RP","MIA","MLB"
1076,"Brooks Baldwin",10,25.9,"2B, 3B, SS, OF","CWS","AAA"
1077,"Adrian Del Castillo",10,26.8,"C","AZ","MLB"
1078,"Jerar Encarnacion",10,28.7,"OF","SF","MLB"
1079,"Will Wagner",10,27.9,"1B, 3B","SD","MLB"
1080,"Andres Chaparro",10,27.2,"1B","WSH","MLB"
1081,"Grant McCray",10,25.6,"OF","SF","MLB"
1082,"Drue Hackenberg",10,24.3,"SP","ATL","AAA"
1083,"Eric Bitonti",10,20.7,"1B","MIL","A+"
1084,"Jacob Webb",10,32.9,"RP","CHC","MLB"
1085,"Drew Romo",10,24.9,"C","CWS","MLB"
1086,"Ramon Urias",10,32.1,"2B, 3B","STL","MLB"
1087,"Brant Hurter",10,27.9,"SP, RP","DET","MLB"
1088,"Manuel Rodriguez",10,29.9,"RP","TB","AAA"
1089,"Jose Tena",10,25.3,"3B","WSH","MLB"
1090,"Julian Aguiar",10,25.1,"SP","CIN","AAA"
1091,"Jack Kochanowicz",10,25.6,"SP","LAA","MLB"
1092,"Welbyn Francisca",10,20.2,"SS","CLE","A+"
1093,"Emiliano Teodo",10,25.4,"SP, RP","TEX","MLB"
1094,"Nacho Alvarez Jr.",10,23.3,"3B","ATL","AAA"
1095,"Tyler Fitzgerald",10,28.8,"2B","LAD","AAA"
1096,"Santiago Espinal",10,31.7,"2B, 3B, OF","TEX","MLB"
1097,"Victor Vodnik",10,26.8,"RP","COL","MLB"
1098,"Valente Bellozo",10,26.5,"SP, RP","COL","MLB"
1099,"David Peralta",10,38.9,"OF","SD","AAA"
1100,"Tyler Kinley",10,35.5,"RP","ATL","MLB"
1101,"Osvaldo Bido",10,30.8,"SP, RP","CWS","MLB"
1102,"Calvin Faucher",10,30.8,"RP","MIA","MLB"
1103,"Alex Call",10,31.8,"OF","LAD","MLB"
1104,"Tommy Kahnle",10,36.9,"RP","BOS","MLB"
1105,"Luis Campusano",10,27.8,"C","SD","MLB"
1106,"Luis Garcia",10,29.6,"SP","NYY","ROK"
1107,"Davis Schneider",10,27.5,"2B, OF","TOR","MLB"
1108,"Tyler Locklear",10,25.6,"1B","AZ","MLB"
1109,"Austin Hays",10,31,"OF","CWS","MLB"
1110,"Jose Siri",10,30.9,"OF","LAA","MLB"
1111,"Jonah Heim",10,31.1,"C","ATH","MLB"
1112,"David Festa",10,26.4,"SP","MIN","AAA"
1113,"Jason Heyward",10,36.9,"OF","SD","AAA"
1114,"Jake Eder",10,27.8,"RP","LAD","MLB"
1115,"Everson Pereira",10,25.3,"OF","CWS","MLB"
1116,"Jordan Wicks",10,26.9,"SP, RP","CHC","MLB"
1117,"Anthony Solometo",10,23.6,"SP","PIT","AA"
1118,"Chris Paddack",10,30.5,"SP","TEX","MLB"
1119,"J.P. France",10,31.3,"RP","HOU","MLB"
1120,"Chase Silseth",10,26.2,"RP","LAA","MLB"
1121,"Nestor Cortes",10,31.6,"SP","FA","A+"
1122,"Graham Pauley",10,25.8,"3B","MIA","MLB"
1123,"Wilmer Flores",10,34.9,"1B","FA","MLB"
1124,"Craig Kimbrel",10,38.1,"RP","TB","MLB"
1125,"Starling Marte",10,37.8,"OF, UT","KC","MLB"
1126,"Nelson Velazquez",10,27.6,"OF","STL","MLB"
1127,"MJ Melendez",10,27.6,"OF","NYM","MLB"
1128,"Anthony Rizzo",10,36.9,"1B","NYY","AA"
1129,"Jonatan Clase",10,24.2,"OF","TOR","MLB"
1130,"Max Kepler",10,33.4,"OF","AZ","MLB"
1131,"Ty Madden",10,26.4,"SP, RP","DET","MLB"
1132,"Kris Bryant",10,34.5,"UT","COL","MLB"
1133,"Gavin Stone",10,27.8,"SP","LAD","MLB"
1134,"Logan Allen",10,27.9,"SP","CLE","MLB"
1135,"Yanquiel Fernandez",10,23.5,"OF","NYY","AAA"
1136,"Justyn-Henry Malloy",10,26.4,"OF","TB","AAA"
1137,"Luis Matos",10,24.5,"OF","MIL","MLB"
1138,"Orlando Arcia",10,31.9,"1B, 2B, 3B, SS","MIN","MLB"
1139,"Cody Bradford",10,28.4,"SP, RP","TEX","AAA"
1140,"Tyler Anderson",10,36.6,"SP","LAA","MLB"
1141,"Tanner Houck",10,30.1,"SP","BOS","AA"
1142,"Ronel Blanco",10,32.9,"SP","HOU","AAA"
1143,"Trey Lipscomb",10,26.1,"1B, 3B, SS","WSH","AAA"
1144,"Rowdy Tellez",10,31.3,"1B","ATL","MLB"
1145,"Matt Strahm",10,34.7,"RP","KC","MLB"
1146,"Mitch Garver",10,35.5,"C","SEA","MLB"
1147,"Andrew McCutchen",10,39.8,"OF, UT","ATL","MLB"
1148,"Brock Stewart",10,34.8,"RP","LAD","MLB"
1149,"Pierce Johnson",10,35.2,"RP","CIN","MLB"
1150,"Nick Madrigal",10,29.4,"2B, 3B","TB","MLB"
1151,"Freddy Fermin",10,31.2,"C","SD","MLB"
1152,"Randal Grichuk",10,34.9,"OF, UT","CWS","MLB"
1153,"Caleb Ferguson",10,30,"RP","CIN","MLB"
1154,"Justin Slaten",10,28.8,"RP","BOS","MLB"
1155,"Ryan Yarbrough",10,34.5,"SP, RP","NYY","MLB"
1156,"Michael Kopech",10,30.2,"RP","FA","AAA"
1157,"James Paxton",10,37.7,"SP","LAD","MLB"
1158,"Jose Alvarado",10,31.2,"RP","PHI","MLB"
1159,"Patrick Sandoval",10,29.8,"SP","BOS","MLB"
1160,"Alek Manoah",10,28.5,"SP","LAA","MLB"
1161,"Paul Blackburn",10,32.6,"SP, RP","NYY","MLB"
1162,"Matt Mervis",10,28.3,"1B","WSH","AAA"
1163,"Carlos Jorge",10,22.8,"OF","CIN","AAA"
1164,"Jordan Hicks",10,29.9,"SP, RP","CWS","MLB"
1165,"Michael Conforto",10,33.4,"OF","CHC","MLB"
1166,"Jurickson Profar",10,33.4,"OF","ATL","AAA"
1167,"Oswaldo Cabrera",10,27.4,"3B","NYY","MLB"
1168,"Chase Davis",10,24.6,"OF","STL","AAA"
1169,"Drew Gilbert",10,25.8,"OF","SF","MLB"
1170,"Ryan McMahon",10,31.6,"3B","NYY","MLB"
1171,"Sean Murphy",10,31.8,"C","ATL","MLB"
1172,"Ryan Mountcastle",10,29.4,"1B","BAL","MLB"
1173,"Christopher Morel",10,27.1,"1B, OF","NYM","MLB"
1174,"Ronny Mauricio",10,25.3,"3B","NYM","MLB"
1175,"Esteury Ruiz",10,27.4,"OF","MIA","MLB"
1176,"Tyler O'Neill",10,31.1,"OF","BAL","MLB"
1177,"Rhys Hoskins",10,33.3,"1B","CLE","MLB"
1178,"Justin Foscue",10,27.4,"1B, 2B","TEX","MLB"
1179,"Jace Jung",10,25.8,"3B","DET","MLB"
1180,"Chas McCormick",10,31.2,"OF","CHC","AAA"
1181,"Justin Verlander",10,43.4,"SP","DET","MLB"
1182,"Vaughn Grissom",10,25.5,"1B, 2B, 3B","LAA","MLB"
1183,"Ryan Pressly",10,37.6,"RP","CHC","MLB"
1184,"Jeimer Candelario",10,32.6,"3B","LAA","MLB"
1185,"Jack Suwinski",10,27.9,"OF","LAD","AAA"
1186,"Roderick Arias",10,21.9,"SS","NYY","A+"
1187,"Adbert Alzolay",10,31.4,"RP","NYM","AAA"
1188,"Gavin Lux",10,28.7,"2B, OF","TB","AAA"
1189,"Nolan Jones",10,28.2,"OF","CWS","AAA"
1190,"Christian Encarnacion-Strand",10,26.6,"1B","BAL","MLB"
1191,"Emmanuel Clase",10,28.3,"RP","CLE","MLB"
1192,"Ha-Seong Kim",10,30.8,"SS","ATL","MLB"
1193,"Bo Naylor",10,26.4,"C","CLE","MLB"
1194,"Bobby Miller",10,27.3,"SP, RP","LAD","AAA"
1195,"Nick Castellanos",10,34.4,"OF","SD","MLB"
1196,"Masataka Yoshida",10,33,"UT","BOS","MLB"
1197,"Camilo Doval",10,29,"RP","NYY","MLB"
1198,"Jarred Kelenic",10,27,"OF","TEX","MLB"
1199,"Eloy Jimenez",10,29.6,"OF","TOR","MLB"
1200,"Heston Kjerstad",10,27.4,"OF","BAL","AAA"
1201,"Jordan Romano",10,33.2,"RP","COL","MLB"
1202,"Edouard Julien",10,27.2,"1B, 2B","COL","MLB"
1203,"Thairo Estrada",10,30.4,"2B","BAL","AAA"
1204,"Tyler Black",10,25.9,"1B","MIL","MLB"
1205,"Alexis Diaz",10,29.8,"RP","TEX","AAA"
1206,"Jordan Montgomery",10,33.6,"SP","TEX","AAA"
1207,"Zach Dezenzo",10,26.2,"OF","HOU","MLB"
1208,"Ke'Bryan Hayes",10,29.5,"3B","CIN","MLB"
1209,"Lane Thomas",10,30.9,"OF","KC","MLB"
1210,"Griffin Canning",10,30.2,"SP","SD","MLB"
1211,"Leody Taveras",10,27.9,"OF","BAL","MLB"
1212,"Brendan Rodgers",10,29.9,"2B","BOS","AAA"
1213,"Bryan De La Cruz",10,29.6,"OF","PHI","AAA"
1214,"Luis Rengifo",10,29.4,"2B, 3B, OF","SD","MLB"
1215,"Joey Ortiz",10,28,"3B, SS","MIL","MLB"
1216,"Nick Nastrini",10,26.4,"SP, RP","LAD","AA"
1217,"Nick Frasso",10,27.8,"SP, RP","LAD","AAA"
1218,"J.D. Martinez",10,38.9,"UT","NYM","A"
1219,"Frankie Montas",10,33.3,"SP","FA","A+"
1220,"Jose Leclerc",10,32.6,"RP","SD","ROK"
1221,"Kutter Crawford",10,30.3,"SP","BOS","AAA"
1222,"Harrison Bader",10,32.1,"OF","SF","MLB"
1223,"Robert Stephenson",10,33.4,"RP","LAA","A"
1224,"Blake Dunn",10,27.9,"OF","CIN","MLB"
1225,"Sterlin Thompson",10,25.1,"OF","COL","MLB"
1226,"Yennier Cano",10,32.4,"RP","BAL","MLB"
1227,"Whit Merrifield",10,37.5,"2B, 3B, OF","ATL","MLB"
1228,"Tommy Pham",10,38.4,"OF","PHI","MLB"
1229,"James Outman",10,29.2,"OF","DET","MLB"
1230,"Henry Davis",10,26.8,"C","PIT","MLB"
1231,"Thomas Saggese",10,24.3,"2B, 3B, SS, OF","STL","MLB"
1232,"Evan Phillips",10,31.9,"RP","LAD","MLB"
1233,"Kyle Hurt",10,28.1,"SP, RP","LAD","MLB"
1234,"Marco Luciano",10,24.9,"OF","NYY","AAA"
1235,"Triston McKenzie",10,28.9,"RP","SD","AAA"
1236,"Max Scherzer",10,41.9,"SP","TOR","MLB"
1237,"Kenta Maeda",10,38.3,"RP","FA","AAA"
1238,"Orelvis Martinez",10,24.7,"2B","WSH","AAA"
1239,"Tekoah Roby",10,24.8,"SP","STL","AA"
1240,"John Means",10,33.2,"SP","KC","A+"
1241,"Yu Darvish",10,39.9,"SP","SD","AAA"
1242,"Jake Fraley",10,31.2,"OF","TB","MLB"
1243,"Will Benson",10,28.1,"OF","CIN","MLB"
1244,"Matt Wallner",10,28.6,"OF","MIN","MLB"
1245,"Juan Brito",10,24.8,"2B, SS","CLE","MLB"
1246,"Yuki Matsui",10,30.7,"RP","SD","MLB"
1247,"Sawyer Gipson-Long",10,28.6,"SP","DET","AAA"
1248,"Connor Phillips",10,25.2,"RP","CIN","MLB"
1249,"Alec Marsh",10,28.2,"SP","KC","MLB"
1250,"Steven Matz",10,35.1,"SP, RP","TB","MLB"
1251,"Michael Grove",10,29.6,"RP","TB","MLB"
1252,"Luke Little",10,25.9,"RP","CHC","MLB"
1253,"Alex Wood",10,35.5,"SP","ATH","MLB"
1254,"Yoan Moncada",10,31.1,"3B","LAA","MLB"
1255,"Matt Vierling",10,29.8,"OF","DET","MLB"
1256,"Michael Toglia",10,27.9,"1B","CIN","AAA"
1257,"Isiah Kiner-Falefa",10,31.3,"2B, 3B, SS","BOS","MLB"
1258,"Gabriel Arias",10,26.4,"2B, 3B, SS","CLE","MLB"
1259,"Kyle Isbel",10,29.4,"OF","KC","MLB"
1260,"Hunter Harvey",10,31.6,"RP","CHC","MLB"
1261,"Kevin Ginkel",10,32.3,"RP","AZ","MLB"
1262,"Jose Quintana",10,37.5,"SP","COL","MLB"
1263,"Nate Pearson",10,29.9,"RP","HOU","MLB"
1264,"Javier Baez",10,33.6,"2B, 3B, SS, OF","DET","MLB"
1265,"Alek Thomas",10,26.2,"OF","LAD","MLB"
1266,"Jake Rogers",10,31.3,"C","DET","MLB"
1267,"Elias Diaz",10,35.7,"C","TEX","MLB"
1268,"Bailey Falter",10,29.2,"SP","KC","MLB"
1269,"Andrew Kittredge",10,36.3,"RP","BAL","MLB"
1270,"Miguel Amaya",10,27.4,"C","CHC","MLB"
1271,"Kevin Kiermaier",10,36.2,"OF","LAD","MLB"
1272,"Braden Shewmake",10,28.7,"2B, 3B, SS","MIL","MLB"
1273,"Dane Dunning",10,31.6,"RP","SEA","AAA"
1274,"Ryan Feltner",10,29.9,"SP","COL","MLB"
1275,"Cole Winn",10,26.6,"RP","TEX","MLB"
1276,"Michael Lorenzen",10,34.5,"SP","COL","MLB"
1277,"Jose Miranda",10,28.1,"3B","SD","AAA"
1278,"Taijuan Walker",10,33.9,"SP, RP","LAA","MLB"
1279,"Mike Clevinger",10,35.6,"RP","PIT","AAA"
1280,"Scott Barlow",10,33.6,"RP","KC","MLB"
1281,"Enrique Hernandez",10,34.9,"1B, 2B, 3B, OF","LAD","MLB"
1282,"Adrian Houser",10,33.5,"SP","SF","MLB"
1283,"Joel Payamps",10,32.3,"RP","ATL","MLB"
1284,"Andrew Nardi",10,27.9,"RP","MIA","MLB"
1285,"Patrick Corbin",10,37,"SP","TOR","MLB"
1286,"Tylor Megill",10,30.9,"SP","NYM","AA"
1287,"DL Hall",10,27.8,"SP, RP","MIL","MLB"
1288,"Mike Yastrzemski",10,35.9,"OF","ATL","MLB"
1289,"Bowden Francis",10,30.2,"SP","TOR","MLB"
1290,"Colin Holderman",10,30.8,"RP","CLE","MLB"
1291,"Amed Rosario",10,30.7,"2B, 3B","NYY","MLB"
1292,"Ty France",10,32,"1B","SD","MLB"
1293,"Ryne Stanek",10,34.9,"RP","STL","MLB"
1294,"Carlos Santana",10,40.3,"1B","ATL","MLB"
1295,"Jared Shuster",10,27.9,"SP, RP","STL","MLB"
1296,"Victor Robles",10,29.2,"OF","SEA","MLB"
1297,"Darell Hernaiz",10,24.9,"2B, 3B, SS","ATH","MLB"
1298,"Cal Quantrill",10,31.4,"SP, RP","TEX","MLB"
1299,"Richie Palacios",10,29.2,"2B, OF","TB","MLB"
1300,"Mark Leiter Jr.",10,35.4,"RP","ATH","MLB"
1301,"Simeon Woods Richardson",10,25.8,"SP, RP","TOR","MLB"
1302,"Connor Wong",10,30.2,"C","BOS","MLB"
1303,"Ross Stripling",10,36.7,"SP, RP","ATH","A"
1304,"Jason Foley",10,30.7,"RP","SF","MLB"
1305,"Jared Triolo",10,28.4,"1B, 2B, 3B, SS","PIT","MLB"
1306,"Adam Frazier",10,34.6,"2B, OF","LAA","MLB"
1307,"Nick Loftin",10,27.8,"2B, 3B, OF","KC","MLB"
1308,"Brooks Raley",10,38.1,"RP","NYM","MLB"
1309,"Travis d'Arnaud",10,37.4,"C","LAA","MLB"
1310,"Enmanuel Valdez",10,27.6,"1B","PIT","AAA"
1311,"Anthony Bender",10,31.5,"RP","MIA","MLB"
1312,"Jordan Leasure",10,27.9,"SP, RP","CWS","MLB"
1313,"Patrick Bailey",10,27.1,"C","CLE","MLB"
1314,"Luis Urias",10,29.1,"2B","TOR","MLB"
1315,"Shelby Miller",10,35.8,"RP","CHC","AAA"
1316,"Yimi Garcia",10,35.9,"RP","TOR","AAA"
1317,"A.J. Minter",10,32.9,"RP","NYM","MLB"
1318,"Will Brennan",10,28.5,"OF","SF","MLB"
1319,"Danny Coulombe",10,36.7,"RP","BOS","MLB"
1320,"Kirby Yates",10,39.3,"RP","LAA","MLB"
1321,"Joe Jimenez",10,31.5,"RP","ATL","MLB"
1322,"Graham Ashcraft",10,28.4,"RP","CIN","MLB"
1323,"Tyler Freeman",10,27.2,"2B, OF","COL","MLB"
1324,"Jake Meyers",10,30.1,"OF","HOU","MLB"
1325,"Matt Waldron",10,29.8,"SP","SD","MLB"
1326,"Ian Hamilton",10,31.1,"RP","ATL","MLB"
1327,"Joey Meneses",10,34.2,"1B","ATH","MLB"
1328,"Josh Rojas",10,32.1,"2B, 3B","KC","MLB"
1329,"David Hamilton",10,28.8,"2B, 3B, SS","MIL","MLB"
1330,"Enyel De Los Santos",10,30.6,"RP","HOU","MLB"
1331,"Joe Kelly",10,38.1,"RP","LAD","A"
1332,"Gary Sanchez",10,33.6,"C","MIL","MLB"
1333,"Chris Martin",10,40.1,"RP","TEX","MLB"
1334,"Daniel Hudson",10,39.4,"RP","LAD","MLB"
1335,"Wandy Peralta",10,34.9,"SP, RP","SD","MLB"
1336,"Austin Martin",10,27.3,"OF","MIN","MLB"
1337,"Jorge Mateo",10,31.1,"SS, OF","ATL","MLB"
1338,"Trevor Williams",10,34.2,"SP","WSH","AAA"
1339,"Taylor Rogers",10,35.6,"RP","MIN","MLB"
1340,"Yariel Rodriguez",10,29.4,"RP","TOR","MLB"
1341,"LaMonte Wade Jr.",10,32.5,"1B, OF","HOU","MLB"
1342,"Michael A. Taylor",10,35.3,"OF","FA","MLB"
1343,"David Fry",10,30.7,"OF, UT","CLE","MLB"
1344,"Tyler Holton",10,30.1,"SP, RP","DET","MLB"
1345,"Kyle Gibson",10,38.7,"SP","TB","A+"
1346,"Miles Mikolas",10,37.9,"SP, RP","WSH","MLB"
1347,"Johan Rojas",10,25.9,"OF","PHI","AAA"
1348,"Jose Butto",10,28.3,"RP","SF","MLB"
1349,"Josh Smith",10,28.9,"1B, 2B, 3B, SS, OF","TEX","MLB"
1350,"Erick Fedde",10,33.4,"SP, RP","CWS","MLB"
1351,"James McArthur",10,29.6,"RP","KC","MLB"
1352,"Keaton Winn",10,28.4,"RP","SF","MLB"
1353,"Jake Irvin",10,29.4,"SP","WSH","MLB"
1354,"John Schreiber",10,32.4,"RP","KC","MLB"
1355,"Ronny Henriquez",10,26.1,"RP","MIA","MLB"
1356,"Drew Pomeranz",10,37.7,"SP, RP","CHC","MLB"
1357,"Colton Gordon",10,27.6,"SP","MIL","MLB"
1358,"Victor Figueroa",10,22.5,"1B","BAL","A+"
1359,"Jose Anderson",10,19.6,"OF","MIL","A"
1360,"Jake Bird",10,30.6,"RP","NYY","MLB"
1361,"Greg Weissert",10,31.5,"RP","BOS","MLB"
1362,"Creed Willems",10,23.1,"C, 1B","BAL","AAA"
1363,"Brandon Walter",10,29.9,"SP","HOU","AAA"
1364,"Ryan Ritter",10,25.7,"2B, SS","COL","MLB"
1365,"Isaac Collins",10,28.9,"OF","KC","MLB"
1366,"Jacob Lopez",10,28.4,"SP","ATH","MLB"
1367,"Hoby Milner",10,35.5,"RP","CHC","MLB"
1368,"Shawn Armstrong",10,35.9,"SP, RP","CLE","MLB"
1369,"Janson Junk",10,30.5,"SP","MIA","MLB"
1370,"Ryan Bergert",10,26.4,"SP","KC","AAA"
1371,"Huascar Brazoban",10,36.8,"SP, RP","NYM","MLB"
1372,"Hunter Dobbins",10,26.9,"SP","STL","MLB"
1373,"Justin Sterner",10,29.9,"RP","ATH","MLB"
1374,"Steven Okert",10,35,"SP, RP","HOU","MLB"
1375,"Sean Newcomb",10,33.1,"SP, RP","CWS","MLB"
1376,"Jared Young",10,31,"1B","NYM","MLB"
1377,"Ben Williamson",10,25.7,"2B, 3B, SS","TB","MLB"
1378,"Eli White",10,32.1,"OF","ATL","MLB"
1379,"Sean Linan",10,21.7,"SP","NYY","A+"
1380,"Leo Rivas",10,28.8,"2B, 3B, SS","SEA","MLB"
1381,"Daysbel Hernandez",10,29.8,"RP","ATL","AAA"
1382,"Zach Agnos",10,25.9,"SP, RP","COL","MLB"
1383,"Luis Mey",10,25.1,"RP","CIN","MLB"
1384,"Tim Elko",10,27.6,"1B","CWS","A+"
1385,"Otto Kemp",10,26.9,"1B, 3B, OF","PHI","MLB"
1386,"Ryan Vilade",10,27.4,"1B, OF","TB","MLB"
1387,"Felipe De La Cruz",10,25.1,"SP, RP","NYM","AAA"
1388,"Ryan Zeferjahn",10,28.4,"RP","LAA","MLB"
1389,"Jordan Yost",10,19.6,"SS","DET","A"
1390,"Darell Morel",10,18.8,"SS","PIT","A"
1391,"T.J. Nichols",10,24.1,"SP","TB","AA"
1392,"Drew Anderson",10,32.3,"SP, RP","DET","MLB"
1393,"McCade Brown",10,25.9,"SP","COL","AA"
1394,"Blaine Crim",10,29.1,"1B","TEX","AAA"
1395,"Kai-Wei Teng",10,27.6,"SP, RP","HOU","MLB"
1396,"Myles Straw",10,31.8,"OF","TOR","MLB"
1397,"Tristan Gray",10,30.3,"2B, 3B, SS","MIN","MLB"
1398,"Zach Cole Jr.",10,25.9,"OF","HOU","MLB"
1399,"Jahmai Jones",10,28.9,"OF","BOS","MLB"
1400,"Brock Burke",10,29.9,"RP","CIN","MLB"
1401,"Andruw Monasterio",10,29.1,"1B, 2B, SS","BOS","MLB"
1402,"David Morgan",10,26.7,"SP, RP","SD","MLB"
1403,"Mason Fluharty",10,24.9,"SP, RP","TOR","MLB"
1404,"Angel Zerpa",10,26.8,"SP, RP","MIL","MLB"
1405,"Junior Perez",10,25,"OF","CWS","MLB"
1406,"Luis Torrens",10,30.2,"C","NYM","MLB"
1407,"Bennett Sousa",10,31.3,"RP","HOU","MLB"
1408,"Caleb Thielbar",10,39.5,"RP","CHC","MLB"
1409,"Joey Wentz",10,28.8,"SP, RP","ATL","MLB"
1410,"Warming Bernabel",10,24.1,"1B","WSH","AAA"
1411,"Tanner Gordon",10,28.7,"SP, RP","COL","MLB"
1412,"Justin Topa",10,35.4,"RP","KC","MLB"
1413,"Andrew Alvarez",10,27.1,"SP, RP","WSH","MLB"
1414,"David Davalillo",10,25.1,"SP","TEX","AAA"
1415,"Matt Svanson",10,27.5,"RP","STL","MLB"
1416,"Jeremiah Jackson",10,26.3,"2B, 3B, OF","BAL","MLB"
1417,"Andrew Saalfrank",10,28.9,"RP","AZ","ROK"
1418,"Mitch Farris",10,25.4,"SP, RP","LAA","MLB"
1419,"Jason Alexander",10,33.4,"SP","HOU","MLB"
1420,"Greg Jones",10,28.4,"OF","MIL","MLB"
1421,"Jack Neely",10,26.1,"RP","CHC","AAA"
1422,"JT Brubaker",10,32.7,"RP","SF","MLB"
1423,"Moises Chace",10,23.1,"SP","PHI","AA"
1424,"Max Acosta",10,23.7,"3B","MIA","AAA"
1425,"Jackson Baumeister",10,24,"SP","TB","AA"
1426,"William Bergolla",10,21.7,"SS","CWS","AAA"
1427,"Eric Wagaman",10,28.9,"1B, OF","NYM","MLB"
1428,"Keiner Delgado",10,22.5,"2B, 3B","PIT","AAA"
1429,"Carter Holton",10,23.9,"SP","ATL","A"
1430,"Michael Kennedy",10,21.6,"SP","CLE","A+"
1431,"Jun-Seok Shim",10,22.3,"RP","NYM","ROK"
1432,"Echedry Vargas",10,21.4,"3B","MIA","A"
1433,"Cayden Wallace",10,24.9,"3B","WSH","AAA"
1434,"Tsung-Che Cheng",10,24.9,"SS","BOS","MLB"
1435,"Shinnosuke Ogasawara",10,28.8,"SP, RP","WSH","AAA"
1436,"Homer Bush Jr.",10,24.8,"OF","TB","AAA"
1437,"Hiro Wyatt",10,21.9,"SP","KC","A"
1438,"Nazzan Zanetello",10,21.2,"2B, SS","BOS","A+"
1439,"Tyler Gentry",10,27.5,"OF","DET","AAA"
1440,"Billy Cook",10,27.5,"OF","PIT","MLB"
1441,"Griffin Conine",10,29,"OF","MIA","MLB"
1442,"Nick Mears",10,29.8,"RP","KC","MLB"
1443,"Niko Kavadas",10,27.7,"1B","LAA","AAA"
1444,"Jared Serna",10,24.1,"2B, SS","MIA","AAA"
1445,"Jared Koenig",10,32.5,"RP","MIL","MLB"
1446,"Michael Petersen",10,32.2,"RP","MIA","MLB"
1447,"Kyle Farmer",10,35.9,"1B, 2B, 3B, SS","ATL","MLB"
1448,"Hunter Bigge",10,28.1,"RP","TB","MLB"
1449,"Wilber Dotel",10,23.8,"SP, RP","PIT","MLB"
1450,"Diego Tornes",10,18,"OF","ATL","ROK"
1451,"Brailyn Antunez",10,18.6,"OF","MIL","ROK"
1452,"Tyler Callihan",10,26.1,"OF","PIT","MLB"
1453,"Anthony Banda",10,32.9,"RP","MIN","MLB"
1454,"Derek Hill",10,30.6,"OF","PHI","MLB"
1455,"Brendon Little",10,29.9,"RP","TOR","MLB"
1456,"Tim Tawa",10,27.3,"1B, 2B, OF","AZ","MLB"
1457,"Jack Dreyer",10,27.4,"SP, RP","LAD","MLB"
1458,"Ryan Gusto",10,27.4,"SP, RP","MIA","MLB"
1459,"Randy Rodriguez",10,26.9,"RP","SF","MLB"
1460,"Carlos Narvaez",10,27.6,"C","BOS","MLB"
1461,"Kameron Misner",10,28.5,"OF","KC","MLB"
1462,"Eiberson Castellano",10,25.2,"RP","COL","MLB"
1463,"Justin Lamkin",10,22.1,"SP","KC","AA"
1464,"Ryan Forcucci",10,23.6,"SP","HOU","A"
1465,"Evan Reifert",10,27.2,"RP","TB","AAA"
1466,"Matt Canterino",10,28.6,"SP","MIN","AAA"
1467,"Nestor German",10,24.4,"SP","BAL","AAA"
1468,"Mavis Graves",10,22.7,"SP","PHI","A+"
1469,"Eddie Rynders",10,20.7,"3B","PIT","A"
1470,"Maykel Coret",10,18.8,"OF","TB","ROK"
1471,"Kyle Hart",10,33.7,"SP, RP","SD","MLB"
1472,"Jonah Cox",10,24.9,"OF","SF","MLB"
1473,"Myles Naylor",10,21.3,"3B","ATH","A+"
1474,"Tyson Neighbors",10,23.8,"RP","BAL","AA"
1475,"Eriq Swan",10,24.7,"SP","WSH","AA"
1476,"Aaron Bummer",10,32.8,"SP, RP","CHC","MLB"
1477,"Gage Workman",10,26.7,"3B","DET","MLB"
1478,"Will Simpson",10,24.9,"1B","TB","AAA"
1479,"Sung-Mun Song",10,29.9,"2B, 3B","SD","MLB"
1480,"Isaac Mattson",10,31,"RP","PIT","MLB"
1481,"Brenan Hanifee",10,28.1,"SP, RP","DET","MLB"
1482,"Juan Cabada",10,18.2,"2B","CHC","ROK"
1483,"Kyler Fedko",10,26.8,"1B, OF","MIN","MLB"
1484,"JB Middleton",10,22.6,"SP","COL","A"
1485,"Nolan Schubart",10,22.2,"1B","CLE","AA"
1486,"Carlos Vargas",10,26.8,"RP","SEA","MLB"
1487,"Eduardo Valencia",10,26.5,"C, 1B","DET","MLB"
1488,"Ryan Wideman",10,22.7,"OF","SD","A+"
1489,"Elvis Alvarado",10,27.4,"RP","ATH","MLB"
1490,"Kade Strowd",10,28.8,"RP","AZ","MLB"
1491,"Angel Nunez Jr.",10,17.3,"OF","CIN","ROK"
1492,"Tim Piasentin",10,19.3,"3B","TOR","ROK"
1493,"James Quinn-Irons",10,23.1,"OF","TB","A"
1494,"Kelvis Salcedo",10,20.5,"SP, RP","DET","A"
1495,"Chris Suero",10,22.5,"C, OF","NYM","AA"
1496,"Alfonsin Rosario",10,22.1,"OF","CLE","AAA"
1497,"Chase Shores",10,22.2,"SP, RP","LAA","A+"
1498,"Luke Sinnard",10,23.7,"SP","ATL","A+"
1499,"Johnny Slawinski",10,19.4,"SP","LAA","ROK"
1500,"Luke Stevenson",10,21.9,"C","SEA","A+"
1501,"Joseph Sullivan",10,24,"OF","HOU","AA"
1502,"George Soriano",10,27.3,"RP","STL","MLB"
1503,"Daniel Susac",10,25.2,"C","SF","MLB"
1504,"Quentin Young",10,19.4,"SS","MIN","A"
1505,"Brendan Tunink",10,20.8,"OF","LAD","A"
1506,"Gavin Turley",10,22.7,"OF","ATH","A+"
1507,"Jose Urbina",10,20.7,"SP","TB","A+"
1508,"Mitch Voit",10,21.8,"2B","NYM","A+"
1509,"Ryan Ward",10,28.4,"1B, OF","LAD","MLB"
1510,"Aaron Watson",10,19.5,"SP","CIN","ROK"
1511,"Ryan Weiss",10,29.6,"SP, RP","HOU","MLB"
1512,"Malachi Witherspoon",10,21.9,"SP","DET","A"
1513,"J.D. Thompson",10,22.8,"SP","MIL","A+"
1514,"Dominic Smith",10,31.1,"1B","ATL","MLB"
1515,"Brandon Lockridge",10,29.3,"OF","MIL","MLB"
1516,"Jonathan Loaisiga",10,31.7,"RP","AZ","MLB"
1517,"Jose Suarez",10,28.5,"SP, RP","ATH","MLB"
1518,"Anthony Nunez",10,25,"RP","BAL","MLB"
1519,"Grant Anderson",10,29.1,"RP","MIL","MLB"
1520,"Cody Bolton",10,28.1,"SP, RP","HOU","MLB"
1521,"Brent Headrick",10,28.6,"RP","NYY","MLB"
1522,"Landyn Vidourek",10,22.7,"OF","LAD","A"
1523,"Yohan Ramirez",10,31.2,"RP","PIT","MLB"
1524,"Grant Wolfram",10,29.6,"RP","BAL","MLB"
1525,"Joel Kuhnel",10,31.4,"RP","MIL","MLB"
1526,"Felix Reyes",10,25.3,"1B, OF","PHI","MLB"
1527,"Jesse Scholtens",10,32.3,"SP, RP","TB","MLB"
1528,"Gus Varland",10,29.7,"RP","WSH","MLB"
1529,"Taylor Clarke",10,33.2,"RP","AZ","MLB"
1530,"JT Quinn",10,22.2,"SP, RP","BAL","A+"
1531,"Juan Morillo",10,27.3,"RP","AZ","MLB"
1532,"Will Watson",10,23.7,"SP","NYM","AA"
1533,"Aidan West",10,19.2,"SS","LAD","ROK"
1534,"Josh White",10,25.6,"SP, RP","MIA","MLB"
1535,"Fabricio Blanco",10,17.8,"SS","TB","ROK"
1536,"Riley Cornelio",10,26.1,"SP, RP","WSH","MLB"
1537,"Juan Rijo",10,17.9,"OF","SEA","ROK"
1538,"Elian Rosario",10,17.8,"3B","TEX","ROK"
1539,"Santiago Solarte",10,17.7,"SS","MIA","ROK"
1540,"John King",10,31.8,"SP, RP","MIA","MLB"
1541,"Ixan Henderson",10,24,"SP","STL",""
1542,"RJ Schreck",10,25,"OF","TOR",""
1543,"Parks Harber",10,24,"3B","SF",""
1544,"Ryan Lambert",10,23,"RP","NYM",""
1545,"Dillon Lewis",10,22,"OF","MIA",""
1546,"Lucas Ramirez",10,20,"OF","LAA",""
1547,"Tim Hill",10,36.4,"RP","NYY","MLB"
1548,"Cole Sulser",10,36.4,"SP, RP","TB","MLB"
1549,"Victor Valdez",10,17.8,"SS","TB","ROK"
1550,"Braxton Bragg",10,25.7,"SP","BAL","AA"
1551,"Jacob Bresnahan",10,21.1,"SP","SF","A+"
1552,"Argenis Cayama",10,19.8,"SP","SF","A"
1553,"Brandon Compton",10,22.7,"OF","MIA","AA"
1554,"Dean Curley",10,22.3,"SS","CLE","AA"
1555,"Gabriel Davalillo",10,18.7,"C","LAA","A"
1556,"Korbyn Dickerson",10,22.7,"OF","SEA","A"
1557,"Elorky Rodriguez",10,18.6,"OF","TEX","ROK"
1558,"Ethan Dorchies",10,19.7,"SP, RP","MIL","A+"
1559,"Daniel Eagen",10,23.7,"SP","AZ","AA"
1560,"Brady Ebel",10,18.9,"SS","MIL","A"
1561,"Aron Estrada",10,21.5,"2B, OF","BAL","AA"
1562,"Yhoiker Fajardo",10,19.8,"SP","STL","A+"
1563,"Jaden Fauske",10,19.7,"OF","CWS","A"
1564,"Dauri Fernandez",10,19.4,"SS","CLE","A"
1565,"Matthew Fisher",10,20.3,"SP","PHI","A"
1566,"Marco Dinges",10,22.9,"C","MIL","A+"
1567,"Coleman Crow",10,25.6,"SP","MIL","MLB"
1568,"Eric Orze",10,28.9,"RP","MIN","MLB"
1569,"Brycen Mautz",10,25,"SP","STL","MLB"
1570,"Cody Freeman",10,25.5,"2B","TEX","MLB"
1571,"Luinder Avila",10,24.9,"SP, RP","KC","MLB"
1572,"Jesus Rodriguez",10,24.2,"C","SF","MLB"
1573,"Rafael Flores",10,25.7,"1B","PIT","MLB"
1574,"Juaron Watts-Brown",10,24.4,"SP","BAL","AA"
1575,"Max Belyeu",10,22.6,"OF","COL","A+"
1576,"Brandyn Garcia",10,26.1,"RP","AZ","MLB"
1577,"Will Klein",10,26.6,"SP, RP","LAD","MLB"
1578,"Mason Barnett",10,25.7,"SP, RP","ATH","MLB"
1579,"Joe Rock",10,25.9,"RP","CWS","MLB"
1580,"Hayden Alvarez",10,19.3,"OF","LAA","A"
1581,"Jadher Areinamo",10,22.6,"2B, SS","TB","AA"
1582,"Cristian Arguelles",10,19.1,"OF","COL","ROK"
1583,"Nick Becker",10,19.6,"SS","SEA","ROK"
1584,"Henry Baez",10,23.8,"SP","ATH","AA"
1585,"Dean Moss",10,20.3,"OF","TB","A"
1586,"Braden Nett",10,24.1,"SP","ATH","AAA"
1587,"Mason Neville",10,22.5,"OF","CIN","A+"
1588,"Cade Obermueller",10,22.9,"SP","PHI","A"
1589,"Michael Oliveto",10,19.5,"C","DET","ROK"
1590,"Deniel Ortiz",10,21.9,"1B, 3B","STL","AA"
1591,"Austin Overn",10,23.2,"OF","TB","AA"
1592,"Josh Owens",10,19.5,"SS, SP","TEX","ROK"
1593,"Christian Franklin",10,26.6,"OF","WSH","AAA"
1594,"Marcus Phillips",10,21.9,"SP","BOS","A+"
1595,"Emilien Pitre",10,23.8,"2B, SS","TB","AA"
1596,"Raudy Reyes",10,17.9,"SP","ATL","ROK"
1597,"Yandel Ricardo",10,19.8,"SS","KC","A"
1598,"Zach Thornton",10,24.5,"SP, RP","NYM","MLB"
1599,"Bryan Torres",10,29,"C, 2B, OF","STL","MLB"
1600,"Mickey Gasper",10,30.8,"C","BOS","MLB"
1601,"Roc Riggio",10,24.1,"2B","COL","AA"
1602,"Ethan Petry",10,22.1,"OF","WSH","AA"
1603,"Marconi German",10,18.9,"2B, SS","WSH","ROK"
1604,"Henry Godbout",10,22.7,"2B","BOS","A+"
1605,"Asbel Gonzalez",10,20.5,"OF","KC","A+"
1606,"Trey Gregory-Alford",10,20.2,"SP","LAA","A"
1607,"David Hagaman",10,23.3,"SP","AZ","A+"
1608,"Tyson Hardin",10,24.7,"SP","MIL","AAA"
1609,"Josh Hartle",10,23.3,"SP","CLE","AA"
1610,"Griffin Herring",10,23.2,"SP","COL","AA"
1611,"Nick Morabito",10,23.2,"OF","NYM","MLB"
1612,"Antwone Kelly",10,22.9,"SP","PIT","MLB"
1613,"Arnaldo Lantigua",10,20.6,"OF","CIN","A"
1614,"Cam Leiter",10,22.5,"SP","LAD","A"
1615,"Alex Lodise",10,22.4,"SS","ATL","A"
1616,"Michael Lombardi",10,22.8,"SP, RP","KC","A"
1617,"Miguel Mendez",10,24,"RP","SD","AA"
1618,"Ryan Mitchell",10,19.5,"SS","STL","A"
1619,"Edgar Montero",10,19.7,"SS","ATH","A"
1620,"Coy James",10,19.4,"SS","WSH","A"
1621,"Yovanny Rodriguez",10,19.7,"C","NYM","ROK"
1622,"Victor Acosta",10,22.1,"2B, SS","CIN","A+"
1623,"Adriel Radney",10,19.1,"OF","AZ","ROK"
1624,"Robert Arias",10,19.8,"OF","CLE","A"
1625,"Carson Palmquist",10,25.8,"SP","WSH","MLB"
1626,"Cole Mathis",10,22.9,"3B","NYM","A+"
1627,"Tanner Burns",10,27.6,"RP","CLE","AAA"
1628,"Brandon Birdsell",10,26.3,"SP","CHC","ROK"
1629,"Aaron Zavala",10,26.1,"OF","TEX","AAA"
1630,"Dawel Joseph",10,19.2,"3B","SEA","ROK"
1631,"Yolfran Castillo",10,19.4,"3B, SS","TEX","A+"
1632,"Asa Lacy",10,27.1,"SP, RP","KC","AA"
1633,"Owen Hall",10,20.7,"SP","DET","ROK"
1634,"Kale Fountain",10,20.9,"1B","SD","A"
1635,"Luis Guanipa",10,20.6,"OF","ATL","A"
1636,"Caleb Lomavita",10,23.7,"C","WSH","AA"
1637,"Enmanuel Tejeda",10,21.6,"2B","NYY","A+"
1638,"Yeremi Cabrera",10,21,"OF","WSH","A+"
1639,"Matt Allan",10,25.3,"SP","NYM","A+"
1640,"Kala'i Rosario",10,24,"OF","MIN","AAA"
1641,"Bryan Acuna",10,20.9,"3B, SS","MIN","A"
1642,"Jimmy Crooks",10,25,"C","STL","MLB"
1643,"Cesar Prieto",10,27.2,"2B","STL","MLB"
1644,"Cole Henry",10,27,"RP","WSH","MLB"
1645,"Bryce Meccage",10,20.3,"SP","MIL","A+"
1646,"Owen Wild",10,23.9,"SP","TB","AAA"
1647,"Mikey Romero",10,22.5,"2B, 3B, SS","BOS","AAA"
1648,"Michael Morales",10,23.9,"SP","SEA","AA"
1649,"Victor Lizarraga",10,22.6,"SP","SD","AA"
1650,"Victor Mesa Jr.",10,24.9,"OF","TB","MLB"
1651,"Carlson Reed",10,23.6,"SP","PIT","A+"
1652,"Boston Bateman",10,20.8,"SP","BAL","A+"
1653,"Justin Campbell",10,25.4,"SP","CLE","AAA"
1654,"Lucas Braun",10,24.9,"SP","ATL","AAA"
1655,"Wade Meckler",10,26.2,"OF","LAA","MLB"
1656,"Luis Cova",10,19.5,"OF","MIA","A"
1657,"Steven Zobac",10,25.8,"SP","KC","AA"
1658,"Adam Macko",10,25.6,"SP, RP","TOR","MLB"
1659,"Justice Bigbie",10,27.5,"OF","DET","AA"
1660,"Joswa Lugo",10,19.5,"SS","LAA","ROK"
1661,"Aeverson Arteaga",10,23.3,"SS","SF","AAA"
1662,"Griff O'Ferrall",10,23.5,"2B, SS","BAL","AA"
1663,"Ramon Ramirez",10,21.1,"C","KC","A+"
1664,"Mason Adams",10,26.4,"SP","CWS","AAA"
1665,"Landon Sims",10,25.5,"RP","AZ","AAA"
1666,"Cooper Kinney",10,23.5,"2B, 3B","TB","AAA"
1667,"Austin Charles",10,22.7,"3B, SS","KC","A+"
1668,"Trevor Harrison",10,20.9,"SP","TB","A+"
1669,"Luke Holman",10,23.5,"SP","CIN","ROK"
1670,"Gabriel Hughes",10,24.9,"SP","COL","MLB"
1671,"Mitch Jebb",10,24.2,"2B, OF","PIT","AAA"
1672,"Chase Mobley",10,20.1,"SP","CLE","A"
1673,"Tyron Guerrero",10,35.5,"RP","BOS","MLB"
1674,"Jack Hurley",10,24.4,"OF","AZ","AAA"
1675,"Carter Johnson",10,20.4,"2B, SS","MIA","A+"
1676,"Victor Bericoto",10,24.6,"1B, OF","SF","MLB"
1677,"Will Bednar",10,26.1,"RP","SF","AAA"
1678,"Thatcher Hurd",10,23.6,"SP, RP","NYY","A"
1679,"Cobb Hightower",10,21.3,"SS","BAL","A"
1680,"Drew Beam",10,23.4,"SP","KC","AA"
1681,"Chen-Wei Lin",10,24.7,"SP","STL","AA"
1682,"Cade Kuehler",10,24.2,"SP","ATL","A+"
1683,"Walter Ford",10,21.6,"SP","SEA","A+"
1684,"Dakota Jordan",10,23.2,"OF","SF","AA"
1685,"Dylan Dreiling",10,23.3,"OF","TEX","AA"
1686,"Payton Eeles",10,26.7,"2B, SS","BAL","AAA"
1687,"Jose Ramos",10,25.5,"OF","NYM","AA"
1688,"Dom Hamel",10,27.4,"RP","NYY","AAA"
1689,"Cole Phillips",10,23.1,"SP","MIL","AAA"
1690,"Samuel Munoz",10,21.8,"OF","LAD","A+"
1691,"Yairo Padilla",10,19.1,"SS","STL","A"
1692,"Franco Aleman",10,26.1,"RP","CLE","MLB"
1693,"Ronan Kopp",10,23.9,"SP, RP","LAD","AAA"
1694,"Victor Hurtado",10,19.2,"OF","WSH","ROK"
1695,"Leo Balcazar",10,22.1,"2B, SS","CIN","AA"
1696,"Eddys Leonard",10,25.7,"2B, 3B, OF","MIL","AAA"
1697,"Dameury Pena",10,20.9,"2B","MIN","A+"
1698,"Raudi Rodriguez",10,23,"OF","LAA","AA"
1699,"Ryan Kreidler",10,28.7,"SS, OF","MIN","MLB"
1700,"Adam Serwinowski",10,22.1,"SP","LAD","AA"
1701,"Franklin Primera",10,19.1,"C","BOS","A"
1702,"Devin Saltiban",10,21.4,"2B, OF","PHI","A+"
1703,"Jhonny Severino",10,21.7,"2B, 3B","PIT","A+"
1704,"Adrian Santana",10,21,"SS","TB","A+"
1705,"Derniche Valdez",10,20.3,"OF","CHC","A"
1706,"Kohl Drake",10,26,"SP","AZ","AAA"
1707,"Jesus Baez",10,21.4,"3B, SS","STL","AA"
1708,"Ethan Anderson",10,22.8,"C, 1B","BAL","AA"
1709,"Anthony Seigler",10,27.1,"2B, 3B","BOS","MLB"
1710,"Conrad Cason",10,19.9,"SP","BOS","ROK"
1711,"Carlos Colmenarez",10,22.7,"3B, SS","TB","AAA"
1712,"Donovan Walton",10,32.2,"2B, 3B","ATH","MLB"
1713,"Daiber De Los Santos",10,19.8,"SS","MIN","ROK"
1714,"Rayne Doncon",10,22.8,"3B","MIN","A+"
1715,"Peyton Pallette",10,25.2,"SP, RP","CWS","MLB"
1716,"Tony Blanco Jr.",10,21.2,"1B","PIT","A+"
1717,"Stiven Martinez",10,18.9,"OF","BAL","A"
1718,"Landen Maroudis",10,21.6,"SP","TOR","A+"
1719,"Austin Hendrick",10,25.1,"OF","CIN","AAA"
1720,"Dyan Jorge",10,23.3,"2B, SS","COL","AA"
1721,"Eduardo Herrera",10,19.7,"1B","CWS","ROK"
1722,"Garrett Baumann",10,21.9,"SP","ATL","AAA"
1723,"Osleivis Basabe",10,25.8,"2B, 3B, SS","SF","AAA"
1724,"Carson DeMartini",10,23.6,"3B, SS","PHI","AA"
1725,"Calvin Ziegler",10,23.8,"SP","NYM","A+"
1726,"Kyle DeBarge",10,23,"2B, SS","MIN","AA"
1727,"Chris Cortez",10,23.8,"SP","LAA","AA"
1728,"Jared Thomas",10,23,"OF","COL","ROK"
1729,"Brock Selvidge",10,23.9,"SP","NYY","ROK"
1730,"Marco Vargas",10,21.2,"2B, SS","NYM","AA"
1731,"Dax Fulton",10,24.8,"SP","MIA","MLB"
1732,"Manuel Beltre",10,22.1,"SS","TOR","A+"
1733,"Jorge Quintana",10,19.3,"SS","SD","A"
1734,"Roberto Campos",10,23.1,"OF","DET","A+"
1735,"Jedixson Paez",10,22.5,"SP","BOS","MLB"
1736,"Will Dion",10,26.3,"SP, RP","CLE","MLB"
1737,"Hedbert Perez",10,23.3,"OF","TOR","AA"
1738,"Humberto Cruz",10,19.6,"SP","SD","ROK"
1739,"Cristofer Torin",10,21.1,"2B, SS","AZ","AA"
1740,"Doug Nikhazy",10,26.9,"SP, RP","CHC","MLB"
1741,"Miguel Ullola",10,24.1,"SP","HOU","MLB"
1742,"Sammy Stafura",10,21.7,"SS","PIT","A+"
1743,"Jose Corniell",10,23.1,"RP","TEX","MLB"
1744,"Won-Bin Cho",10,22.9,"OF","STL","AA"