rank,team,age,teamId,full_name,playerId,atBats,runs,hits,doubles,triples,homeRuns,obp,ops,slg,rbi,baseOnBalls,strikeOuts,stolenBases,caughtStealing,leftOnBase,totalBases,avg,position,sportAbbrev
1,cle,23,,Travis Bazzana,683953,15,2,3,1,0,1,.368,.835,.467,4,4,4,1,0,5,7,.200,2B,MLB
1,hou,23,,Brice Matthews,694728,16,3,3,1,1,0,.278,.653,.375,2,2,8,0,0,6,6,.188,SS,MLB
1,nyy,20,,George Lombard Jr.,806146,26,4,6,0,0,2,.286,.748,.462,4,1,8,1,1,11,12,.231,SS,MLB
1,la,20,,Josue De Paula,800543,9,4,4,1,0,0,.615,1.171,.556,3,3,2,0,0,5,5,.444,RF,MLB
1,pit,19,,Konnor Griffin,804606,11,3,2,0,0,1,.250,.705,.455,2,0,3,1,0,3,5,.182,SS,MLB
1,ari,23,,Ryan Waldschmidt,814439,16,4,2,1,0,1,.318,.693,.375,3,3,4,0,0,12,6,.125,CF,MLB
1,chc,22,,Moises Ballesteros,694208,20,7,7,0,0,2,.409,1.059,.650,3,2,3,0,0,11,13,.350,C,MLB
1,det,21,,Kevin McGonigle,805808,10,3,4,1,0,1,.538,1.338,.800,3,3,3,0,0,3,8,.400,SS,MLB
1,tex,19,,Sebastian Walcott,806964,9,3,4,3,0,1,.500,1.611,1.111,3,1,1,0,0,2,10,.444,SS,MLB
1,cws,22,,Braden Montgomery,695731,6,2,2,0,0,0,.556,.889,.333,1,3,3,0,0,1,2,.333,OF,MLB
1,oak,19,,Leo De Vries,815888,18,1,2,1,0,0,.238,.405,.167,0,3,6,0,0,6,3,.111,SS,MLB
1,tb,22,,Carson Williams,700246,32,1,9,2,1,0,.343,.749,.406,1,3,9,2,1,12,13,.281,SS,MLB
1,kc,22,,Carter Jensen,695600,20,2,2,1,0,1,.250,.550,.300,2,4,5,1,0,8,6,.100,C,MLB
1,sd,19,,Ethan Salas,806956,9,2,1,1,0,0,.429,.651,.222,1,5,2,0,0,11,2,.111,C,MLB
1,bal,21,,Samuel Basallo,694212,31,5,7,0,1,2,.286,.770,.484,8,2,11,0,0,18,15,.226,C,MLB
1,sea,20,,Colt Emerson,806068,17,3,2,1,0,1,.318,.671,.353,1,4,3,2,1,7,6,.118,SS,MLB
1,stl,23,,JJ Wetherholt,802139,20,6,2,0,0,1,.308,.558,.250,3,6,5,3,0,7,5,.100,SS,MLB
1,sf,21,,Bryce Eldridge,805811,11,2,2,0,0,1,.250,.705,.455,2,1,8,0,0,5,5,.182,1B,MLB
1,bos,20,,Franklin Arias,808265,3,0,2,1,0,0,.667,1.667,1.000,1,0,0,0,0,1,3,.667,SS,MLB
1,cin,22,,Sal Stewart,701398,24,2,7,2,0,1,.393,.893,.500,2,4,5,2,0,11,12,.292,3B,MLB
1,mil,18,,Jesús Made,815908,3,0,0,0,0,0,.250,.250,.000,0,1,0,0,1,1,0,.000,SS,MLB
2,cin,20,,Alfredo Duno,806957,3,0,0,0,0,0,.000,.000,.000,0,0,3,0,0,2,0,.000,C,MLB
2,la,21,,Zyhir Hope,814307,24,4,5,1,0,1,.269,.644,.375,3,2,9,2,0,9,9,.208,CF,MLB
2,mil,19,,Luis Peña,821270,2,1,0,0,0,0,.333,.333,.000,0,1,0,1,0,4,0,.000,SS,MLB
2,bal,24,,Dylan Beavers,687637,19,3,6,1,0,1,.381,.907,.526,3,2,4,0,0,4,10,.316,RF,MLB
2,phi,21,,Aidan Miller,805795,11,2,2,1,0,0,.357,.630,.273,0,3,3,0,0,8,3,.182,SS,MLB
2,ari,19,,Slade Caldwell,815154,7,1,1,0,0,0,.333,.476,.143,0,2,6,0,0,3,1,.143,OF,MLB
2,was,22,,Harry Ford,695670,19,5,8,1,0,1,.538,1.170,.632,6,5,3,3,0,9,12,.421,C,MLB
2,nym,23,,Carson Benge,701807,1,0,0,0,0,0,.000,.000,.000,0,0,1,0,0,0,0,.000,OF,MLB
2,det,21,,Max Clark,703601,11,2,3,1,0,0,.308,.672,.364,3,1,3,0,0,7,4,.273,CF,MLB
3,hou,23,,Walker Janek,801075,2,0,1,0,0,0,.500,1.000,.500,0,0,1,0,0,2,1,.500,C,MLB
3,min,19,,Eduardo Tait,806953,2,0,0,0,0,0,.000,.000,.000,0,0,0,0,0,4,0,.000,C,MLB
3,cle,21,,Angel Genao,694197,6,1,2,0,0,0,.429,.762,.333,1,1,2,0,0,6,2,.333,3B,MLB
3,phi,22,,Justin Crawford,702222,11,4,4,0,0,0,.462,.826,.364,0,2,1,2,0,4,4,.364,CF,MLB
3,col,23,,Cole Carrigg,694249,19,2,3,2,0,1,.200,.621,.421,5,1,9,2,0,6,8,.158,1B,MLB
3,tor,20,,Arjun Nimmala,805796,10,1,2,1,0,1,.182,.782,.600,4,0,4,0,0,5,6,.200,SS,MLB
3,det,21,,Josue Briceño,800522,11,2,1,0,0,1,.167,.531,.364,1,1,3,0,0,7,4,.091,C,MLB
3,sea,21,,Lazaro Montes,703155,18,5,5,1,0,2,.435,1.102,.667,7,5,8,0,0,8,12,.278,RF,MLB
3,mil,22,,Jett Williams,702518,11,1,2,0,0,0,.400,.582,.182,1,4,3,0,0,3,2,.182,SS,MLB
3,cin,20,,Tyson Lewis,815653,1,0,0,0,0,0,.000,.000,.000,0,0,1,0,0,1,0,.000,SS,MLB
4,chc,23,,Kevin Alcantara,682634,28,5,7,3,0,0,.300,.657,.357,4,2,12,1,0,19,10,.250,RF,MLB
4,nym,21,,Jacob Reimer,702544,1,0,0,0,0,0,.000,.000,.000,0,0,0,0,0,1,0,.000,3B,MLB
4,mil,21,,Cooper Pratt,806198,21,2,8,3,0,0,.409,.933,.524,6,1,4,0,0,10,11,.381,SS,MLB
4,bal,24,,Enrique Bradfield Jr.,690961,9,5,2,0,0,1,.462,1.018,.556,4,3,2,3,1,5,5,.222,CF,MLB
4,ari,21,,Demetrio Crisantes,702679,16,1,3,1,0,0,.316,.566,.250,1,3,5,1,0,18,4,.188,SS,MLB
4,tb,25,,Jacob Melton,689200,12,2,4,0,0,0,.333,.666,.333,2,0,5,3,0,0,4,.333,LF,MLB
4,cle,23,,Cooper Ingle,694876,14,2,5,0,0,0,.444,.801,.357,5,3,4,0,0,5,5,.357,C,MLB
4,nyy,24,,Spencer Jones,682987,32,5,8,2,0,3,.333,.927,.594,7,4,16,2,0,15,19,.250,CF,MLB
4,la,24,,Alex Freeland,690976,10,3,3,0,0,1,.417,1.017,.600,1,0,6,0,0,4,6,.300,SS,MLB
5,nym,21,,A.J. Ewing,805999,2,0,0,0,0,0,.000,.000,.000,0,0,1,0,0,0,0,.000,LF,MLB
5,stl,22,,Leonardo Bernal,699024,13,3,5,0,0,2,.385,1.231,.846,4,0,1,0,0,7,11,.385,C,MLB
5,ana,19,,Joswa Lugo,815915,2,0,1,0,0,0,.500,1.000,.500,2,0,0,0,0,0,1,.500,SS,MLB
5,cle,20,,Jaison Chourio,702693,11,0,1,0,0,0,.167,.258,.091,0,1,3,0,0,6,1,.091,OF,MLB
5,hou,23,,Joseph Sullivan,813896,12,4,1,0,0,1,.250,.583,.333,3,1,6,0,0,9,4,.083,CF,MLB
5,oak,22,,Henry Bolte,703607,19,4,7,0,0,0,.429,.797,.368,1,2,8,0,1,8,7,.368,RF,MLB
5,phi,21,,Aroon Escobar,800169,2,2,1,0,0,1,.500,2.500,2.000,2,0,0,0,0,1,4,.500,2B,MLB
5,sf,23,,Bo Davidson,815589,8,0,4,2,0,0,.500,1.250,.750,3,0,2,0,0,3,6,.500,LF,MLB
5,det,22,,Thayron Liranzo,699073,25,3,3,1,1,1,.267,.627,.360,6,5,8,0,0,12,9,.120,C,MLB
5,mia,23,,Joe Mack,691788,17,3,6,1,0,0,.421,.833,.412,2,2,3,0,0,6,7,.353,C,MLB
5,ari,24,,Tommy Troy,694371,12,0,5,1,0,0,.462,.962,.500,1,1,0,0,0,9,6,.417,SS,MLB
5,sea,21,,Michael Arroyo,703197,11,2,2,1,0,0,.308,.581,.273,2,1,4,0,0,4,3,.182,SS,MLB
6,mia,20,,Starlyn Caba,806965,4,0,1,0,0,0,.250,.500,.250,0,0,1,0,0,1,1,.250,SS,MLB
6,det,23,,Hao-Yu  Lee,701678,28,5,4,3,0,0,.226,.476,.250,0,2,12,0,0,16,7,.143,2B,MLB
6,cin,21,,Cam Collier,702253,8,1,1,1,0,0,.364,.614,.250,1,3,3,0,0,5,2,.125,3B,MLB
6,chc,24,,Jonathon Long,675085,26,5,4,1,0,0,.267,.459,.192,5,4,5,0,0,19,5,.154,1B,MLB
6,sf,22,,Dakota Jordan,702607,3,1,1,1,0,0,.333,1.000,.667,0,0,0,0,0,1,2,.333,OF,MLB
6,nym,22,,Ryan Clifford,691775,13,2,1,0,0,1,.143,.451,.308,2,1,4,0,0,6,4,.077,1B,MLB
6,bos,22,,Mikey Romero,702540,6,2,4,1,0,1,.714,2.047,1.333,2,1,1,0,0,0,8,.667,SS,MLB
6,pit,23,,Jhostynxon Garcia,691373,21,1,1,0,0,0,.048,.096,.048,0,0,10,0,0,9,1,.048,CF,MLB
6,phi,21,,Dante Nori,807276,1,1,0,0,0,0,.000,.000,.000,0,0,0,0,0,2,0,.000,OF,MLB
7,sea,20,,Felnin Celesten,806958,5,1,2,1,0,0,.333,.933,.600,3,0,2,0,0,3,3,.400,SS,MLB
7,pit,21,,Termarr Johnson,702261,7,0,1,0,0,0,.143,.286,.143,1,0,4,0,0,2,1,.143,2B,MLB
7,oak,22,,Tommy White,695720,7,1,2,0,0,0,.286,.572,.286,0,0,2,0,0,6,2,.286,3B,MLB
7,stl,24,,Jimmy Crooks,699625,8,0,0,0,0,0,.200,.200,.000,0,2,4,0,0,8,0,.000,C,MLB
7,ana,20,,Nelson Rada,703185,21,3,7,0,0,0,.462,.795,.333,6,4,7,0,0,5,7,.333,CF,MLB
7,tor,23,,Yohendrick Pinango,682818,1,0,0,0,0,0,.000,.000,.000,0,0,1,0,0,0,0,.000,LF,MLB
8,ana,22,,Denzer Guzman,694203,9,2,1,0,1,0,.467,.800,.333,1,6,3,0,0,6,3,.111,SS,MLB
8,cin,22,,Edwin Arroyo,695490,27,2,3,0,0,0,.111,.222,.111,2,0,7,1,0,16,3,.111,SS,MLB
8,pit,21,,Sammy Stafura,806230,6,3,3,0,0,1,.625,1.625,1.000,1,2,3,0,1,0,6,.500,SS,MLB
8,min,22,,Gabriel Gonzalez,694224,6,1,3,0,0,0,.500,1.000,.500,0,0,1,0,0,1,3,.500,RF,MLB
8,la,23,,James Tibbs III,696486,3,1,0,0,0,0,.250,.250,.000,0,1,1,0,0,2,0,.000,RF,MLB
8,col,22,,Jared Thomas,703606,1,0,1,1,0,0,1.000,3.000,2.000,0,0,0,0,0,0,2,1.000,CF,MLB
9,tb,22,,Xavier Isaac,800060,9,0,0,0,0,0,.250,.250,.000,0,2,8,0,0,6,0,.000,1B,MLB
9,tex,22,,Malcolm Moore,702270,5,0,2,0,0,0,.500,.900,.400,0,1,2,0,0,1,2,.400,C,MLB
9,cin,21,,Héctor Rodríguez,699302,14,0,5,1,0,0,.357,.786,.429,0,0,2,1,0,10,6,.357,LF,MLB
9,pit,25,,Rafael Flores Jr.,804668,12,1,2,0,0,0,.167,.334,.167,0,0,5,0,0,5,2,.167,C,MLB
9,det,23,,Max Anderson,801194,5,1,1,0,0,1,.200,1.000,.800,1,0,4,0,0,4,4,.200,2B,MLB
9,chc,23,,James Triantos,701649,25,5,7,2,1,0,.296,.736,.440,7,0,7,1,0,10,11,.280,2B,MLB
9,tor,22,,Victor Arias,692478,3,0,0,0,0,0,.000,.000,.000,0,0,0,0,0,3,0,.000,CF,MLB
9,phi,24,,Gabriel Rincones Jr.,687282,23,5,5,0,0,3,.379,.988,.609,7,6,7,0,0,13,14,.217,RF,MLB
9,cle,20,,Ralphy Velazquez,806252,8,2,4,0,0,1,.500,1.375,.875,2,1,2,0,0,1,7,.500,1B,MLB
10,mil,21,,Luke Adams,702726,6,0,1,0,0,0,.286,.453,.167,0,0,2,0,0,1,1,.167,3B,MLB
10,oak,23,,Joshua Kuroda-Grauer,811965,5,1,0,0,0,0,.000,.000,.000,0,0,0,0,0,5,0,.000,SS,MLB
10,ari,23,,LuJames Groover,694410,25,3,5,2,0,1,.259,.659,.400,1,2,8,0,0,12,10,.200,3B,MLB
10,was,22,,Seaver King,814409,6,1,2,0,0,0,.333,.666,.333,0,0,1,0,0,3,2,.333,SS,MLB
10,cws,20,,George Wolkow,805804,3,1,1,0,0,0,.333,.666,.333,0,0,1,0,0,4,1,.333,OF,MLB
10,nym,22,,Eli Serrano III,702501,3,0,0,0,0,0,.250,.250,.000,0,1,0,0,0,0,0,.000,OF,MLB
10,tor,25,,RJ Schreck,702302,18,1,2,0,0,0,.273,.384,.111,0,4,3,0,0,8,2,.111,LF,MLB
10,tb,21,,Aidan Smith,806223,3,0,1,0,0,0,.333,.666,.333,1,0,1,0,0,1,1,.333,OF,MLB
11,cws,23,,Sam Antonacci,803011,1,0,0,0,0,0,.500,.500,.000,1,2,0,0,0,0,0,.000,SS,MLB
11,mia,23,,Kemp Alderman,694580,7,0,1,1,0,0,.143,.429,.286,0,0,3,0,0,3,2,.143,RF,MLB
11,tb,23,,Tre' Morgan,691003,20,5,6,0,0,1,.391,.841,.450,2,3,5,0,0,14,9,.300,1B,MLB
11,sd,25,,Tirso Ornelas,672359,51,5,15,5,0,1,.368,.819,.451,3,6,6,0,1,24,23,.294,LF,MLB
11,col,24,,Zac Veen,691728,63,13,17,4,1,2,.352,.812,.460,11,7,21,9,1,30,29,.270,LF,MLB
11,mil,19,,Braylon Payne,815520,4,0,1,1,0,0,.400,.900,.500,0,1,1,0,1,2,2,.250,OF,MLB
12,bos,21,,Miguel Bleis,694194,6,1,1,0,0,0,.286,.453,.167,0,0,3,0,1,1,1,.167,OF,MLB
12,cws,21,,William Bergolla Jr.,703151,12,3,6,2,0,0,.500,1.167,.667,7,1,0,0,0,2,8,.500,2B,MLB
12,mia,22,,Cristian Hernandez,694183,8,1,4,1,1,0,.444,1.319,.875,1,0,1,1,0,2,7,.500,SS,MLB
12,cle,21,,Alfonsin Rosario,806210,6,0,1,0,0,0,.167,.334,.167,1,0,4,0,0,5,1,.167,RF,MLB
12,pit,23,,Nick Yorke,694377,34,3,7,2,0,0,.310,.575,.265,2,6,10,0,0,13,9,.206,2B,MLB
12,tex,22,,Dylan Dreiling,702662,1,0,0,0,0,0,.000,.000,.000,0,0,0,0,0,1,0,.000,OF,MLB
12,mil,22,,Marco Dinges,701392,4,1,2,0,0,1,.500,1.750,1.250,1,0,0,0,0,2,5,.500,C,MLB
12,det,20,,Franyerber Montilla,800508,3,0,0,0,0,0,.000,.000,.000,0,0,2,0,0,4,0,.000,SS,MLB
12,ari,20,,Jansel Luis,800306,1,1,0,0,0,0,.500,.500,.000,0,1,0,0,0,0,0,.000,SS,MLB
12,tor,25,,Josh Kasevich,688460,9,2,2,0,0,0,.300,.522,.222,2,1,0,0,0,4,2,.222,SS,MLB
12,kc,20,,Asbel Gonzalez,808706,1,2,0,0,0,0,.000,.000,.000,1,0,0,1,0,0,0,.000,OF,MLB
12,sea,24,,Jared Sundstrom,814791,18,5,8,4,0,0,.450,1.117,.667,4,1,6,0,0,9,12,.444,OF,MLB
13,phi,23,,Carson DeMartini,701831,8,2,2,0,0,1,.250,.875,.625,2,0,4,0,0,3,5,.250,SS,MLB
13,min,21,,Brandon Winokur,806263,7,1,3,0,0,0,.500,.929,.429,0,1,1,1,0,2,3,.429,OF,MLB
13,mia,21,,Dillon Head,702977,4,0,1,0,0,0,.250,.500,.250,2,0,1,0,0,1,1,.250,CF,MLB
13,sea,22,,Josh Caron,701805,5,1,1,0,0,0,.333,.533,.200,0,1,1,0,0,2,1,.200,C,MLB
13,tex,23,,Cameron Cauley,695508,5,3,3,0,0,1,.600,1.800,1.200,3,0,0,1,0,1,6,.600,SS,MLB
13,nym,22,,Chris Suero,801523,3,0,0,0,0,0,.000,.000,.000,0,0,1,0,0,2,0,.000,C,MLB
14,nym,22,,Nick Morabito,703492,2,0,1,0,0,0,.500,1.000,.500,0,0,0,1,0,0,1,.500,CF,MLB
14,mil,21,,Luis Lara,800325,18,3,5,0,0,0,.318,.596,.278,3,2,3,0,0,10,5,.278,CF,MLB
14,mia,22,,Dillon Lewis,827665,1,0,0,0,0,0,.500,.500,.000,0,1,0,0,0,2,0,.000,OF,MLB
14,ari,22,,Druw Jones,702258,15,2,4,1,1,0,.313,.780,.467,1,1,4,0,0,12,7,.267,CF,MLB
14,cle,24,,Juan Brito,682877,37,4,7,1,0,4,.231,.772,.541,7,2,8,0,0,17,20,.189,SS,MLB
15,sf,24,,Daniel Susac,691740,9,1,1,0,0,1,.100,.544,.444,2,0,2,0,0,5,4,.111,C,MLB
15,hou,21,,Will Bush,813844,3,1,1,0,0,1,.333,1.666,1.333,1,0,2,0,0,1,4,.333,C,MLB
15,was,23,,Caleb Lomavita,701616,2,0,0,0,0,0,.000,.000,.000,0,0,1,0,0,0,0,.000,C,MLB
15,cle,19,,Welbyn Francisca,806988,1,0,0,0,0,0,.000,.000,.000,0,0,1,0,1,1,0,.000,SS,MLB
15,tor,23,,Charles McAdoo,807727,13,4,2,0,0,1,.267,.652,.385,3,2,4,0,0,5,5,.154,2B,MLB
15,phi,24,,Keaton Anthony,805704,7,1,2,0,0,1,.333,1.047,.714,2,1,3,0,0,3,5,.286,1B,MLB
15,pit,20,,Yordany De Los Santos,703154,2,0,1,0,0,0,.500,1.000,.500,0,0,1,0,0,2,1,.500,SS,MLB
15,bal,22,,Vance Honeycutt,701689,4,0,1,0,0,0,.250,.500,.250,0,0,2,0,0,1,1,.250,OF,MLB
15,mia,23,,Brendan Jones,800957,16,2,5,1,0,0,.450,.825,.375,3,4,4,2,0,4,6,.313,CF,MLB
15,mil,20,,Josh Adamczewski,815304,5,3,3,1,0,1,.600,2.000,1.400,2,0,1,0,0,0,7,.600,SS,MLB
15,col,24,,Sterlin Thompson,694514,14,1,3,1,0,0,.214,.500,.286,1,0,6,0,0,9,4,.214,OF,MLB
15,sea,20,,Tai Peete,806191,7,2,1,0,0,0,.333,.476,.143,1,2,5,1,0,2,1,.143,OF,MLB
16,was,26,,Christian Franklin,681047,25,5,3,1,0,0,.214,.374,.160,1,2,4,2,0,18,4,.120,LF,MLB
16,kc,22,,Daniel Vazquez,694187,16,4,5,0,1,0,.353,.791,.438,3,1,3,0,0,4,7,.313,SS,MLB
16,pit,22,,Esmerlyn Valdez,699013,3,0,1,0,0,0,.333,.666,.333,0,0,0,0,0,0,1,.333,OF,MLB
16,sf,23,,Jesus Rodriguez,683679,15,4,7,0,1,0,.556,1.156,.600,1,3,0,3,0,4,9,.467,C,MLB
16,cws,23,,Jacob Gonzalez,694378,12,2,4,2,0,0,.357,.857,.500,1,1,2,0,0,7,6,.333,SS,MLB
17,phi,22,,Bryan Rincon,804858,9,2,3,1,1,0,.333,1.000,.667,1,0,4,0,0,5,6,.333,SS,MLB
17,ana,20,,Juan Flores,808129,14,0,1,0,0,0,.188,.259,.071,0,2,6,0,0,6,1,.071,C,MLB
17,was,20,,Yeremy Cabrera,800393,1,0,0,0,0,0,.000,.000,.000,0,0,1,0,0,1,0,.000,CF,MLB
17,cle,23,,Jacob Cozart,695524,8,2,1,1,0,0,.222,.472,.250,1,1,1,0,0,3,2,.125,C,MLB
18,stl,25,,Nathan Church,701675,16,2,1,0,0,0,.375,.438,.063,1,7,1,1,0,4,1,.063,LF,MLB
18,oak,23,,Nate Nankil,694977,2,1,0,0,0,0,.333,.333,.000,0,1,1,0,0,2,0,.000,OF,MLB
18,cle,22,,Kahlil Watson,696135,21,6,8,1,1,0,.409,.933,.524,0,0,7,3,0,5,11,.381,LF,MLB
18,sea,22,,Luis Suisbel,692044,12,2,4,1,0,1,.333,1.000,.667,8,0,3,0,0,6,8,.333,3B,MLB
18,hou,23,,Lucas Spence,828599,2,1,1,0,0,0,.500,1.000,.500,0,0,0,1,0,0,1,.500,OF,MLB
18,nyy,21,,Roderick Arias,703149,8,1,3,1,0,0,.375,.875,.500,0,0,4,0,0,3,4,.375,SS,MLB
18,bos,20,,Yophery Rodriguez,806983,5,1,1,1,0,0,.429,.829,.400,0,2,2,0,0,1,2,.200,CF,MLB
19,ari,20,,Cristofer Torin,800198,8,3,2,0,0,0,.400,.650,.250,0,2,1,1,0,2,2,.250,2B,MLB
19,cin,25,,Tyler Callihan,682997,17,2,3,2,0,0,.200,.494,.294,2,1,4,0,0,6,5,.176,LF,MLB
19,mil,23,,Brock Wilken,694385,3,0,0,0,0,0,.250,.250,.000,0,1,1,0,0,2,0,.000,3B,MLB
19,hou,22,,Luis Baez,800232,6,2,1,0,0,0,.286,.453,.167,0,1,2,0,0,1,1,.167,OF,MLB
19,nym,21,,Boston Baro,805951,4,0,0,0,0,0,.000,.000,.000,0,0,2,0,0,7,0,.000,SS,MLB
20,mia,21,,Chase Jaworsky,814172,5,2,3,0,0,0,.625,1.225,.600,3,2,1,0,0,3,3,.600,SS,MLB
20,sea,25,,Brock Rodden,801126,14,1,2,0,0,0,.250,.393,.143,2,2,7,0,0,7,2,.143,2B,MLB
20,kc,23,,Carson Roccaforte,811287,2,0,0,0,0,0,.333,.333,.000,0,1,1,0,0,2,0,.000,CF,MLB
20,tb,25,,Dominic Keegan,681371,2,0,0,0,0,0,.000,.000,.000,0,0,2,0,0,1,0,.000,C,MLB
20,pit,22,,Omar Alfonzo,692657,6,1,0,0,0,0,.143,.143,.000,1,1,4,0,0,3,0,.000,C,MLB
20,cin,21,,Ricky Cabrera,703150,6,0,1,0,0,0,.167,.334,.167,2,0,3,0,0,3,1,.167,SS,MLB
21,mil,20,,Eric Bitonti,800724,7,0,2,0,0,0,.375,.661,.286,0,1,3,0,0,9,2,.286,SS,MLB
21,cin,22,,Carlos Jorge,699115,4,1,0,0,0,0,.000,.000,.000,0,0,1,0,0,2,0,.000,SS,MLB
21,det,23,,Izaac Pacheco,691789,5,1,1,0,0,0,.333,.533,.200,0,1,3,0,0,1,1,.200,SS,MLB
21,sd,23,,Romeo Sanabria,703804,13,1,2,0,0,0,.214,.368,.154,0,1,2,0,0,11,2,.154,1B,MLB
22,phi,25,,Caleb Ricketts,681080,1,0,0,0,0,0,.500,.500,.000,0,1,0,0,0,0,0,.000,C,MLB
22,hou,20,,Kenni Gomez,703198,13,6,4,0,0,0,.400,.708,.308,0,2,6,3,0,8,4,.308,OF,MLB
22,tb,22,,Austin Overn,702556,1,0,0,0,0,0,.000,.000,.000,0,0,0,0,0,2,0,.000,OF,MLB
22,sf,24,,Parks Harber,692238,3,0,1,1,0,0,.333,1.000,.667,1,0,1,0,0,0,2,.333,3B,MLB
22,chc,20,,Angel Cepeda,806980,3,1,1,0,0,0,.333,.666,.333,0,0,0,1,0,1,1,.333,SS,MLB
22,stl,23,,Blaze Jordan,691458,7,2,3,0,1,0,.600,1.314,.714,1,2,0,0,0,3,5,.429,1B,MLB
22,pit,24,,Jack Brannigan,687394,16,2,2,1,1,0,.125,.438,.313,1,0,7,0,0,8,5,.125,SS,MLB
22,cin,21,,Leo Balcazar,699114,5,0,1,0,0,0,.200,.400,.200,0,0,1,0,0,1,1,.200,SS,MLB
23,nyy,20,,Brando Mayea,806963,1,0,0,0,0,0,.500,.500,.000,0,1,0,0,0,1,0,.000,OF,MLB
23,pit,21,,Jhonny Severino,703177,4,1,1,1,0,0,.250,.750,.500,0,0,2,0,0,1,2,.250,SS,MLB
23,tex,20,,Maxton Martin,807722,2,0,1,0,0,0,.500,1.000,.500,0,0,1,0,0,0,1,.500,OF,MLB
23,ari,20,,Yassel Soler,807957,5,1,1,0,0,0,.429,.629,.200,1,2,0,0,0,2,1,.200,3B,MLB
23,bal,21,,Aron Estrada,800406,2,0,0,0,0,0,.000,.000,.000,0,0,0,0,0,2,0,.000,2B,MLB
23,cle,18,,Dauri Fernandez,821171,1,0,1,0,0,0,1.000,2.000,1.000,0,0,0,0,0,0,1,1.000,2B,MLB
23,sf,22,,Diego Velasquez,694196,10,1,3,1,0,0,.417,.817,.400,0,2,2,0,0,3,4,.300,SS,MLB
23,tb,23,,Cooper Kinney,695692,5,0,1,0,0,0,.200,.400,.200,1,0,1,0,0,2,1,.200,2B,MLB
23,col,21,,Andy Perez,700321,2,0,0,0,0,0,.000,.000,.000,0,0,1,0,0,3,0,.000,SS,MLB
24,cle,18,,Gabriel Rodriguez,821657,1,0,0,0,0,0,.000,.000,.000,0,0,0,0,0,0,0,.000,SS,MLB
24,la,21,,Kendall George,806077,1,0,0,0,0,0,.667,.667,.000,0,2,0,0,0,1,0,.000,CF,MLB
24,hou,20,,Nehomar Ochoa Jr.,806441,9,0,3,0,0,0,.400,.733,.333,2,0,3,0,0,4,3,.333,OF,MLB
24,bal,20,,Cobb Hightower,826932,2,0,1,0,0,0,.500,1.000,.500,0,0,1,0,0,2,1,.500,SS,MLB
24,was,23,,Abimelec Ortiz,694673,15,3,6,1,0,1,.400,1.067,.667,3,0,3,0,0,4,10,.400,1B,MLB
24,kc,25,,Gavin Cross,688457,16,7,6,0,2,0,.500,1.125,.625,2,4,3,3,1,10,10,.375,RF,MLB
25,min,22,,Hendry Mendez,694230,1,0,0,0,0,0,.000,.000,.000,0,0,0,0,0,0,0,.000,OF,MLB
25,oak,24,,Brennan Milone,686810,4,0,1,0,0,0,.500,.750,.250,1,2,0,0,0,0,1,.250,3B,MLB
25,was,24,,Orelvis Martinez,682619,25,4,8,1,0,1,.393,.873,.480,3,2,7,0,0,15,12,.320,2B,MLB
25,sea,23,,Carlos Jimenez,692039,15,1,3,2,0,0,.294,.627,.333,3,2,6,0,0,10,5,.200,CF,MLB
25,kc,25,,Javi Vaz,805834,7,2,2,0,0,0,.375,.661,.286,1,1,1,0,0,3,2,.286,OF,MLB
26,was,24,,Yohandy Morales,691002,23,3,5,1,0,0,.333,.594,.261,2,3,9,0,1,17,6,.217,1B,MLB
26,mia,23,,Fenwick Trimble,814458,5,1,3,0,0,0,.600,1.200,.600,1,0,1,0,0,3,3,.600,OF,MLB
27,tb,24,,Homer Bush Jr.,683344,3,0,0,0,0,0,.000,.000,.000,0,0,1,0,0,3,0,.000,CF,MLB
27,sea,26,,Victor Labrada,700032,1,0,0,0,0,0,.000,.000,.000,0,0,0,0,0,0,0,.000,CF,MLB
27,stl,21,,Deniel Ortiz,811765,2,0,0,0,0,0,.000,.000,.000,0,0,2,0,0,2,0,.000,3B,MLB
27,bal,22,,Ethan Anderson,803175,1,0,0,0,0,0,.500,.500,.000,0,1,0,0,0,1,0,.000,C,MLB
27,ari,22,,Gavin Conticello,695521,17,2,6,1,0,0,.389,.801,.412,2,1,4,0,1,4,7,.353,3B,MLB
27,tor,21,,Cutter Coffey,702690,4,0,1,0,0,0,.250,.500,.250,1,0,2,0,0,1,1,.250,3B,MLB
27,sf,21,,Jancel Villarroel,806611,2,0,1,0,0,0,.500,1.000,.500,0,0,1,0,0,3,1,.500,C,MLB
27,ana,21,,Randy De Jesus,703194,7,2,1,0,0,0,.143,.286,.143,1,0,4,0,0,5,1,.143,OF,MLB
27,la,23,,Zach Ehrhard,701394,2,0,1,0,0,0,.667,1.167,.500,0,1,1,0,0,0,1,.500,OF,MLB
28,atl,25,,David McCabe,678173,12,2,3,0,0,0,.308,.558,.250,2,1,1,0,0,6,3,.250,3B,MLB
28,ari,22,,Avery Owusu-Asiedu,801938,2,1,2,1,0,0,1.000,2.500,1.500,0,0,0,0,0,0,3,1.000,CF,MLB
28,tb,22,,Jadher Areinamo,699130,10,0,2,1,0,0,.200,.500,.300,2,0,3,0,1,5,3,.200,2B,MLB
28,bal,23,,Griff O'Ferrall,803172,3,0,1,0,0,0,.250,.583,.333,1,0,0,0,0,1,1,.333,SS,MLB
28,chc,20,,Ty Southisene,807257,1,0,0,0,0,0,.000,.000,.000,0,0,1,0,0,1,0,.000,SS,MLB
28,phi,23,,Dylan Campbell,694749,1,0,1,0,0,0,1.000,2.000,1.000,1,0,0,0,0,0,1,1.000,CF,MLB
28,stl,24,,Chase Davis,690971,5,4,1,0,0,0,.333,.533,.200,0,1,1,0,0,3,1,.200,CF,MLB
29,mil,22,,Blake Burke,695501,11,1,3,1,0,1,.273,.909,.636,2,0,3,0,0,6,7,.273,1B,MLB
29,cws,21,,Samuel Zavala,694214,2,1,2,1,0,0,1.000,2.500,1.500,1,0,0,1,0,0,3,1.000,CF,MLB
29,kc,22,,Austin Charles,800051,8,1,1,1,0,0,.125,.375,.250,0,0,4,0,0,5,2,.125,SS,MLB
29,min,23,,Kala'i Rosario,693850,7,1,1,1,0,0,.300,.586,.286,1,2,3,0,0,4,2,.143,RF,MLB
29,col,25,,T.J. Rumfield,681198,29,2,5,0,0,1,.294,.570,.276,2,4,13,0,0,13,8,.172,1B,MLB
29,nym,20,,Trey Snyder,815551,1,0,0,0,0,0,.000,.000,.000,0,0,0,0,0,0,0,.000,SS,MLB
29,sea,25,,Rhylan Thomas,689041,16,2,5,2,0,0,.353,.791,.438,1,1,0,0,0,4,7,.313,LF,MLB
30,la,21,,Logan Wagner,702488,3,0,1,1,0,0,.333,1.000,.667,0,0,1,0,0,1,2,.333,SS,MLB
30,was,25,,Andrew Pinckney,687605,40,4,10,0,1,1,.286,.661,.375,4,2,17,1,0,22,15,.250,LF,MLB
30,min,21,,Danny De Andrade,694185,8,0,1,1,0,0,.222,.472,.250,1,0,3,0,0,3,2,.125,SS,MLB
30,cin,21,,Carlos Sanchez,800176,2,0,0,0,0,0,.000,.000,.000,0,0,2,0,0,1,0,.000,3B,MLB
30,sd,22,,Braedon Karpathios,701682,5,0,0,0,0,0,.000,.000,.000,0,0,4,0,0,6,0,.000,OF,MLB
30,bal,22,,Creed Willems,695735,10,1,1,1,0,0,.250,.450,.200,0,2,3,0,0,4,2,.100,C,MLB
