Player Name,Franchise, Acq. Date , Drop Date , Contract Type , Salary ,Contract Length,Contract Starts,Contract Ends, 2024 Salary Hit , 2025 Salary Hit , 2026 Salary Hit , 2027 Salary Hit , 2028 Salary Hit , 2029 Salary Hit , 2030 Salary Hit 
Bobby Witt Jr.,Ben Brody & Aaron,1/27/24,, FA Contract ,"$35,700,000",5,2024,2028," $ 35,700,000 "," $ 35,700,000 "," $ 35,700,000 "," $ 35,700,000 "," $ 35,700,000 ",  ,  
Maikel Garcia,Ben Brody & Aaron,2/2/26,, FA Contract ,"$17,500,000",5,2026,2030,  ,  ," $ 17,500,000 "," $ 17,500,000 "," $ 17,500,000 "," $ 17,500,000 "," $ 17,500,000 "
Joe Ryan,Ben Brody & Aaron,2/4/26,, FA Contract ,"$16,600,000",5,2026,2030,  ,  ," $ 16,600,000 "," $ 16,600,000 "," $ 16,600,000 "," $ 16,600,000 "," $ 16,600,000 "
Seiya Suzuki,Ben Brody & Aaron,1/28/26,, FA Contract ,"$16,000,000",4,2026,2029,  ,  ," $ 16,000,000 "," $ 16,000,000 "," $ 16,000,000 "," $ 16,000,000 ",  
Matt Chapman,Ben Brody & Aaron,2/2/26,, FA Contract ,"$11,000,000",3,2026,2028,  ,  ," $ 11,000,000 "," $ 11,000,000 "," $ 11,000,000 ",  ,  
David Bednar,Ben Brody & Aaron,1/29/26,, FA Contract ,"$10,000,000",4,2026,2029,  ,  ," $ 10,000,000 "," $ 10,000,000 "," $ 10,000,000 "," $ 10,000,000 ",  
Cody Bellinger,Ben Brody & Aaron,1/27/24,, FA Contract ,"$7,800,000",5,2024,2028," $ 7,800,000 "," $ 7,800,000 "," $ 7,800,000 "," $ 7,800,000 "," $ 7,800,000 ",  ,  
Daulton Varsho,Ben Brody & Aaron,2/4/26,, FA Contract ,"$6,300,000",3,2026,2028,  ,  ," $ 6,300,000 "," $ 6,300,000 "," $ 6,300,000 ",  ,  
Carlos Rodon,Ben Brody & Aaron,1/29/26,, FA Contract ,"$5,000,000",2,2025,2026,  ," $ 5,000,000 "," $ 5,000,000 ",  ,  ,  ,  
Ryan Weathers,Ben Brody & Aaron,3/5/25,, FA Contract ,"$4,000,000",2,2025,2026,  ," $ 4,000,000 "," $ 4,000,000 ",  ,  ,  ,  
Felix Bautista,Ben Brody & Aaron,2/13/25,, FA Contract ,"$3,700,000",2,2025,2026,  ," $ 3,700,000 "," $ 3,700,000 ",  ,  ,  ,  
Emerson Hancock,Ben Brody & Aaron,2/23/24,, YP Contract ,YP, YP ,2024,2026," $ 500,000 "," $ 1,000,000 "," $ 1,500,000 ",  ,  ,  ,  
Evan Carter ,Ben Brody & Aaron,2/21/24,, YP Contract ,YP, YP ,2024,2026," $ 500,000 "," $ 1,000,000 "," $ 1,500,000 ",  ,  ,  ,  
James Wood ,Ben Brody & Aaron,2/21/24,, YP Contract ,YP,YP,2024,2026," $ 500,000 "," $ 1,000,000 "," $ 1,500,000 ",  ,  ,  ,  
Joe Boyle,Ben Brody & Aaron,2/28/24,, YP Contract ,YP, YP ,2024,2026," $ 500,000 "," $ 1,000,000 "," $ 1,500,000 ",  ,  ,  ,  
Masyn Winn,Ben Brody & Aaron,2/21/24,, YP Contract ,YP,YP,2024,2026," $ 500,000 "," $ 1,000,000 "," $ 1,500,000 ",  ,  ,  ,  
Max Meyer,Ben Brody & Aaron,2/21/24,, YP Contract ,YP,YP,2024,2026," $ 500,000 "," $ 1,000,000 "," $ 1,500,000 ",  ,  ,  ,  
Cam Smith,Ben Brody & Aaron,1/30/25,, YP Contract ,YP,YP,2025,2027,  ," $ 500,000 "," $ 1,000,000 "," $ 1,500,000 ",  ,  ,  
Jacob Misiorowski,Ben Brody & Aaron,2/21/24,, YP Contract ,YP,YP,2025,2027,  ," $ 500,000 "," $ 1,000,000 "," $ 1,500,000 ",  ,  ,  
Mike Vasil,Ben Brody & Aaron,2/24/24,, YP Contract ,YP, YP ,2025,2027,  ," $ 500,000 "," $ 1,000,000 "," $ 1,500,000 ",  ,  ,  
Drew Gilbert,Ben Brody & Aaron,2/21/24,, YP Contract ,YP,YP,2026,2028,  ,  ," $ 500,000 "," $ 1,000,000 "," $ 1,500,000 ",  ,  
Jonah Tong,Ben Brody & Aaron,5/5/24,, YP Contract ,YP, YP ,2026,2028,  ,  ," $ 500,000 "," $ 1,000,000 "," $ 1,500,000 ",  ,  
Jose Corniell,Ben Brody & Aaron,3/6/24,, YP Contract ,YP,YP,2026,2028,  ,  ," $ 500,000 "," $ 1,000,000 "," $ 1,500,000 ",  ,  
Kevin Alcantara,Ben Brody & Aaron,2/21/24,, YP Contract ,YP,YP,2026,2028,  ,  ," $ 500,000 "," $ 1,000,000 "," $ 1,500,000 ",  ,  
A.J. Ewing,Ben Brody & Aaron,2/3/26,, Minors ,YP,YP,,, $ -   , $ -   , $ -   , $ -   , $ -   , $ -   , $ -   
Caden Scarborough,Ben Brody & Aaron,2/3/26,, Minors ,YP,YP,,, $ -   , $ -   , $ -   , $ -   , $ -   , $ -   , $ -   
Emil Morales,Ben Brody & Aaron,2/7/25,, Minors ,YP,YP,,, $ -   , $ -   , $ -   , $ -   , $ -   , $ -   , $ -   
Jesus Baez,Ben Brody & Aaron,4/14/24,, Minors ,YP,YP,,, $ -   , $ -   , $ -   , $ -   , $ -   , $ -   , $ -   
Ralphy Velazquez,Ben Brody & Aaron,2/2/26,, Minors ,YP,YP,,, $ -   , $ -   , $ -   , $ -   , $ -   , $ -   , $ -   
Ryan Clifford,Ben Brody & Aaron,2/21/24,, Minors ,YP,YP,,, $ -   , $ -   , $ -   , $ -   , $ -   , $ -   , $ -   
Ryan Waldschmidt,Ben Brody & Aaron,1/27/26,, Minors ,YP,YP,,, $ -   , $ -   , $ -   , $ -   , $ -   , $ -   , $ -   
Yohandy Morales,Ben Brody & Aaron,2/21/24,, Minors ,YP,YP,,, $ -   , $ -   , $ -   , $ -   , $ -   , $ -   , $ -   
Yoniel Curet,Ben Brody & Aaron,3/1/24,, Minors ,YP, YP ,,, $ -   , $ -   , $ -   , $ -   , $ -   , $ -   , $ -   
Yoshinobu Yamamoto,Brenden Freedman,1/27/24,, FA Contract ,"$23,800,000",4,2024,2027," $ 23,800,000 "," $ 23,800,000 "," $ 23,800,000 "," $ 23,800,000 ",  ,  ,  
Jose Ramirez,Brenden Freedman,1/27/24,, FA Contract ,"$20,000,000",4,2024,2027," $ 20,000,000 "," $ 20,000,000 "," $ 20,000,000 "," $ 20,000,000 ",  ,  ,  
Robert Suarez,Brenden Freedman,1/29/26,, FA Contract ,"$14,000,000",4,2026,2029,  ,  ," $ 14,000,000 "," $ 14,000,000 "," $ 14,000,000 "," $ 14,000,000 ",  
Drake Baldwin,Brenden Freedman,2/4/26,, FA Contract ,"$12,000,000",4,2026,2029,  ,  ," $ 12,000,000 "," $ 12,000,000 "," $ 12,000,000 "," $ 12,000,000 ",  
Adrian Morejon,Brenden Freedman,1/29/26,, FA Contract ,"$10,000,000",4,2026,2029,  ,  ," $ 10,000,000 "," $ 10,000,000 "," $ 10,000,000 "," $ 10,000,000 ",  
Kazuma Okamoto,Brenden Freedman,1/30/26,, FA Contract ,"$10,000,000",4,2026,2029,  ,  ," $ 10,000,000 "," $ 10,000,000 "," $ 10,000,000 "," $ 10,000,000 ",  
Cade Smith,Brenden Freedman,2/3/25,, FA Contract ,"$6,000,000",3,2025,2027,  ," $ 6,000,000 "," $ 6,000,000 "," $ 6,000,000 ",  ,  ,  
Matt Strahm,Brenden Freedman,1/29/26,, FA Contract ,"$6,000,000",3,2026,2028,  ,  ," $ 6,000,000 "," $ 6,000,000 "," $ 6,000,000 ",  ,  
George Springer,Brenden Freedman,1/27/24,, FA Contract ,"$5,100,000",3,2024,2026," $ 5,100,000 "," $ 5,100,000 "," $ 5,100,000 ",  ,  ,  ,  
Ronel Blanco,Brenden Freedman,3/5/25,, FA Contract ,"$5,000,000",2,2025,2026,  ," $ 5,000,000 "," $ 5,000,000 ",  ,  ,  ,  
Dansby Swanson,Brenden Freedman,1/27/24,, FA Contract ,"$4,600,000",3,2024,2026," $ 4,600,000 "," $ 4,600,000 "," $ 4,600,000 ",  ,  ,  ,  
Gavin Stone,Brenden Freedman,2/24/24,, YP Contract ,YP, YP ,2024,2026," $ 500,000 "," $ 1,000,000 "," $ 1,500,000 ",  ,  ,  ,  
Jackson Holliday,Brenden Freedman,2/21/24,, YP Contract ,YP,YP,2024,2026," $ 500,000 "," $ 1,000,000 "," $ 1,500,000 ",  ,  ,  ,  
Chase Burns,Brenden Freedman,1/27/25,, YP Contract ,YP, YP ,2025,2027,  ," $ 500,000 "," $ 1,000,000 "," $ 1,500,000 ",  ,  ,  
Colby Thomas,Brenden Freedman,2/10/25,, YP Contract ,YP,YP,2025,2027,  ," $ 500,000 "," $ 1,000,000 "," $ 1,500,000 ",  ,  ,  
Dalton Rushing,Brenden Freedman,2/21/24,, YP Contract ,YP,YP,2025,2027,  ," $ 500,000 "," $ 1,000,000 "," $ 1,500,000 ",  ,  ,  
Dylan Crews,Brenden Freedman,2/21/24,, YP Contract ,YP,YP,2025,2027,  ," $ 500,000 "," $ 1,000,000 "," $ 1,500,000 ",  ,  ,  
Jace Jung,Brenden Freedman,2/21/24,, YP Contract ,YP,YP,2025,2027,  ," $ 500,000 "," $ 1,000,000 "," $ 1,500,000 ",  ,  ,  
Anthony Solomento,Brenden Freedman,2/21/24,, Minors ,YP,YP,,, $ -   , $ -   , $ -   , $ -   , $ -   , $ -   , $ -   
Arjun Nimmala,Brenden Freedman,3/3/24,, Minors ,YP, YP ,,, $ -   , $ -   , $ -   , $ -   , $ -   , $ -   , $ -   
Blake Mitchell,Brenden Freedman,2/24/24,, Minors ,YP, YP ,,, $ -   , $ -   , $ -   , $ -   , $ -   , $ -   , $ -   
Brock Porter ,Brenden Freedman,2/21/24,, Minors ,YP,YP,,, $ -   , $ -   , $ -   , $ -   , $ -   , $ -   , $ -   
Druw Jones,Brenden Freedman,7/22/24,, Minors ,YP,YP,,, $ -   , $ -   , $ -   , $ -   , $ -   , $ -   , $ -   
Ethan Holliday,Brenden Freedman,1/27/26,, Minors ,YP,YP,,, $ -   , $ -   , $ -   , $ -   , $ -   , $ -   , $ -   
Jamie Arnold,Brenden Freedman,1/29/26,, Minors ,YP,YP,,, $ -   , $ -   , $ -   , $ -   , $ -   , $ -   , $ -   
Johnny King,Brenden Freedman,1/31/26,, Minors ,YP,YP,,, $ -   , $ -   , $ -   , $ -   , $ -   , $ -   , $ -   
Josue Briceno,Brenden Freedman,2/28/24,, Minors ,YP, YP ,,, $ -   , $ -   , $ -   , $ -   , $ -   , $ -   , $ -   
Max Anderson,Brenden Freedman,2/3/26,, Minors ,YP,YP,,, $ -   , $ -   , $ -   , $ -   , $ -   , $ -   , $ -   
Max Clark,Brenden Freedman,2/21/24,, Minors ,YP,YP,,, $ -   , $ -   , $ -   , $ -   , $ -   , $ -   , $ -   
Ricky Tiedemann,Brenden Freedman,2/21/24,, Minors ,YP,YP,,, $ -   , $ -   , $ -   , $ -   , $ -   , $ -   , $ -   
Thomas White,Brenden Freedman,3/7/24,, Minors ,YP,YP,,, $ -   , $ -   , $ -   , $ -   , $ -   , $ -   , $ -   
Tink Hence,Brenden Freedman,2/21/24,, Minors ,YP,YP,,, $ -   , $ -   , $ -   , $ -   , $ -   , $ -   , $ -   
Tommy Troy,Brenden Freedman,8/14/25,, Minors ,YP, YP ,,, $ -   , $ -   , $ -   , $ -   , $ -   , $ -   , $ -   
Trey Yesavage,Brenden Freedman,2/1/25,, Minors ,YP,YP,,, $ -   , $ -   , $ -   , $ -   , $ -   , $ -   , $ -   
Yordan Alvarez,Brian Frederick,1/27/24,, FA Contract ,"$32,400,000",5,2024,2028," $ 32,400,000 "," $ 32,400,000 "," $ 32,400,000 "," $ 32,400,000 "," $ 32,400,000 ",  ,  
Mookie Betts,Brian Frederick,1/27/24,, FA Contract ,"$30,000,000",3,2024,2026," $ 30,000,000 "," $ 30,000,000 "," $ 30,000,000 ",  ,  ,  ,  
Luis Castillo,Brian Frederick,1/26/26,, FA Contract ,"$16,000,000",3,2026,2028,  ,  ," $ 16,000,000 "," $ 16,000,000 "," $ 16,000,000 ",  ,  
Tyler Glasnow,Brian Frederick,1/27/26,, FA Contract ,"$15,000,000",3,2026,2028,  ,  ," $ 15,000,000 "," $ 15,000,000 "," $ 15,000,000 ",  ,  
Logan Webb,Brian Frederick,1/30/25,, FA Contract ,"$12,000,000",4,2025,2028,  ," $ 12,000,000 "," $ 12,000,000 "," $ 12,000,000 "," $ 12,000,000 ",  ,  
Mike Trout,Brian Frederick,1/30/26,, FA Contract ,"$12,000,000",3,2026,2028,  ,  ," $ 12,000,000 "," $ 12,000,000 "," $ 12,000,000 ",  ,  
Chris Bassitt,Brian Frederick,3/5/25,, FA Contract ,"$5,000,000",2,2025,2026,  ," $ 5,000,000 "," $ 5,000,000 ",  ,  ,  ,  
Blake Treinen,Brian Frederick,3/5/25,, FA Contract ,"$3,000,000",2,2025,2026,  ," $ 3,000,000 "," $ 3,000,000 ",  ,  ,  ,  
Connor Norby,Brian Frederick,7/25/25,, FA Contract ,"$3,000,000",2,2025,2026,  ," $ 3,000,000 "," $ 3,000,000 ",  ,  ,  ,  
Colt Keith ,Brian Frederick,2/21/24,, YP Contract ,YP,YP,2024,2026," $ 500,000 "," $ 1,000,000 "," $ 1,500,000 ",  ,  ,  ,  
Colton Cowser,Brian Frederick,2/21/24,, YP Contract ,YP,YP,2024,2026," $ 500,000 "," $ 1,000,000 "," $ 1,500,000 ",  ,  ,  ,  
D.L. Hall,Brian Frederick,2/21/24,, YP Contract ,YP,YP,2024,2026," $ 500,000 "," $ 1,000,000 "," $ 1,500,000 ",  ,  ,  ,  
Joey Ortiz,Brian Frederick,2/21/24,, YP Contract ,YP,YP,2024,2026," $ 500,000 "," $ 1,000,000 "," $ 1,500,000 ",  ,  ,  ,  
Roman Anthony ,Brian Frederick,2/21/24,, YP Contract ,YP,YP,2025,2027,  ," $ 500,000 "," $ 1,000,000 "," $ 1,500,000 ",  ,  ,  
Carson Willaims ,Brian Frederick,2/21/24,, YP Contract ,YP,YP,2026,2028,  ,  ," $ 500,000 "," $ 1,000,000 "," $ 1,500,000 ",  ,  
Ronny Mauricio,Brian Frederick,2/21/24,, YP Contract ,YP,YP,2026,2028,  ,  ," $ 500,000 "," $ 1,000,000 "," $ 1,500,000 ",  ,  
Ben Hess,Brian Frederick,2/6/25,, Minors ,YP,YP,,, $ -   , $ -   , $ -   , $ -   , $ -   , $ -   , $ -   
Billy Carlson,Brian Frederick,1/29/26,, Minors ,YP,YP,,, $ -   , $ -   , $ -   , $ -   , $ -   , $ -   , $ -   
Kevin Parada,Brian Frederick,2/22/24,, Minors ,YP,YP,,, $ -   , $ -   , $ -   , $ -   , $ -   , $ -   , $ -   
Ryan Sloan,Brian Frederick,2/6/25,, Minors ,YP,YP,,, $ -   , $ -   , $ -   , $ -   , $ -   , $ -   , $ -   
Travis Bazzana,Brian Frederick,1/28/25,, Minors ,YP,YP,,, $ -   , $ -   , $ -   , $ -   , $ -   , $ -   , $ -   
Tyler Bremner,Brian Frederick,1/27/26,, Minors ,YP,YP,,, $ -   , $ -   , $ -   , $ -   , $ -   , $ -   , $ -   
Xavier Neyens,Brian Frederick,2/1/26,, Minors ,YP,YP,,, $ -   , $ -   , $ -   , $ -   , $ -   , $ -   , $ -   
Zachary Root,Brian Frederick,2/3/26,, Minors ,YP,YP,,, $ -   , $ -   , $ -   , $ -   , $ -   , $ -   , $ -   
Julio Rodriguez,Colin Wilson & Greg Holmes,1/6/26,, FA Contract ,"$39,720,000",5,2024,2028," $ 39,720,000 "," $ 39,720,000 "," $ 39,720,000 "," $ 39,720,000 "," $ 39,720,000 ",  ,  
Corbin Carroll,Colin Wilson & Greg Holmes,1/6/26,, FA Contract ,"$33,000,000",5,2024,2028," $ 33,000,000 "," $ 33,000,000 "," $ 33,000,000 "," $ 33,000,000 "," $ 33,000,000 ",  ,  
Freddie Freeman,Colin Wilson & Greg Holmes,1/6/26,, FA Contract ,"$29,520,000",5,2024,2028," $ 29,520,000 "," $ 29,520,000 "," $ 29,520,000 "," $ 29,520,000 "," $ 29,520,000 ",  ,  
Riley Greene ,Colin Wilson & Greg Holmes,1/6/26,, FA Contract ,"$20,400,000",4,2025,2028,  ," $ 20,400,000 "," $ 20,400,000 "," $ 20,400,000 "," $ 20,400,000 ",  ,  
Corbin Burnes,Colin Wilson & Greg Holmes,2/4/26,, FA Contract ,"$18,500,000",4,2024,2027," $ 18,500,000 "," $ 18,500,000 "," $ 18,500,000 "," $ 18,500,000 ",  ,  ,  
Dylan Cease,Colin Wilson & Greg Holmes,1/6/26,, FA Contract ,"$17,520,000",5,2025,2029,  ," $ 17,520,000 "," $ 17,520,000 "," $ 17,520,000 "," $ 17,520,000 "," $ 17,520,000 ",  
Spencer Strider,Colin Wilson & Greg Holmes,1/6/26,, FA Contract ,"$15,000,000",4,2025,2028,  ," $ 15,000,000 "," $ 15,000,000 "," $ 15,000,000 "," $ 15,000,000 ",  ,  
Alex Bregman,Colin Wilson & Greg Holmes,1/6/26,, FA Contract ,"$9,480,000",3,2024,2026," $ 9,480,000 "," $ 9,480,000 "," $ 9,480,000 ",  ,  ,  ,  
Vinnie Pasquantino,Colin Wilson & Greg Holmes,1/6/26,, FA Contract ,"$6,840,000",3,2024,2026," $ 6,840,000 "," $ 6,840,000 "," $ 6,840,000 ",  ,  ,  ,  
Ceddanne Rafaela,Colin Wilson & Greg Holmes,2/4/26,, YP Contract ,YP,YP,2024,2026," $ 500,000 "," $ 1,000,000 "," $ 1,500,000 ",  ,  ,  ,  
Coby Mayo,Colin Wilson & Greg Holmes,1/6/26,, YP Contract ,YP,YP,2025,2027,  ," $ 500,000 "," $ 1,000,000 "," $ 1,500,000 ",  ,  ,  
Payton Tolle,Colin Wilson & Greg Holmes,1/6/26,, YP Contract ,YP,YP,2026,2028,  ,  ," $ 500,000 "," $ 1,000,000 "," $ 1,500,000 ",  ,  
Eli Willits,Colin Wilson & Greg Holmes,1/27/26,, Minors ,YP,YP,,, $ -   , $ -   , $ -   , $ -   , $ -   , $ -   , $ -   
Jordan Lawler ,Colin Wilson & Greg Holmes,1/6/26,, Minors ,YP,YP,,, $ -   , $ -   , $ -   , $ -   , $ -   , $ -   , $ -   
Kaelen Culpepper,Colin Wilson & Greg Holmes,1/30/26,, Minors ,YP,YP,,, $ -   , $ -   , $ -   , $ -   , $ -   , $ -   , $ -   
Kash Mayfield,Colin Wilson & Greg Holmes,2/4/26,, Minors ,YP,YP,,, $ -   , $ -   , $ -   , $ -   , $ -   , $ -   , $ -   
Kristian Campbell,Colin Wilson & Greg Holmes,1/30/26,, Minors ,YP,YP,2025,2027, $ -   , $ -   , $ -   , $ -   , $ -   , $ -   , $ -   
Garrett Crochet,Dustin Hart & Max Wamp,1/27/26,, FA Contract ,"$30,000,000",20,2026,2045,  ,  ," $ 30,000,000 "," $ 30,000,000 "," $ 30,000,000 "," $ 30,000,000 "," $ 30,000,000 "
Kyle Stowers,Dustin Hart & Max Wamp,1/26/26,, FA Contract ,"$25,300,000",7,2026,2032,  ,  ," $ 25,300,000 "," $ 25,300,000 "," $ 25,300,000 "," $ 25,300,000 "," $ 25,300,000 "
Gerrit Cole,Dustin Hart & Max Wamp,1/6/26,, FA Contract ,"$25,100,000",5,2024,2028," $ 25,100,000 "," $ 25,100,000 "," $ 25,100,000 "," $ 25,100,000 "," $ 25,100,000 ",  ,  
Hunter Brown,Dustin Hart & Max Wamp,1/27/26,, FA Contract ,"$22,660,000",8,2026,2033,  ,  ," $ 22,660,000 "," $ 22,660,000 "," $ 22,660,000 "," $ 22,660,000 "," $ 22,660,000 "
Eury Perez,Dustin Hart & Max Wamp,1/6/26,, FA Contract ,"$18,840,000",4,2024,2027," $ 18,840,000 "," $ 18,840,000 "," $ 18,840,000 "," $ 18,840,000 ",  ,  ,  
Elly De La Cruz,Dustin Hart & Max Wamp,1/6/26,, FA Contract ,"$15,100,000",3,2024,2026," $ 15,100,000 "," $ 15,100,000 "," $ 15,100,000 ",  ,  ,  ,  
Jared Jones,Dustin Hart & Max Wamp,2/3/26,, FA Contract ,"$11,100,000",4,2026,2029,  ,  ," $ 11,100,000 "," $ 11,100,000 "," $ 11,100,000 "," $ 11,100,000 ",  
Jakob Marsee,Dustin Hart & Max Wamp,1/28/26,, FA Contract ,"$10,900,000",4,2026,2029,  ,  ," $ 10,900,000 "," $ 10,900,000 "," $ 10,900,000 "," $ 10,900,000 ",  
Michael Harris II,Dustin Hart & Max Wamp,1/6/26,, FA Contract ,"$9,400,000",4,2025,2028,  ," $ 9,400,000 "," $ 9,400,000 "," $ 9,400,000 "," $ 9,400,000 ",  ,  
Christian Yelich,Dustin Hart & Max Wamp,1/6/26,, FA Contract ,"$3,360,000",2,2025,2026,  ," $ 3,360,000 "," $ 3,360,000 ",  ,  ,  ,  
Ivan Herrera,Dustin Hart & Max Wamp,1/6/26,, YP Contract ,YP, YP ,2024,2026," $ 500,000 "," $ 1,000,000 "," $ 1,800,000 ",  ,  ,  ,  
Caleb Durbin,Dustin Hart & Max Wamp,1/6/26,, YP Contract ,YP, YP ,2025,2027,  ," $ 500,000 "," $ 1,000,000 "," $ 1,500,000 ",  ,  ,  
Luke Keaschall,Dustin Hart & Max Wamp,1/6/26,, YP Contract ,YP,YP,2025,2027,  ," $ 500,000 "," $ 1,000,000 "," $ 1,500,000 ",  ,  ,  
Eduardo Quintero,Dustin Hart & Max Wamp,1/6/26,, Minors ,YP,YP,,, $ -   , $ -   , $ -   , $ -   , $ -   , $ -   , $ -   
Jeremy Rodriguez,Dustin Hart & Max Wamp,1/6/26,, Minors ,YP, YP ,,, $ -   , $ -   , $ -   , $ -   , $ -   , $ -   , $ -   
Kade Anderson,Dustin Hart & Max Wamp,1/26/26,, Minors ,YP,YP,,, $ -   , $ -   , $ -   , $ -   , $ -   , $ -   , $ -   
Pete Alonso,Ethan Gobetz,1/26/26,, FA Contract ,"$22,300,000",5,2026,2030,  ,  ," $ 22,300,000 "," $ 22,300,000 "," $ 22,300,000 "," $ 22,300,000 "," $ 22,300,000 "
Jacob DeGrom,Ethan Gobetz,2/3/26,, FA Contract ,"$21,000,000",6,2026,2031,  ,  ," $ 21,000,000 "," $ 21,000,000 "," $ 21,000,000 "," $ 21,000,000 "," $ 21,000,000 "
Ketel Marte,Ethan Gobetz,1/26/26,, FA Contract ,"$20,900,000",4,2026,2029,  ,  ," $ 20,900,000 "," $ 20,900,000 "," $ 20,900,000 "," $ 20,900,000 ",  
Kevin Gausman,Ethan Gobetz,1/27/24,, FA Contract ,"$12,800,000",4,2024,2027," $ 12,800,000 "," $ 12,800,000 "," $ 12,800,000 "," $ 12,800,000 ",  ,  ,  
Raisel Iglesias,Ethan Gobetz,1/29/26,, FA Contract ,"$10,000,000",1,2026,2026,  ,  ," $ 10,000,000 ",  ,  ,  ,  
Francisco Alvarez,Ethan Gobetz,2/12/25,, FA Contract ,"$8,500,000",3,2025,2027,  ," $ 8,500,000 "," $ 8,500,000 "," $ 8,500,000 ",  ,  ,  
Josh Hader,Ethan Gobetz,1/30/26,, FA Contract ,"$8,000,000",4,2026,2029,  ,  ," $ 8,000,000 "," $ 8,000,000 "," $ 8,000,000 "," $ 8,000,000 ",  
Carlos Correa,Ethan Gobetz,1/29/25,, FA Contract ,"$5,000,000",3,2025,2027,  ," $ 5,000,000 "," $ 5,000,000 "," $ 5,000,000 ",  ,  ,  
Shane Baz,Ethan Gobetz,3/5/25,, FA Contract ,"$5,000,000",2,2025,2026,  ," $ 5,000,000 "," $ 5,000,000 ",  ,  ,  ,  
Jake Irvin,Ethan Gobetz,3/5/25,, FA Contract ,"$4,000,000",2,2025,2026,  ," $ 4,000,000 "," $ 4,000,000 ",  ,  ,  ,  
Jake McCarthy ,Ethan Gobetz,3/5/25,, FA Contract ,"$3,000,000",2,2025,2026,  ," $ 3,000,000 "," $ 3,000,000 ",  ,  ,  ,  
Brayan Rocchio,Ethan Gobetz,2/21/24,, YP Contract ,YP,YP,2024,2026," $ 500,000 "," $ 1,000,000 "," $ 1,500,000 ",  ,  ,  ,  
Jackson Merrill,Ethan Gobetz,2/21/24,, YP Contract ,YP,YP,2024,2026," $ 500,000 "," $ 1,000,000 "," $ 1,500,000 ",  ,  ,  ,  
Parker Meadows,Ethan Gobetz,3/26/24,, YP Contract ,YP, YP ,2024,2026," $ 500,000 "," $ 1,000,000 "," $ 1,500,000 ",  ,  ,  ,  
Paul Skenes,Ethan Gobetz,2/21/24,, YP Contract ,YP,YP,2024,2026," $ 500,000 "," $ 1,000,000 "," $ 1,500,000 ",  ,  ,  ,  
Chase Dollander,Ethan Gobetz,1/28/26,, YP Contract ,YP, YP ,2025,2027,  ," $ 500,000 "," $ 1,000,000 "," $ 1,500,000 ",  ,  ,  
Mason Montgomery,Ethan Gobetz,3/4/24,, YP Contract ,YP, YP ,2025,2027,  ," $ 500,000 "," $ 1,000,000 "," $ 1,500,000 ",  ,  ,  
Max Muncy (A's),Ethan Gobetz,2/25/24,, YP Contract ,YP, YP ,2025,2027,  ," $ 500,000 "," $ 1,000,000 "," $ 1,500,000 ",  ,  ,  
River Ryan,Ethan Gobetz,2/21/24,, YP Contract ,YP,YP,2025,2027,  ," $ 500,000 "," $ 1,000,000 "," $ 1,500,000 ",  ,  ,  
Boston Bateman,Ethan Gobetz,1/28/26,, Minors ,YP,YP,,, $ -   , $ -   , $ -   , $ -   , $ -   , $ -   , $ -   
Brock Wilken,Ethan Gobetz,1/30/26,, Minors ,YP, YP ,,, $ -   , $ -   , $ -   , $ -   , $ -   , $ -   , $ -   
Carson Benge,Ethan Gobetz,2/1/25,, Minors ,YP,YP,,, $ -   , $ -   , $ -   , $ -   , $ -   , $ -   , $ -   
Cole Wilcox,Ethan Gobetz,3/5/24,, Minors ,YP, YP ,,, $ -   , $ -   , $ -   , $ -   , $ -   , $ -   , $ -   
Ernesto Martinez Jr,Ethan Gobetz,2/3/26,, Minors ,YP,YP,,, $ -   , $ -   , $ -   , $ -   , $ -   , $ -   , $ -   
Gabriel Gonzalez,Ethan Gobetz,3/8/24,, Minors ,YP,YP,,, $ -   , $ -   , $ -   , $ -   , $ -   , $ -   , $ -   
Jaison Chourio,Ethan Gobetz,2/4/26,, Minors ,YP,YP,,, $ -   , $ -   , $ -   , $ -   , $ -   , $ -   , $ -   
Jhancarlos Lara,Ethan Gobetz,3/8/24,, Minors ,YP,YP,,, $ -   , $ -   , $ -   , $ -   , $ -   , $ -   , $ -   
Nelson Rada,Ethan Gobetz,2/27/24,, Minors ,YP, YP ,,, $ -   , $ -   , $ -   , $ -   , $ -   , $ -   , $ -   
Gunnar Henderson,Jake Zuckman & Andrew Meyers,1/27/24,, FA Contract ,"$23,000,000",3,2024,2026," $ 23,000,000 "," $ 23,000,000 "," $ 23,000,000 ",  ,  ,  ,  
Vladimir Guerrero Jr,Jake Zuckman & Andrew Meyers,1/27/25,, FA Contract ,"$20,100,000",11,2025,2035,  ," $ 20,100,000 "," $ 20,100,000 "," $ 20,100,000 "," $ 20,100,000 "," $ 20,100,000 "," $ 20,100,000 "
Brice Turang,Jake Zuckman & Andrew Meyers,2/4/26,, FA Contract ,"$20,000,000",6,2026,2031,  ,  ," $ 20,000,000 "," $ 20,000,000 "," $ 20,000,000 "," $ 20,000,000 "," $ 20,000,000 "
Owen Caissie,Jake Zuckman & Andrew Meyers,2/4/26,, FA Contract ,"$14,000,000",5,2026,2030,  ,  ," $ 14,000,000 "," $ 14,000,000 "," $ 14,000,000 "," $ 14,000,000 "," $ 14,000,000 "
Matt McLain,Jake Zuckman & Andrew Meyers,1/27/24,, FA Contract ,"$11,500,000",5,2024,2028," $ 11,500,000 "," $ 11,500,000 "," $ 11,500,000 "," $ 11,500,000 "," $ 11,500,000 ",  ,  
Max Fried,Jake Zuckman & Andrew Meyers,1/27/24,, FA Contract ,"$7,400,000",4,2024,2027," $ 7,400,000 "," $ 7,400,000 "," $ 7,400,000 "," $ 7,400,000 ",  ,  ,  
Brandon Nimmo,Jake Zuckman & Andrew Meyers,2/5/25,, FA Contract ,"$6,000,000",3,2025,2027,  ," $ 6,000,000 "," $ 6,000,000 "," $ 6,000,000 ",  ,  ,  
Cal Raleigh,Jake Zuckman & Andrew Meyers,1/29/25,, FA Contract ,"$6,000,000",3,2025,2027,  ," $ 6,000,000 "," $ 6,000,000 "," $ 6,000,000 ",  ,  ,  
Kerry Carpenter ,Jake Zuckman & Andrew Meyers,2/5/25,, FA Contract ,"$6,000,000",3,2025,2027,  ," $ 6,000,000 "," $ 6,000,000 "," $ 6,000,000 ",  ,  ,  
Wilyer Abreu,Jake Zuckman & Andrew Meyers,2/4/26,, FA Contract ,"$6,000,000",3,2026,2028,  ,  ," $ 6,000,000 "," $ 6,000,000 "," $ 6,000,000 ",  ,  
Byron Buxton,Jake Zuckman & Andrew Meyers,2/5/25,, FA Contract ,"$5,000,000",3,2025,2027,  ," $ 5,000,000 "," $ 5,000,000 "," $ 5,000,000 ",  ,  ,  
Spencer Arrighetti,Jake Zuckman & Andrew Meyers,3/5/25,, FA Contract ,"$5,000,000",2,2025,2026,  ," $ 5,000,000 "," $ 5,000,000 ",  ,  ,  ,  
Justin Martinez,Jake Zuckman & Andrew Meyers,3/5/25,, FA Contract ,"$4,000,000",2,2025,2026,  ," $ 4,000,000 "," $ 4,000,000 ",  ,  ,  ,  
Tanner Bibee,Jake Zuckman & Andrew Meyers,1/27/24,, FA Contract ,"$3,900,000",4,2024,2027," $ 3,900,000 "," $ 3,900,000 "," $ 3,900,000 "," $ 3,900,000 ",  ,  ,  
Ben Joyce,Jake Zuckman & Andrew Meyers,3/5/25,, FA Contract ,"$3,000,000",2,2025,2026,  ," $ 3,000,000 "," $ 3,000,000 ",  ,  ,  ,  
Porter Hodge,Jake Zuckman & Andrew Meyers,3/5/25,1/26/26, Dropped ,"$3,000,000",2,2025,2026,  ," $ 1,200,000 "," $ 2,400,000 ",  ,  ,  ,  
Christian Moore,Jake Zuckman & Andrew Meyers,1/29/25,, YP Contract ,YP,YP,2025,2027,  ," $ 500,000 "," $ 1,000,000 "," $ 1,500,000 ",  ,  ,  
Marcelo Mayer,Jake Zuckman & Andrew Meyers,2/21/24,, YP Contract ,YP,YP,2025,2027,  ," $ 500,000 "," $ 1,000,000 "," $ 1,500,000 ",  ,  ,  
Bryce Eldridge,Jake Zuckman & Andrew Meyers,2/21/24,, YP Contract ,YP,YP,2026,2028,  ,  ," $ 500,000 "," $ 1,000,000 "," $ 1,500,000 ",  ,  
Aidan Miller,Jake Zuckman & Andrew Meyers,2/21/24,, Minors ,YP,YP,,, $ -   , $ -   , $ -   , $ -   , $ -   , $ -   , $ -   
Andrew Fischer,Jake Zuckman & Andrew Meyers,1/28/26,, Minors ,YP,YP,,, $ -   , $ -   , $ -   , $ -   , $ -   , $ -   , $ -   
Andrew Painter,Jake Zuckman & Andrew Meyers,2/21/24,, Minors ,YP,YP,,, $ -   , $ -   , $ -   , $ -   , $ -   , $ -   , $ -   
Braden Montgomery,Jake Zuckman & Andrew Meyers,2/10/25,, Minors ,YP,YP,,, $ -   , $ -   , $ -   , $ -   , $ -   , $ -   , $ -   
Caleb Bonemer,Jake Zuckman & Andrew Meyers,1/28/26,, Minors ,YP,YP,,, $ -   , $ -   , $ -   , $ -   , $ -   , $ -   , $ -   
Dorian Soto,Jake Zuckman & Andrew Meyers,9/21/25,, Minors ,YP,YP,,, $ -   , $ -   , $ -   , $ -   , $ -   , $ -   , $ -   
Ethan Salas,Jake Zuckman & Andrew Meyers,2/21/24,, Minors ,YP,YP,,, $ -   , $ -   , $ -   , $ -   , $ -   , $ -   , $ -   
Gage Jump,Jake Zuckman & Andrew Meyers,6/8/25,, Minors ,YP, YP ,,, $ -   , $ -   , $ -   , $ -   , $ -   , $ -   , $ -   
Henry LaLane,Jake Zuckman & Andrew Meyers,2/21/24,, Minors ,YP,YP,,, $ -   , $ -   , $ -   , $ -   , $ -   , $ -   , $ -   
Jonathon Long,Jake Zuckman & Andrew Meyers,6/8/25,, Minors ,YP, YP ,,, $ -   , $ -   , $ -   , $ -   , $ -   , $ -   , $ -   
Konnor Griffin,Jake Zuckman & Andrew Meyers,1/30/25,, Minors ,YP,YP,,, $ -   , $ -   , $ -   , $ -   , $ -   , $ -   , $ -   
Kruz Schoolcraft,Jake Zuckman & Andrew Meyers,2/3/26,, Minors ,YP,YP,,, $ -   , $ -   , $ -   , $ -   , $ -   , $ -   , $ -   
Luis Hernandez,Jake Zuckman & Andrew Meyers,2/2/26,, Minors ,YP,YP,,, $ -   , $ -   , $ -   , $ -   , $ -   , $ -   , $ -   
Seong-Jun Kim,Jake Zuckman & Andrew Meyers,6/1/25,, Minors ,YP,YP,,, $ -   , $ -   , $ -   , $ -   , $ -   , $ -   , $ -   
Shotaro Morii,Jake Zuckman & Andrew Meyers,2/7/25,, Minors ,YP,YP,,, $ -   , $ -   , $ -   , $ -   , $ -   , $ -   , $ -   
Travis Sykora,Jake Zuckman & Andrew Meyers,6/1/25,, Minors ,YP,YP,,, $ -   , $ -   , $ -   , $ -   , $ -   , $ -   , $ -   
Bryce Harper,JD Barnett,1/26/26,, FA Contract ,"$28,800,000",3,2026,2028,  ,  ," $ 28,800,000 "," $ 28,800,000 "," $ 28,800,000 ",  ,  
Aaron Judge,JD Barnett,1/27/24,, FA Contract ,"$26,800,000",5,2024,2028," $ 26,800,000 "," $ 26,800,000 "," $ 26,800,000 "," $ 26,800,000 "," $ 26,800,000 ",  ,  
Corey Seager,JD Barnett,1/26/26,, FA Contract ,"$26,200,000",3,2026,2028,  ,  ," $ 26,200,000 "," $ 26,200,000 "," $ 26,200,000 ",  ,  
George Kirby,JD Barnett,1/27/26,, FA Contract ,"$19,700,000",5,2026,2030,  ,  ," $ 19,700,000 "," $ 19,700,000 "," $ 19,700,000 "," $ 19,700,000 "," $ 19,700,000 "
Andres Munoz (SEA),JD Barnett,1/29/26,, FA Contract ,"$12,000,000",4,2026,2029,  ,  ," $ 12,000,000 "," $ 12,000,000 "," $ 12,000,000 "," $ 12,000,000 ",  
Aaron Nola,JD Barnett,1/27/24,, FA Contract ,"$11,100,000",5,2024,2028," $ 11,100,000 "," $ 11,100,000 "," $ 11,100,000 "," $ 11,100,000 "," $ 11,100,000 ",  ,  
Cole Ragans,JD Barnett,1/29/25,, FA Contract ,"$11,000,000",4,2025,2028,  ," $ 11,000,000 "," $ 11,000,000 "," $ 11,000,000 "," $ 11,000,000 ",  ,  
Oneil Cruz,JD Barnett,1/27/24,, FA Contract ,"$10,100,000",5,2024,2028," $ 10,100,000 "," $ 10,100,000 "," $ 10,100,000 "," $ 10,100,000 "," $ 10,100,000 ",  ,  
Xavier Edwards,JD Barnett,2/12/25,, FA Contract ,"$9,300,000",4,2025,2028,  ," $ 9,300,000 "," $ 9,300,000 "," $ 9,300,000 "," $ 9,300,000 ",  ,  
Yandy Diaz,JD Barnett,2/4/26,, FA Contract ,"$8,800,000",3,2026,2028,  ,  ," $ 8,800,000 "," $ 8,800,000 "," $ 8,800,000 ",  ,  
Bryan Reynolds,JD Barnett,1/27/24,, FA Contract ,"$6,600,000",3,2024,2026," $ 6,600,000 "," $ 6,600,000 "," $ 6,600,000 ",  ,  ,  ,  
Shane McClanahan,JD Barnett,2/15/25,, FA Contract ,"$5,500,000",3,2025,2027,  ," $ 5,500,000 "," $ 5,500,000 "," $ 5,500,000 ",  ,  ,  
Kyle Schwarber,JD Barnett,1/29/25,, FA Contract ,"$5,200,000",2,2025,2026,  ," $ 5,200,000 "," $ 5,200,000 ",  ,  ,  ,  
Ranger Suarez,JD Barnett,8/11/25,, FA Contract ,"$5,000,000",3,2025,2027,  ," $ 5,000,000 "," $ 5,000,000 "," $ 5,000,000 ",  ,  ,  
Jack Flaherty,JD Barnett,1/31/25,, FA Contract ,"$4,700,000",2,2025,2026,  ," $ 4,700,000 "," $ 4,700,000 ",  ,  ,  ,  
Andrew Vaughn,JD Barnett,2/4/26,, FA Contract ,"$3,600,000",2,2026,2027,  ,  ," $ 3,600,000 "," $ 3,600,000 ",  ,  ,  
Jeff Hoffman,JD Barnett,3/5/25,, FA Contract ,"$3,000,000",2,2025,2026,  ," $ 3,000,000 "," $ 3,000,000 ",  ,  ,  ,  
Pete Crow-Armstrong,JD Barnett,2/21/24,, YP Contract ,YP,YP,2024,2026," $ 500,000 "," $ 1,000,000 "," $ 1,500,000 ",  ,  ,  ,  
Hyeseong Kim,JD Barnett,1/30/25,, YP Contract ,YP,YP,2025,2027,  ," $ 500,000 "," $ 1,000,000 "," $ 1,500,000 ",  ,  ,  
Zebby Matthews,JD Barnett,4/13/25,, YP Contract ,YP,YP,2025,2027,  ," $ 500,000 "," $ 1,000,000 "," $ 1,500,000 ",  ,  ,  
Abimelec Ortiz,JD Barnett,8/4/24,, Minors ,YP,YP,,, $ -   , $ -   , $ -   , $ -   , $ -   , $ -   , $ -   
Alex Freeland,JD Barnett,2/10/25,, Minors ,YP,YP,,, $ -   , $ -   , $ -   , $ -   , $ -   , $ -   , $ -   
Chase Davis,JD Barnett,3/5/24,, Minors ,YP, YP ,,, $ -   , $ -   , $ -   , $ -   , $ -   , $ -   , $ -   
Esteury Ruiz,JD Barnett,2/10/25,, Minors ,"$2,100,000",5,2024,2028, $ -   , $ -   , $ -   , $ -   , $ -   , $ -   , $ -   
Hagen Smith,JD Barnett,1/28/26,, Minors ,YP,YP,,, $ -   , $ -   , $ -   , $ -   , $ -   , $ -   , $ -   
Jarlin Susana,JD Barnett,2/16/25,, Minors ,YP,YP,,, $ -   , $ -   , $ -   , $ -   , $ -   , $ -   , $ -   
Joshua Baez,JD Barnett,1/30/26,, Minors ,YP,YP,,, $ -   , $ -   , $ -   , $ -   , $ -   , $ -   , $ -   
Robert Calaz,JD Barnett,2/7/25,, Minors ,YP,YP,,, $ -   , $ -   , $ -   , $ -   , $ -   , $ -   , $ -   
Sebastian Walcott,JD Barnett,2/26/24,, Minors ,YP, YP ,,, $ -   , $ -   , $ -   , $ -   , $ -   , $ -   , $ -   
Seth Hernandez,JD Barnett,1/27/26,, Minors ,YP,YP,,, $ -   , $ -   , $ -   , $ -   , $ -   , $ -   , $ -   
Theo Gillen,JD Barnett,2/3/26,, Minors ,YP,YP,,, $ -   , $ -   , $ -   , $ -   , $ -   , $ -   , $ -   
Zac Veen,JD Barnett,3/4/24,, Minors ,YP, YP ,,, $ -   , $ -   , $ -   , $ -   , $ -   , $ -   , $ -   
Jazz Chisholm,Kai Nelson,1/30/26,, FA Contract ,"$31,500,000",10,2026,2035,  ,  ," $ 31,500,000 "," $ 31,500,000 "," $ 31,500,000 "," $ 31,500,000 "," $ 31,500,000 "
Luis Robert Jr.,Kai Nelson,1/30/26,, FA Contract ,"$26,500,000",8,2026,2033,  ,  ," $ 26,500,000 "," $ 26,500,000 "," $ 26,500,000 "," $ 26,500,000 "," $ 26,500,000 "
Jarren Duran,Kai Nelson,1/30/26,, FA Contract ,"$25,000,000",8,2026,2033,  ,  ," $ 25,000,000 "," $ 25,000,000 "," $ 25,000,000 "," $ 25,000,000 "," $ 25,000,000 "
Josh Naylor,Kai Nelson,,, FA Contract ,"$24,000,000",6,2026,2031,  ,  ," $ 24,000,000 "," $ 24,000,000 "," $ 24,000,000 "," $ 24,000,000 "," $ 24,000,000 "
William Contreras,Kai Nelson,1/30/26,, FA Contract ,"$23,000,000",8,2026,2033,  ,  ," $ 23,000,000 "," $ 23,000,000 "," $ 23,000,000 "," $ 23,000,000 "," $ 23,000,000 "
Austin Riley,Kai Nelson,1/27/26,, FA Contract ,"$21,700,000",3,2024,2026," $ 21,700,000 "," $ 21,700,000 "," $ 21,700,000 ",  ,  ,  ,  
Blake Snell,Kai Nelson,1/6/26,, FA Contract ,"$10,500,000",5,2024,2028," $ 10,500,000 "," $ 10,500,000 "," $ 10,500,000 "," $ 10,500,000 "," $ 10,500,000 ",  ,  
Jung Hoo Lee,Kai Nelson,1/6/26,, FA Contract ,"$7,100,000",3,2025,2027,  ," $ 7,100,000 "," $ 7,100,000 "," $ 7,100,000 ",  ,  ,  
Ryan Pepiot,Kai Nelson,1/6/26,, FA Contract ,"$6,600,000",5,2024,2028," $ 6,600,000 "," $ 6,600,000 "," $ 6,600,000 "," $ 6,600,000 "," $ 6,600,000 ",  ,  
Steven Kwan,Kai Nelson,1/6/26,, FA Contract ,"$6,360,000",3,2025,2027,  ," $ 6,360,000 "," $ 6,360,000 "," $ 6,360,000 ",  ,  ,  
Alec Burleson,Kai Nelson,1/6/26,, FA Contract ,"$5,000,000",2,2025,2026,  ," $ 5,000,000 "," $ 5,000,000 ",  ,  ,  ,  
Cole Young,Kai Nelson,1/27/26,, YP Contract ,YP,YP,2025,2027,  ," $ 500,000 "," $ 1,000,000 "," $ 1,500,000 ",  ,  ,  
Jacob Melton,Kai Nelson,1/6/26,, YP Contract ,YP, YP ,2025,2027,  ," $ 500,000 "," $ 1,000,000 "," $ 1,500,000 ",  ,  ,  
Jacob Wilson,Kai Nelson,1/6/26,, YP Contract ,YP,YP,2025,2027,  ," $ 500,000 "," $ 1,000,000 "," $ 1,500,000 ",  ,  ,  
AJ Smith-Shawver,Kai Nelson,1/6/26,, YP Contract ,YP,YP,2026,2028,  ,  ," $ 500,000 "," $ 1,000,000 "," $ 1,500,000 ",  ,  
A.J. Russell,Kai Nelson,2/1/26,, Minors ,YP,YP,,, $ -   , $ -   , $ -   , $ -   , $ -   , $ -   , $ -   
Alfredo Duno,Kai Nelson,1/30/26,, Minors ,YP,YP,,, $ -   , $ -   , $ -   , $ -   , $ -   , $ -   , $ -   
Cam Caminiti,Kai Nelson,1/27/26,, Minors ,YP,YP,,, $ -   , $ -   , $ -   , $ -   , $ -   , $ -   , $ -   
Cam Leiter,Kai Nelson,2/4/26,, Minors ,YP,YP,,, $ -   , $ -   , $ -   , $ -   , $ -   , $ -   , $ -   
Charles Davalan,Kai Nelson,2/2/26,, Minors ,YP,YP,,, $ -   , $ -   , $ -   , $ -   , $ -   , $ -   , $ -   
Chase DeLauter,Kai Nelson,1/6/26,, Minors ,YP,YP,,, $ -   , $ -   , $ -   , $ -   , $ -   , $ -   , $ -   
Daniel Espino,Kai Nelson,1/6/26,, Minors ,YP,YP,,, $ -   , $ -   , $ -   , $ -   , $ -   , $ -   , $ -   
Devin Taylor,Kai Nelson,1/30/26,, Minors ,YP,YP,,, $ -   , $ -   , $ -   , $ -   , $ -   , $ -   , $ -   
Ethan Conrad,Kai Nelson,1/27/26,, Minors ,YP,YP,,, $ -   , $ -   , $ -   , $ -   , $ -   , $ -   , $ -   
Josue De Paula,Kai Nelson,1/6/26,, Minors ,YP, YP ,,, $ -   , $ -   , $ -   , $ -   , $ -   , $ -   , $ -   
Robby Snelling,Kai Nelson,1/6/26,, Minors ,YP,YP,,, $ -   , $ -   , $ -   , $ -   , $ -   , $ -   , $ -   
Chris Sale,"Max, Jake & Sam",2/3/26,, FA Contract ,"$25,700,000",3,2026,2028,  ,  ," $ 25,700,000 "," $ 25,700,000 "," $ 25,700,000 ",  ,  
Eugenio Suarez,"Max, Jake & Sam",1/30/26,, FA Contract ,"$25,100,000",1,2026,2026,  ,  ," $ 25,100,000 ",  ,  ,  ,  
Rafael Devers,"Max, Jake & Sam",1/6/26,, FA Contract ,"$22,080,000",4,2025,2028,  ," $ 22,080,000 "," $ 22,080,000 "," $ 22,080,000 "," $ 22,080,000 ",  ,  
Jordan Westburg,"Max, Jake & Sam",2/2/26,, FA Contract ,"$21,200,000",6,2026,2031,  ,  ," $ 21,200,000 "," $ 21,200,000 "," $ 21,200,000 "," $ 21,200,000 "," $ 21,200,000 "
Brent Rooker,"Max, Jake & Sam",1/26/26,, FA Contract ,"$20,600,000",4,2026,2029,  ,  ," $ 20,600,000 "," $ 20,600,000 "," $ 20,600,000 "," $ 20,600,000 ",  
Francisco Lindor,"Max, Jake & Sam",1/6/26,, FA Contract ,"$19,920,000",3,2024,2026," $ 19,920,000 "," $ 19,920,000 "," $ 19,920,000 ",  ,  ,  ,  
Logan Gilbert,"Max, Jake & Sam",1/6/26,, FA Contract ,"$16,560,000",5,2024,2028," $ 16,560,000 "," $ 16,560,000 "," $ 16,560,000 "," $ 16,560,000 "," $ 16,560,000 ",  ,  
Will Smith (C),"Max, Jake & Sam",1/28/26,, FA Contract ,"$12,100,000",4,2026,2029,  ,  ," $ 12,100,000 "," $ 12,100,000 "," $ 12,100,000 "," $ 12,100,000 ",  
Trent Grisham,"Max, Jake & Sam",2/2/26,, FA Contract ,"$8,300,000",1,2026,2026,  ,  ," $ 8,300,000 ",  ,  ,  ,  
Alejandro Kirk,"Max, Jake & Sam",2/2/26,, FA Contract ,"$7,000,000",3,2026,2028,  ,  ," $ 7,000,000 "," $ 7,000,000 "," $ 7,000,000 ",  ,  
Cristopher Sanchez,"Max, Jake & Sam",1/6/26,, FA Contract ,"$2,400,000",2,2025,2026,  ," $ 2,400,000 "," $ 2,400,000 ",  ,  ,  ,  
MacKenzie Gore,"Max, Jake & Sam",1/6/26,, FA Contract ,"$2,400,000",4,2024,2027," $ 2,400,000 "," $ 2,400,000 "," $ 2,400,000 "," $ 2,400,000 ",  ,  ,  
Brandon Sproat,"Max, Jake & Sam",1/29/26,, YP Contract ,YP,YP,2026,2028,  ,  ," $ 500,000 "," $ 1,000,000 "," $ 1,500,000 ",  ,  
Dylan Beavers,"Max, Jake & Sam",1/6/26,, YP Contract ,YP, YP ,2026,2028,  ,  ," $ 500,000 "," $ 1,000,000 "," $ 1,500,000 ",  ,  
Brody Hopkins,"Max, Jake & Sam",1/30/26,, Minors ,YP,YP,,, $ -   , $ -   , $ -   , $ -   , $ -   , $ -   , $ -   
Bryce Rainer,"Max, Jake & Sam",1/6/26,, Minors ,YP,YP,,, $ -   , $ -   , $ -   , $ -   , $ -   , $ -   , $ -   
Colt Emerson,"Max, Jake & Sam",1/30/26,, Minors ,YP,YP,,, $ -   , $ -   , $ -   , $ -   , $ -   , $ -   , $ -   
Elmer Rodriguez-Cruz,"Max, Jake & Sam",2/4/26,, Minors ,YP,YP,,, $ -   , $ -   , $ -   , $ -   , $ -   , $ -   , $ -   
George Lombard Jr,"Max, Jake & Sam",1/28/26,, Minors ,YP,YP,,, $ -   , $ -   , $ -   , $ -   , $ -   , $ -   , $ -   
Jac Caglianone,"Max, Jake & Sam",1/6/26,, Minors ,YP,YP,2025,2027, $ -   , $ -   , $ -   , $ -   , $ -   , $ -   , $ -   
Jesus Made,"Max, Jake & Sam",1/30/26,, Minors ,YP,YP,,, $ -   , $ -   , $ -   , $ -   , $ -   , $ -   , $ -   
JJ Wetherholt,"Max, Jake & Sam",1/6/26,, Minors ,YP,YP,,, $ -   , $ -   , $ -   , $ -   , $ -   , $ -   , $ -   
Leodalis De Vries,"Max, Jake & Sam",1/6/26,, Minors ,YP, YP ,,, $ -   , $ -   , $ -   , $ -   , $ -   , $ -   , $ -   
Liam Doyle,"Max, Jake & Sam",1/27/26,, Minors ,YP,YP,,, $ -   , $ -   , $ -   , $ -   , $ -   , $ -   , $ -   
Spencer Jones,"Max, Jake & Sam",1/6/26,, Minors ,YP,YP,,, $ -   , $ -   , $ -   , $ -   , $ -   , $ -   , $ -   
Zyhir Hope,"Max, Jake & Sam",1/6/26,, Minors ,YP,YP,,, $ -   , $ -   , $ -   , $ -   , $ -   , $ -   , $ -   
Juan Soto,Ross & Jack Kantor,1/27/24,, FA Contract ,"$36,000,000",5,2024,2028," $ 36,000,000 "," $ 36,000,000 "," $ 36,000,000 "," $ 36,000,000 "," $ 36,000,000 ",  ,  
Kyle Tucker,Ross & Jack Kantor,1/27/24,, FA Contract ,"$26,100,000",4,2024,2027," $ 26,100,000 "," $ 26,100,000 "," $ 26,100,000 "," $ 26,100,000 ",  ,  ,  
Trea Turner,Ross & Jack Kantor,1/27/24,, FA Contract ,"$17,800,000",3,2024,2026," $ 17,800,000 "," $ 17,800,000 "," $ 17,800,000 ",  ,  ,  ,  
Jesus Luzardo,Ross & Jack Kantor,2/4/26,, FA Contract ,"$11,800,000",4,2026,2029,  ,  ," $ 11,800,000 "," $ 11,800,000 "," $ 11,800,000 "," $ 11,800,000 ",  
Tarik Skubal,Ross & Jack Kantor,1/27/24,, FA Contract ,"$9,200,000",4,2024,2027," $ 9,200,000 "," $ 9,200,000 "," $ 9,200,000 "," $ 9,200,000 ",  ,  ,  
Jurickson Profar,Ross & Jack Kantor,2/6/25,, FA Contract ,"$6,300,000",3,2025,2027,  ," $ 6,300,000 "," $ 6,300,000 "," $ 6,300,000 ",  ,  ,  
Ramon Laureano,Ross & Jack Kantor,2/2/26,, FA Contract ,"$6,100,000",3,2026,2028,  ,  ," $ 6,100,000 "," $ 6,100,000 "," $ 6,100,000 ",  ,  
Trevor Story,Ross & Jack Kantor,2/4/26,, FA Contract ,"$6,100,000",2,2026,2027,  ,  ," $ 6,100,000 "," $ 6,100,000 ",  ,  ,  
Edwin Diaz,Ross & Jack Kantor,1/27/24,, FA Contract ,"$5,300,000",4,2024,2027," $ 5,300,000 "," $ 5,300,000 "," $ 5,300,000 "," $ 5,300,000 ",  ,  ,  
Griffin Jax,Ross & Jack Kantor,2/13/25,, FA Contract ,"$4,400,000",2,2025,2026,  ," $ 4,400,000 "," $ 4,400,000 ",  ,  ,  ,  
Joc Pederson,Ross & Jack Kantor,3/5/25,7/30/25, Dropped ,"$5,000,000",2,2025,2026,  ," $ 4,000,000 "," $ 3,000,000 ",  ,  ,  ,  
Tobias Myers,Ross & Jack Kantor,3/5/25,, FA Contract ,"$3,000,000",2,2025,2026,  ," $ 3,000,000 "," $ 3,000,000 ",  ,  ,  ,  
Reynaldo Lopez,Ross & Jack Kantor,2/15/25,, FA Contract ,"$2,200,000",2,2025,2026,  ," $ 2,200,000 "," $ 2,200,000 ",  ,  ,  ,  
Seth Lugo,Ross & Jack Kantor,1/30/25,, FA Contract ,"$2,200,000",2,2025,2026,  ," $ 2,200,000 "," $ 2,200,000 ",  ,  ,  ,  
Hunter Goodman,Ross & Jack Kantor,1/29/26,, YP Contract ,YP, YP ,2024,2026," $ 500,000 "," $ 1,000,000 "," $ 1,800,000 ",  ,  ,  ,  
Christian Scott,Ross & Jack Kantor,2/21/24,, YP Contract ,YP,YP,2024,2026," $ 500,000 "," $ 1,000,000 "," $ 1,500,000 ",  ,  ,  ,  
Noelvi Marte,Ross & Jack Kantor,2/21/24,, YP Contract ,YP,YP,2024,2026," $ 500,000 "," $ 1,000,000 "," $ 1,500,000 ",  ,  ,  ,  
Nolan Schanuel,Ross & Jack Kantor,2/21/24,, YP Contract ,YP,YP,2024,2026," $ 500,000 "," $ 1,000,000 "," $ 1,500,000 ",  ,  ,  ,  
Chandler Simpson,Ross & Jack Kantor,4/13/25,, YP Contract ,YP,YP,2025,2027,  ," $ 500,000 "," $ 1,000,000 "," $ 1,500,000 ",  ,  ,  
Hurston Waldrep,Ross & Jack Kantor,2/21/24,, YP Contract ,YP,YP,2025,2027,  ," $ 500,000 "," $ 1,000,000 "," $ 1,500,000 ",  ,  ,  
Kyle Teel ,Ross & Jack Kantor,2/26/24,, YP Contract ,YP, YP ,2025,2027,  ," $ 500,000 "," $ 1,000,000 "," $ 1,500,000 ",  ,  ,  
Luisangel Acuna ,Ross & Jack Kantor,2/21/24,, YP Contract ,YP,YP,2025,2027,  ," $ 500,000 "," $ 1,000,000 "," $ 1,500,000 ",  ,  ,  
Noah Cameron,Ross & Jack Kantor,5/4/25,, YP Contract ,YP,YP,2025,2027,  ," $ 500,000 "," $ 1,000,000 "," $ 1,500,000 ",  ,  ,  
CJ Kayfus,Ross & Jack Kantor,6/29/25,, YP Contract ,YP,YP,2026,2028,  ,  ," $ 500,000 "," $ 1,000,000 "," $ 1,500,000 ",  ,  
Harry Ford,Ross & Jack Kantor,2/21/24,, YP Contract ,YP,YP,2026,2028,  ,  ," $ 500,000 "," $ 1,000,000 "," $ 1,500,000 ",  ,  
Cam Collier,Ross & Jack Kantor,6/16/24,, Minors ,YP,YP,,, $ -   , $ -   , $ -   , $ -   , $ -   , $ -   , $ -   
Carlos LaGrange,Ross & Jack Kantor,2/2/26,, Minors ,YP,YP,,, $ -   , $ -   , $ -   , $ -   , $ -   , $ -   , $ -   
Cooper Pratt,Ross & Jack Kantor,8/17/25,, Minors ,YP, YP ,,, $ -   , $ -   , $ -   , $ -   , $ -   , $ -   , $ -   
Jackson Ferris,Ross & Jack Kantor,9/15/24,, Minors ,YP,YP,,, $ -   , $ -   , $ -   , $ -   , $ -   , $ -   , $ -   
Jacob Reimer,Ross & Jack Kantor,2/2/26,, Minors ,YP,YP,,, $ -   , $ -   , $ -   , $ -   , $ -   , $ -   , $ -   
Jaxon Wiggins,Ross & Jack Kantor,9/7/25,, Minors ,YP,YP,,, $ -   , $ -   , $ -   , $ -   , $ -   , $ -   , $ -   
Jonny Farmelo,Ross & Jack Kantor,9/7/25,, Minors ,YP,YP,,, $ -   , $ -   , $ -   , $ -   , $ -   , $ -   , $ -   
Josuar Gonzalez,Ross & Jack Kantor,1/28/26,, Minors ,YP,YP,,, $ -   , $ -   , $ -   , $ -   , $ -   , $ -   , $ -   
JR Ritchie,Ross & Jack Kantor,9/7/25,, Minors ,YP,YP,,, $ -   , $ -   , $ -   , $ -   , $ -   , $ -   , $ -   
Justin Crawford ,Ross & Jack Kantor,2/26/24,, Minors ,YP, YP ,,, $ -   , $ -   , $ -   , $ -   , $ -   , $ -   , $ -   
Michael Arroyo,Ross & Jack Kantor,7/27/25,, Minors ,YP,YP,,, $ -   , $ -   , $ -   , $ -   , $ -   , $ -   , $ -   
Mike Sirota,Ross & Jack Kantor,1/28/26,, Minors ,YP,YP,,, $ -   , $ -   , $ -   , $ -   , $ -   , $ -   , $ -   
Noah Schultz,Ross & Jack Kantor,9/7/25,, Minors ,YP,YP,,, $ -   , $ -   , $ -   , $ -   , $ -   , $ -   , $ -   
Noble Meyer,Ross & Jack Kantor,7/27/25,, Minors ,YP,YP,,, $ -   , $ -   , $ -   , $ -   , $ -   , $ -   , $ -   
Nolan McLean,Ross & Jack Kantor,5/18/25,, Minors ,YP,YP,,, $ -   , $ -   , $ -   , $ -   , $ -   , $ -   , $ -   
Quinn Mathews,Ross & Jack Kantor,1/30/25,, Minors ,YP,YP,,, $ -   , $ -   , $ -   , $ -   , $ -   , $ -   , $ -   
Termarr Johnson,Ross & Jack Kantor,2/21/24,, Minors ,YP,YP,,, $ -   , $ -   , $ -   , $ -   , $ -   , $ -   , $ -   
Ronald Acuna Jr,Steve Cornish,1/27/24,, FA Contract ,"$44,000,000",5,2024,2028," $ 44,000,000 "," $ 44,000,000 "," $ 44,000,000 "," $ 44,000,000 "," $ 44,000,000 ",  ,  
Colson Montgomery,Steve Cornish,1/28/26,, FA Contract ,"$23,000,000",8,2026,2033,  ,  ," $ 23,000,000 "," $ 23,000,000 "," $ 23,000,000 "," $ 23,000,000 "," $ 23,000,000 "
Adley Rutschman,Steve Cornish,1/28/26,, FA Contract ,"$22,500,000",6,2026,2031,  ,  ," $ 22,500,000 "," $ 22,500,000 "," $ 22,500,000 "," $ 22,500,000 "," $ 22,500,000 "
Geraldo Perdomo,Steve Cornish,1/28/26,, FA Contract ,"$19,500,000",5,2026,2030,  ,  ," $ 19,500,000 "," $ 19,500,000 "," $ 19,500,000 "," $ 19,500,000 "," $ 19,500,000 "
Pablo Lopez,Steve Cornish,1/27/24,, FA Contract ,"$12,600,000",5,2024,2028," $ 12,600,000 "," $ 12,600,000 "," $ 12,600,000 "," $ 12,600,000 "," $ 12,600,000 ",  ,  
Ian Happ,Steve Cornish,1/28/26,, FA Contract ,"$12,000,000",3,2026,2028,  ,  ," $ 12,000,000 "," $ 12,000,000 "," $ 12,000,000 ",  ,  
Kodai Senga,Steve Cornish,2/3/26,, FA Contract ,"$8,200,000",2,2026,2027,  ,  ," $ 8,200,000 "," $ 8,200,000 ",  ,  ,  
Teoscar Hernandez,Steve Cornish,1/26/26,, FA Contract ,"$8,000,000",2,2026,2027,  ,  ," $ 8,000,000 "," $ 8,000,000 ",  ,  ,  
Sean Manaea,Steve Cornish,2/5/25,, FA Contract ,"$7,000,000",2,2025,2026,  ," $ 7,000,000 "," $ 7,000,000 ",  ,  ,  ,  
Brenton Doyle,Steve Cornish,2/10/25,, FA Contract ,"$6,500,000",3,2025,2027,  ," $ 6,500,000 "," $ 6,500,000 "," $ 6,500,000 ",  ,  ,  
Tanner Houck,Steve Cornish,2/5/25,, FA Contract ,"$6,100,000",3,2025,2027,  ," $ 6,100,000 "," $ 6,100,000 "," $ 6,100,000 ",  ,  ,  
Jeremy Pena ,Steve Cornish,1/27/26,, FA Contract ,"$6,000,000",2,2025,2026,  ," $ 6,000,000 "," $ 6,000,000 ",  ,  ,  ,  
Nico Hoerner,Steve Cornish,1/27/24,, FA Contract ,"$5,000,000",3,2024,2026," $ 5,000,000 "," $ 5,000,000 "," $ 5,000,000 ",  ,  ,  ,  
Sonny Gray,Steve Cornish,2/7/25,, FA Contract ,"$4,200,000",2,2025,2026,  ," $ 4,200,000 "," $ 4,200,000 ",  ,  ,  ,  
CJ Abrams,Steve Cornish,1/27/24,, FA Contract ,"$4,100,000",4,2024,2027," $ 4,100,000 "," $ 4,100,000 "," $ 4,100,000 "," $ 4,100,000 ",  ,  ,  
Gleyber Torres,Steve Cornish,2/10/25,, FA Contract ,"$3,700,000",2,2025,2026,  ," $ 3,700,000 "," $ 3,700,000 ",  ,  ,  ,  
Jhoan Duran,Steve Cornish,2/3/25,, FA Contract ,"$2,400,000",2,2025,2026,  ," $ 2,400,000 "," $ 2,400,000 ",  ,  ,  ,  
Wyatt Langford,Steve Cornish,2/21/24,, YP Contract ,YP,YP,2024,2026," $ 500,000 "," $ 1,000,000 "," $ 1,500,000 ",  ,  ,  ,  
Brady House ,Steve Cornish,2/21/24,, YP Contract ,YP,YP,2025,2027,  ," $ 500,000 "," $ 1,000,000 "," $ 1,500,000 ",  ,  ,  
Cade Horton,Steve Cornish,2/21/24,, YP Contract ,YP,YP,2025,2027,  ," $ 500,000 "," $ 1,000,000 "," $ 1,500,000 ",  ,  ,  
Jackson Jobe,Steve Cornish,2/21/24,, YP Contract ,YP,YP,2025,2027,  ," $ 500,000 "," $ 1,000,000 "," $ 1,500,000 ",  ,  ,  
Jasson Dominguez,Steve Cornish,2/21/24,, YP Contract ,YP,YP,2025,2027,  ," $ 500,000 "," $ 1,000,000 "," $ 1,500,000 ",  ,  ,  
Matt Shaw ,Steve Cornish,2/21/24,, YP Contract ,YP,YP,2025,2027,  ," $ 500,000 "," $ 1,000,000 "," $ 1,500,000 ",  ,  ,  
Rhett Lowder,Steve Cornish,2/21/24,, YP Contract ,YP,YP,2025,2027,  ," $ 500,000 "," $ 1,000,000 "," $ 1,500,000 ",  ,  ,  
Tyler Locklear,Steve Cornish,2/21/24,, YP Contract ,YP,YP,2025,2027,  ," $ 500,000 "," $ 1,000,000 "," $ 1,500,000 ",  ,  ,  
Zach Dezenzo,Steve Cornish,3/3/24,, YP Contract ,YP, YP ,2025,2027,  ," $ 500,000 "," $ 1,000,000 "," $ 1,500,000 ",  ,  ,  
Aiva Arquette,Steve Cornish,1/27/26,, Minors ,YP,YP,,, $ -   , $ -   , $ -   , $ -   , $ -   , $ -   , $ -   
Blaze Jordan,Steve Cornish,7/29/24,, Minors ,YP,YP,,, $ -   , $ -   , $ -   , $ -   , $ -   , $ -   , $ -   
Bubba Chandler,Steve Cornish,2/21/24,, Minors ,YP,YP,,, $ -   , $ -   , $ -   , $ -   , $ -   , $ -   , $ -   
Charlie Condon,Steve Cornish,1/28/25,, Minors ,YP,YP,,, $ -   , $ -   , $ -   , $ -   , $ -   , $ -   , $ -   
Christian Oppor,Steve Cornish,2/3/26,, Minors ,YP,YP,,, $ -   , $ -   , $ -   , $ -   , $ -   , $ -   , $ -   
Dylan Lesko,Steve Cornish,2/21/24,, Minors ,YP,YP,,, $ -   , $ -   , $ -   , $ -   , $ -   , $ -   , $ -   
Gage Wood,Steve Cornish,1/29/26,, Minors ,YP,YP,,, $ -   , $ -   , $ -   , $ -   , $ -   , $ -   , $ -   
Patrick Forbes,Steve Cornish,1/29/26,, Minors ,YP,YP,,, $ -   , $ -   , $ -   , $ -   , $ -   , $ -   , $ -   
Riley Quick,Steve Cornish,2/2/26,, Minors ,YP,YP,,, $ -   , $ -   , $ -   , $ -   , $ -   , $ -   , $ -   
Tekoah Roby,Steve Cornish,2/21/24,, Minors ,YP,YP,,, $ -   , $ -   , $ -   , $ -   , $ -   , $ -   , $ -   
Walker Jenkins ,Steve Cornish,2/21/24,, Minors ,YP,YP,,, $ -   , $ -   , $ -   , $ -   , $ -   , $ -   , $ -   
Shohei Ohtani,Tyler Hart,1/27/24,, FA Contract ,"$34,500,000",5,2024,2028," $ 34,500,000 "," $ 34,500,000 "," $ 34,500,000 "," $ 34,500,000 "," $ 34,500,000 ",  ,  
Fernando Tatis Jr,Tyler Hart,1/27/24,, FA Contract ,"$25,700,000",4,2024,2027," $ 25,700,000 "," $ 25,700,000 "," $ 25,700,000 "," $ 25,700,000 ",  ,  ,  
Matt Olson,Tyler Hart,1/27/24,, FA Contract ,"$24,000,000",4,2024,2027," $ 24,000,000 "," $ 24,000,000 "," $ 24,000,000 "," $ 24,000,000 ",  ,  ,  
Roki Sasaki,Tyler Hart,1/28/25,, FA Contract ,"$23,000,000",12,2025,2036,  ," $ 23,000,000 "," $ 23,000,000 "," $ 23,000,000 "," $ 23,000,000 "," $ 23,000,000 "," $ 23,000,000 "
Tatsuya Imai,Tyler Hart,1/27/26,, FA Contract ,"$19,600,000",5,2026,2030,  ,  ," $ 19,600,000 "," $ 19,600,000 "," $ 19,600,000 "," $ 19,600,000 "," $ 19,600,000 "
Framber Valdez,Tyler Hart,2/3/26,, FA Contract ,"$18,200,000",5,2026,2030,  ,  ," $ 18,200,000 "," $ 18,200,000 "," $ 18,200,000 "," $ 18,200,000 "," $ 18,200,000 "
Moises Ballesteros,Tyler Hart,2/2/26,, FA Contract ,"$16,100,000",5,2026,2030,  ,  ," $ 16,100,000 "," $ 16,100,000 "," $ 16,100,000 "," $ 16,100,000 "," $ 16,100,000 "
Willy Adames,Tyler Hart,2/3/26,, FA Contract ,"$14,200,000",5,2026,2030,  ,  ," $ 14,200,000 "," $ 14,200,000 "," $ 14,200,000 "," $ 14,200,000 "," $ 14,200,000 "
Paul Goldschmidt,Tyler Hart,1/27/24,, FA Contract ,"$11,500,000",3,2024,2026," $ 11,500,000 "," $ 11,500,000 "," $ 11,500,000 ",  ,  ,  ,  
Devin Williams,Tyler Hart,1/29/26,, FA Contract ,"$9,800,000",3,2026,2028,  ,  ," $ 9,800,000 "," $ 9,800,000 "," $ 9,800,000 ",  ,  
Grayson Rodriguez,Tyler Hart,1/27/24,, FA Contract ,"$9,100,000",3,2024,2026," $ 9,100,000 "," $ 9,100,000 "," $ 9,100,000 ",  ,  ,  ,  
Manny Machado,Tyler Hart,1/27/24,, FA Contract ,"$8,500,000",4,2024,2027," $ 8,500,000 "," $ 8,500,000 "," $ 8,500,000 "," $ 8,500,000 ",  ,  ,  
Freddy Peralta,Tyler Hart,1/27/24,, FA Contract ,"$7,500,000",4,2024,2027," $ 7,500,000 "," $ 7,500,000 "," $ 7,500,000 "," $ 7,500,000 ",  ,  ,  
Spencer Schwellenbach,Tyler Hart,2/7/25,, FA Contract ,"$7,300,000",3,2025,2027,  ," $ 7,300,000 "," $ 7,300,000 "," $ 7,300,000 ",  ,  ,  
Randy Arozarena,Tyler Hart,1/27/24,, FA Contract ,"$7,000,000",4,2024,2027," $ 7,000,000 "," $ 7,000,000 "," $ 7,000,000 "," $ 7,000,000 ",  ,  ,  
Tanner Scott,Tyler Hart,2/13/25,, FA Contract ,"$6,700,000",3,2025,2027,  ," $ 6,700,000 "," $ 6,700,000 "," $ 6,700,000 ",  ,  ,  
Jackson Chourio,Tyler Hart,1/27/24,, FA Contract ,"$6,500,000",3,2024,2026," $ 6,500,000 "," $ 6,500,000 "," $ 6,500,000 ",  ,  ,  ,  
Ha-Seong Kim,Tyler Hart,1/27/24,, FA Contract ,"$5,100,000",3,2024,2026," $ 5,100,000 "," $ 5,100,000 "," $ 5,100,000 ",  ,  ,  ,  
Jonathan India,Tyler Hart,2/13/25,, FA Contract ,"$5,100,000",3,2025,2027,  ," $ 5,100,000 "," $ 5,100,000 "," $ 5,100,000 ",  ,  ,  
Lucas Erceg,Tyler Hart,2/4/25,, FA Contract ,"$4,400,000",2,2025,2026,  ," $ 4,400,000 "," $ 4,400,000 ",  ,  ,  ,  
Bryan Abreu,Tyler Hart,9/2/24,, FA Contract ,"$4,000,000",2,2025,2026,  ," $ 4,000,000 "," $ 4,000,000 ",  ,  ,  ,  
Andy Pages,Tyler Hart,5/12/24,, YP Contract ,YP,YP,2024,2026," $ 500,000 "," $ 1,000,000 "," $ 1,500,000 ",  ,  ,  ,  
Junior Caminero ,Tyler Hart,2/21/24,, YP Contract ,YP, YP ,2024,2026," $ 500,000 "," $ 1,000,000 "," $ 1,500,000 ",  ,  ,  ,  
Shota Imanaga ,Tyler Hart,2/21/24,, YP Contract ,YP,YP,2024,2026," $ 500,000 "," $ 1,000,000 "," $ 1,500,000 ",  ,  ,  ,  
Agustin Ramirez,Tyler Hart,7/28/24,, YP Contract ,YP, YP ,2025,2027,  ," $ 500,000 "," $ 1,000,000 "," $ 1,500,000 ",  ,  ,  
Nick Kurtz,Tyler Hart,1/29/25,, YP Contract ,YP,YP,2025,2027,  ," $ 500,000 "," $ 1,000,000 "," $ 1,500,000 ",  ,  ,  
Thomas Saggese,Tyler Hart,2/24/24,, YP Contract ,YP, YP ,2025,2027,  ," $ 500,000 "," $ 1,000,000 "," $ 1,500,000 ",  ,  ,  
Sal Stewart,Tyler Hart,4/27/25,, YP Contract ,YP,YP,2026,2028,  ,  ," $ 500,000 "," $ 1,000,000 "," $ 1,500,000 ",  ,  
Samuel Basallo,Tyler Hart,2/21/24,, YP Contract ,YP,YP,2026,2028,  ,  ," $ 500,000 "," $ 1,000,000 "," $ 1,500,000 ",  ,  
Aron Estrada,Tyler Hart,8/24/25,, Minors ,YP,YP,,, $ -   , $ -   , $ -   , $ -   , $ -   , $ -   , $ -   
Edward Florentino,Tyler Hart,8/24/25,, Minors ,YP,YP,,, $ -   , $ -   , $ -   , $ -   , $ -   , $ -   , $ -   
Emmanuel Rodriguez,Tyler Hart,1/30/26,, Minors ,YP,YP,,, $ -   , $ -   , $ -   , $ -   , $ -   , $ -   , $ -   
Franklin Arias,Tyler Hart,2/7/25,, Minors ,YP,YP,,, $ -   , $ -   , $ -   , $ -   , $ -   , $ -   , $ -   
Jeral Perez,Tyler Hart,5/12/24,, Minors ,YP,YP,,, $ -   , $ -   , $ -   , $ -   , $ -   , $ -   , $ -   
Jett Williams,Tyler Hart,1/30/26,, Minors ,YP,YP,,, $ -   , $ -   , $ -   , $ -   , $ -   , $ -   , $ -   
Lazaro Montes,Tyler Hart,2/21/24,, Minors ,YP,YP,,, $ -   , $ -   , $ -   , $ -   , $ -   , $ -   , $ -   
Luis Pena,Tyler Hart,4/13/25,, Minors ,YP,YP,,, $ -   , $ -   , $ -   , $ -   , $ -   , $ -   , $ -   
Luke Adams,Tyler Hart,8/24/25,, Minors ,YP,YP,,, $ -   , $ -   , $ -   , $ -   , $ -   , $ -   , $ -   
Nate George,Tyler Hart,1/31/26,, Minors ,YP,YP,,, $ -   , $ -   , $ -   , $ -   , $ -   , $ -   , $ -   
Rainiel Rodriguez,Tyler Hart,8/17/25,, Minors ,YP,YP,,, $ -   , $ -   , $ -   , $ -   , $ -   , $ -   , $ -   
Trey Gibson,Tyler Hart,8/24/25,, Minors ,YP,YP,,, $ -   , $ -   , $ -   , $ -   , $ -   , $ -   , $ -   
Bryan Woo,Zack Semler,1/27/26,, FA Contract ,"$36,500,000",15,2026,2040,  ,  ," $ 36,500,000 "," $ 36,500,000 "," $ 36,500,000 "," $ 36,500,000 "," $ 36,500,000 "
Hunter Greene,Zack Semler,1/27/26,, FA Contract ,"$36,500,000",15,2026,2040,  ,  ," $ 36,500,000 "," $ 36,500,000 "," $ 36,500,000 "," $ 36,500,000 "," $ 36,500,000 "
Sal Frelick,Zack Semler,1/28/26,, FA Contract ,"$20,100,000",6,2026,2031,  ,  ," $ 20,100,000 "," $ 20,100,000 "," $ 20,100,000 "," $ 20,100,000 "," $ 20,100,000 "
Mason Miller ,Zack Semler,1/29/26,, FA Contract ,"$18,400,000",7,2026,2032,  ,  ," $ 18,400,000 "," $ 18,400,000 "," $ 18,400,000 "," $ 18,400,000 "," $ 18,400,000 "
Zac Gallen,Zack Semler,1/27/24,, FA Contract ,"$17,600,000",3,2024,2026," $ 17,600,000 "," $ 17,600,000 "," $ 17,600,000 ",  ,  ,  ,  
Jose Altuve,Zack Semler,1/27/24,, FA Contract ,"$11,000,000",4,2024,2027," $ 11,000,000 "," $ 11,000,000 "," $ 11,000,000 "," $ 11,000,000 ",  ,  ,  
Bo Bichette,Zack Semler,1/27/24,, FA Contract ,"$10,600,000",5,2024,2028," $ 10,600,000 "," $ 10,600,000 "," $ 10,600,000 "," $ 10,600,000 "," $ 10,600,000 ",  ,  
Luis Arraez,Zack Semler,1/27/24,, FA Contract ,"$10,300,000",5,2024,2028," $ 10,300,000 "," $ 10,300,000 "," $ 10,300,000 "," $ 10,300,000 "," $ 10,300,000 ",  ,  
Lawrence Butler,Zack Semler,2/4/26,, FA Contract ,"$7,200,000",3,2025,2027,  ," $ 7,200,000 "," $ 7,200,000 "," $ 7,200,000 ",  ,  ,  
Royce Lewis,Zack Semler,1/27/24,, FA Contract ,"$5,500,000",4,2024,2027," $ 5,500,000 "," $ 5,500,000 "," $ 5,500,000 "," $ 5,500,000 ",  ,  ,  
Ben Rice,Zack Semler,2/21/24,, YP Contract ,YP,YP,2024,2026," $ 500,000 "," $ 1,000,000 "," $ 1,500,000 ",  ,  ,  ,  
Michael Busch,Zack Semler,2/21/24,, YP Contract ,YP,YP,2024,2026," $ 500,000 "," $ 1,000,000 "," $ 1,500,000 ",  ,  ,  ,  
Cam Schlittler,Zack Semler,6/29/25,, YP Contract ,YP,YP,2025,2027,  ," $ 500,000 "," $ 1,000,000 "," $ 1,500,000 ",  ,  ,  
Edgardo Henriquez,Zack Semler,4/27/25,, YP Contract ,YP,YP,2025,2027,  ," $ 500,000 "," $ 1,000,000 "," $ 1,500,000 ",  ,  ,  
Robert Gasser,Zack Semler,2/21/24,, YP Contract ,YP,YP,2025,2027,  ," $ 500,000 "," $ 1,000,000 "," $ 1,500,000 ",  ,  ,  
Alex Clemmey,Zack Semler,3/1/24,, Minors ,YP, YP ,,, $ -   , $ -   , $ -   , $ -   , $ -   , $ -   , $ -   
Ching-Hsien Ko,Zack Semler,8/3/25,, Minors ,YP,YP,,, $ -   , $ -   , $ -   , $ -   , $ -   , $ -   , $ -   
Dax Kilby,Zack Semler,1/27/26,, Minors ,YP,YP,,, $ -   , $ -   , $ -   , $ -   , $ -   , $ -   , $ -   
Deyvison De Los Santos,Zack Semler,6/8/25,, Minors ,YP,YP,,, $ -   , $ -   , $ -   , $ -   , $ -   , $ -   , $ -   
Eduardo Tait,Zack Semler,8/3/25,, Minors ,YP,YP,,, $ -   , $ -   , $ -   , $ -   , $ -   , $ -   , $ -   
Elian Pena,Zack Semler,8/24/25,, Minors ,YP,YP,,, $ -   , $ -   , $ -   , $ -   , $ -   , $ -   , $ -   
Felnin Celesten,Zack Semler,4/27/25,, Minors ,YP,YP,,, $ -   , $ -   , $ -   , $ -   , $ -   , $ -   , $ -   
Jace LaViolette,Zack Semler,1/29/26,, Minors ,YP,YP,,, $ -   , $ -   , $ -   , $ -   , $ -   , $ -   , $ -   
Josh Hammond,Zack Semler,1/30/26,, Minors ,YP,YP,,, $ -   , $ -   , $ -   , $ -   , $ -   , $ -   , $ -   
Jurrangelo Cijntje,Zack Semler,6/22/25,, Minors ,YP,YP,,, $ -   , $ -   , $ -   , $ -   , $ -   , $ -   , $ -   
Kevin McGonigle,Zack Semler,4/12/25,, Minors ,YP, YP ,,, $ -   , $ -   , $ -   , $ -   , $ -   , $ -   , $ -   
Kyson Witherspoon,Zack Semler,1/29/26,, Minors ,YP,YP,,, $ -   , $ -   , $ -   , $ -   , $ -   , $ -   , $ -   
Orelvis Martinez,Zack Semler,2/21/24,, Minors ,YP,YP,,, $ -   , $ -   , $ -   , $ -   , $ -   , $ -   , $ -   
Sammy Stafura,Zack Semler,4/13/25,, Minors ,YP,YP,,, $ -   , $ -   , $ -   , $ -   , $ -   , $ -   , $ -   
Wei-en Lin,Zack Semler,2/3/26,, Minors ,YP,YP,,, $ -   , $ -   , $ -   , $ -   , $ -   , $ -   , $ -   
Wilfred Veras,Zack Semler,2/27/24,, Minors ,YP, YP ,,, $ -   , $ -   , $ -   , $ -   , $ -   , $ -   , $ -   